row_index,record_id,y,split
0,R00000,0,test
1,R00001,0,test
2,R00002,0,val
3,R00003,0,val
4,R00004,0,val
5,R00005,0,train
6,R00006,0,test
7,R00007,0,train
8,R00008,0,train
9,R00009,0,train
10,R00010,0,val
11,R00011,0,train
12,R00012,0,train
13,R00013,0,val
14,R00014,0,train
15,R00015,0,train
16,R00016,0,train
17,R00017,0,train
18,R00018,0,test
19,R00019,0,train
20,R00020,0,train
21,R00021,0,train
22,R00022,0,train
23,R00023,0,train
24,R00024,0,train
25,R00025,0,train
26,R00026,0,train
27,R00027,0,train
28,R00028,0,train
29,R00029,0,train
30,R00030,0,train
31,R00031,0,train
32,R00032,0,test
33,R00033,0,train
34,R00034,0,train
35,R00035,0,val
36,R00036,0,train
37,R00037,0,train
38,R00038,0,train
39,R00039,0,train
40,R00040,0,test
41,R00041,1,train
42,R00042,0,train
43,R00043,0,train
44,R00044,0,train
45,R00045,1,train
46,R00046,0,train
47,R00047,0,train
48,R00048,0,train
49,R00049,0,test
50,R00050,0,train
51,R00051,0,train
52,R00052,0,train
53,R00053,0,train
54,R00054,0,train
55,R00055,0,train
56,R00056,0,train
57,R00057,1,test
58,R00058,0,train
59,R00059,0,train
60,R00060,0,train
61,R00061,0,val
62,R00062,0,test
63,R00063,0,train
64,R00064,0,train
65,R00065,0,train
66,R00066,0,test
67,R00067,0,val
68,R00068,0,test
69,R00069,0,train
70,R00070,0,train
71,R00071,0,test
72,R00072,0,train
73,R00073,0,val
74,R00074,0,test
75,R00075,0,train
76,R00076,0,train
77,R00077,0,train
78,R00078,0,val
79,R00079,0,train
80,R00080,0,train
81,R00081,0,train
82,R00082,0,train
83,R00083,0,train
84,R00084,0,train
85,R00085,0,val
86,R00086,0,train
87,R00087,0,train
88,R00088,0,test
89,R00089,0,train
90,R00090,0,test
91,R00091,0,train
92,R00092,0,val
93,R00093,0,train
94,R00094,0,train
95,R00095,0,train
96,R00096,0,train
97,R00097,1,test
98,R00098,1,train
99,R00099,0,val
100,R00100,0,train
101,R00101,0,test
102,R00102,0,train
103,R00103,0,train
104,R00104,0,test
105,R00105,0,train
106,R00106,0,val
107,R00107,0,train
108,R00108,0,train
109,R00109,0,train
110,R00110,0,train
111,R00111,0,test
112,R00112,0,train
113,R00113,0,test
114,R00114,0,train
115,R00115,0,train
116,R00116,0,test
117,R00117,0,train
118,R00118,0,train
119,R00119,0,test
120,R00120,0,train
121,R00121,0,train
122,R00122,0,train
123,R00123,0,val
124,R00124,0,train
125,R00125,0,test
126,R00126,0,train
127,R00127,1,train
128,R00128,0,train
129,R00129,0,train
130,R00130,0,train
131,R00131,0,train
132,R00132,0,train
133,R00133,0,train
134,R00134,0,test
135,R00135,0,test
136,R00136,0,test
137,R00137,0,train
138,R00138,0,train
139,R00139,0,train
140,R00140,0,train
141,R00141,0,train
142,R00142,0,train
143,R00143,0,train
144,R00144,0,train
145,R00145,0,train
146,R00146,0,train
147,R00147,0,train
148,R00148,0,train
149,R00149,1,val
150,R00150,1,train
151,R00151,0,train
152,R00152,0,test
153,R00153,0,train
154,R00154,0,train
155,R00155,0,train
156,R00156,0,val
157,R00157,0,train
158,R00158,0,train
159,R00159,0,train
160,R00160,0,test
161,R00161,0,val
162,R00162,0,train
163,R00163,0,train
164,R00164,0,train
165,R00165,0,test
166,R00166,0,train
167,R00167,0,test
168,R00168,0,train
169,R00169,0,train
170,R00170,0,train
171,R00171,0,train
172,R00172,0,train
173,R00173,0,val
174,R00174,1,train
175,R00175,0,train
176,R00176,0,train
177,R00177,0,train
178,R00178,0,train
179,R00179,1,train
180,R00180,0,train
181,R00181,0,train
182,R00182,0,val
183,R00183,0,val
184,R00184,0,train
185,R00185,0,train
186,R00186,0,train
187,R00187,0,train
188,R00188,0,val
189,R00189,0,train
190,R00190,0,train
191,R00191,0,train
192,R00192,0,test
193,R00193,0,train
194,R00194,1,test
195,R00195,0,val
196,R00196,0,train
197,R00197,0,train
198,R00198,0,train
199,R00199,0,test
200,R00200,0,val
201,R00201,0,val
202,R00202,0,val
203,R00203,1,val
204,R00204,0,test
205,R00205,0,train
206,R00206,0,train
207,R00207,0,train
208,R00208,0,train
209,R00209,0,test
210,R00210,0,test
211,R00211,0,val
212,R00212,0,train
213,R00213,0,train
214,R00214,0,train
215,R00215,0,train
216,R00216,0,train
217,R00217,0,train
218,R00218,0,train
219,R00219,0,train
220,R00220,0,val
221,R00221,0,train
222,R00222,0,test
223,R00223,0,train
224,R00224,0,train
225,R00225,0,test
226,R00226,1,train
227,R00227,0,val
228,R00228,0,train
229,R00229,0,train
230,R00230,0,train
231,R00231,0,test
232,R00232,0,train
233,R00233,0,val
234,R00234,1,train
235,R00235,1,train
236,R00236,0,train
237,R00237,0,train
238,R00238,0,train
239,R00239,0,val
240,R00240,0,train
241,R00241,0,train
242,R00242,0,train
243,R00243,0,train
244,R00244,0,test
245,R00245,0,val
246,R00246,1,train
247,R00247,0,train
248,R00248,1,train
249,R00249,0,test
250,R00250,0,train
251,R00251,0,train
252,R00252,0,train
253,R00253,1,train
254,R00254,0,train
255,R00255,0,train
256,R00256,0,train
257,R00257,0,train
258,R00258,0,val
259,R00259,0,val
260,R00260,0,train
261,R00261,0,test
262,R00262,0,train
263,R00263,0,train
264,R00264,0,test
265,R00265,0,train
266,R00266,0,train
267,R00267,0,train
268,R00268,0,train
269,R00269,0,train
270,R00270,0,train
271,R00271,0,test
272,R00272,0,val
273,R00273,0,train
274,R00274,0,train
275,R00275,0,val
276,R00276,0,train
277,R00277,0,train
278,R00278,0,train
279,R00279,0,train
280,R00280,0,val
281,R00281,1,test
282,R00282,0,train
283,R00283,0,train
284,R00284,0,test
285,R00285,0,train
286,R00286,0,val
287,R00287,0,test
288,R00288,0,train
289,R00289,0,train
290,R00290,0,train
291,R00291,0,train
292,R00292,0,train
293,R00293,0,test
294,R00294,0,train
295,R00295,0,val
296,R00296,0,train
297,R00297,1,train
298,R00298,0,train
299,R00299,0,train
300,R00300,0,val
301,R00301,0,train
302,R00302,0,test
303,R00303,0,train
304,R00304,0,train
305,R00305,0,train
306,R00306,0,train
307,R00307,0,train
308,R00308,0,train
309,R00309,0,train
310,R00310,0,val
311,R00311,0,test
312,R00312,0,train
313,R00313,1,train
314,R00314,0,train
315,R00315,0,train
316,R00316,0,train
317,R00317,0,train
318,R00318,1,train
319,R00319,0,train
320,R00320,0,val
321,R00321,0,test
322,R00322,0,train
323,R00323,0,train
324,R00324,0,test
325,R00325,0,test
326,R00326,0,train
327,R00327,0,train
328,R00328,0,train
329,R00329,0,train
330,R00330,0,test
331,R00331,0,val
332,R00332,0,val
333,R00333,0,train
334,R00334,0,train
335,R00335,1,train
336,R00336,1,train
337,R00337,0,train
338,R00338,0,train
339,R00339,0,train
340,R00340,0,train
341,R00341,0,train
342,R00342,0,val
343,R00343,0,train
344,R00344,0,test
345,R00345,0,train
346,R00346,0,train
347,R00347,0,train
348,R00348,0,train
349,R00349,0,train
350,R00350,0,val
351,R00351,0,val
352,R00352,0,train
353,R00353,0,test
354,R00354,0,train
355,R00355,0,train
356,R00356,1,train
357,R00357,0,val
358,R00358,0,test
359,R00359,0,train
360,R00360,0,train
361,R00361,0,test
362,R00362,0,test
363,R00363,0,train
364,R00364,0,test
365,R00365,0,test
366,R00366,0,train
367,R00367,0,train
368,R00368,0,train
369,R00369,0,test
370,R00370,0,test
371,R00371,0,test
372,R00372,0,train
373,R00373,0,val
374,R00374,0,test
375,R00375,0,train
376,R00376,0,train
377,R00377,0,val
378,R00378,0,test
379,R00379,0,train
380,R00380,0,train
381,R00381,0,train
382,R00382,0,train
383,R00383,0,val
384,R00384,0,val
385,R00385,0,train
386,R00386,0,train
387,R00387,0,train
388,R00388,0,test
389,R00389,0,train
390,R00390,0,train
391,R00391,0,train
392,R00392,0,train
393,R00393,0,val
394,R00394,0,train
395,R00395,0,train
396,R00396,0,train
397,R00397,0,train
398,R00398,0,test
399,R00399,0,test
400,R00400,1,test
401,R00401,0,train
402,R00402,0,train
403,R00403,1,val
404,R00404,0,train
405,R00405,0,val
406,R00406,0,train
407,R00407,0,train
408,R00408,0,train
409,R00409,0,test
410,R00410,0,train
411,R00411,0,train
412,R00412,0,test
413,R00413,0,train
414,R00414,0,train
415,R00415,0,train
416,R00416,0,val
417,R00417,0,train
418,R00418,0,val
419,R00419,0,train
420,R00420,0,train
421,R00421,0,train
422,R00422,0,train
423,R00423,0,test
424,R00424,0,train
425,R00425,0,train
426,R00426,1,train
427,R00427,0,train
428,R00428,0,test
429,R00429,0,test
430,R00430,0,train
431,R00431,0,train
432,R00432,0,train
433,R00433,0,train
434,R00434,0,train
435,R00435,0,train
436,R00436,0,test
437,R00437,0,train
438,R00438,0,train
439,R00439,1,test
440,R00440,0,test
441,R00441,0,train
442,R00442,0,train
443,R00443,0,train
444,R00444,1,test
445,R00445,0,test
446,R00446,0,train
447,R00447,0,train
448,R00448,0,train
449,R00449,0,test
450,R00450,0,train
451,R00451,0,test
452,R00452,0,train
453,R00453,0,val
454,R00454,0,train
455,R00455,0,train
456,R00456,0,train
457,R00457,0,train
458,R00458,0,train
459,R00459,0,val
460,R00460,0,val
461,R00461,0,train
462,R00462,0,train
463,R00463,0,test
464,R00464,0,train
465,R00465,0,train
466,R00466,0,train
467,R00467,0,test
468,R00468,0,train
469,R00469,0,train
470,R00470,0,train
471,R00471,0,train
472,R00472,0,train
473,R00473,0,val
474,R00474,0,train
475,R00475,0,val
476,R00476,0,val
477,R00477,0,test
478,R00478,0,train
479,R00479,0,train
480,R00480,1,train
481,R00481,0,train
482,R00482,0,train
483,R00483,0,train
484,R00484,0,train
485,R00485,0,train
486,R00486,0,test
487,R00487,0,train
488,R00488,0,val
489,R00489,0,train
490,R00490,0,test
491,R00491,0,test
492,R00492,0,train
493,R00493,0,train
494,R00494,0,test
495,R00495,0,test
496,R00496,0,train
497,R00497,0,train
498,R00498,0,train
499,R00499,0,train
500,R00500,0,train
501,R00501,0,train
502,R00502,0,test
503,R00503,0,train
504,R00504,1,train
505,R00505,0,test
506,R00506,0,train
507,R00507,0,train
508,R00508,0,test
509,R00509,0,train
510,R00510,1,train
511,R00511,0,test
512,R00512,0,val
513,R00513,0,train
514,R00514,0,train
515,R00515,0,train
516,R00516,0,test
517,R00517,0,train
518,R00518,0,val
519,R00519,0,train
520,R00520,0,train
521,R00521,0,train
522,R00522,0,train
523,R00523,0,train
524,R00524,0,train
525,R00525,0,val
526,R00526,0,train
527,R00527,0,train
528,R00528,0,train
529,R00529,0,train
530,R00530,0,train
531,R00531,0,train
532,R00532,0,test
533,R00533,0,train
534,R00534,0,train
535,R00535,0,train
536,R00536,0,train
537,R00537,0,train
538,R00538,0,val
539,R00539,0,val
540,R00540,0,train
541,R00541,0,train
542,R00542,0,train
543,R00543,0,train
544,R00544,0,val
545,R00545,0,train
546,R00546,0,train
547,R00547,0,val
548,R00548,0,val
549,R00549,0,train
550,R00550,0,val
551,R00551,0,test
552,R00552,1,train
553,R00553,0,train
554,R00554,0,test
555,R00555,0,train
556,R00556,0,test
557,R00557,0,train
558,R00558,0,test
559,R00559,0,train
560,R00560,1,train
561,R00561,0,train
562,R00562,0,train
563,R00563,0,train
564,R00564,0,val
565,R00565,0,train
566,R00566,0,train
567,R00567,0,train
568,R00568,0,train
569,R00569,0,val
570,R00570,0,val
571,R00571,0,test
572,R00572,0,val
573,R00573,0,train
574,R00574,0,train
575,R00575,0,val
576,R00576,0,train
577,R00577,0,train
578,R00578,0,train
579,R00579,0,train
580,R00580,0,train
581,R00581,0,train
582,R00582,0,train
583,R00583,0,train
584,R00584,0,val
585,R00585,0,val
586,R00586,0,val
587,R00587,0,train
588,R00588,0,train
589,R00589,0,train
590,R00590,0,val
591,R00591,0,train
592,R00592,0,train
593,R00593,0,val
594,R00594,0,val
595,R00595,0,train
596,R00596,0,train
597,R00597,0,train
598,R00598,0,train
599,R00599,0,val
600,R00600,0,train
601,R00601,0,train
602,R00602,0,val
603,R00603,0,test
604,R00604,0,train
605,R00605,0,train
606,R00606,0,train
607,R00607,0,val
608,R00608,0,train
609,R00609,0,train
610,R00610,0,train
611,R00611,0,val
612,R00612,0,train
613,R00613,0,train
614,R00614,0,val
615,R00615,0,train
616,R00616,0,train
617,R00617,0,train
618,R00618,0,train
619,R00619,0,train
620,R00620,1,val
621,R00621,0,train
622,R00622,0,train
623,R00623,0,test
624,R00624,0,train
625,R00625,0,train
626,R00626,1,test
627,R00627,0,val
628,R00628,0,test
629,R00629,0,test
630,R00630,0,test
631,R00631,0,train
632,R00632,0,val
633,R00633,0,train
634,R00634,0,train
635,R00635,0,train
636,R00636,0,train
637,R00637,0,test
638,R00638,0,test
639,R00639,0,train
640,R00640,0,train
641,R00641,0,test
642,R00642,0,train
643,R00643,0,train
644,R00644,0,train
645,R00645,0,train
646,R00646,0,train
647,R00647,0,train
648,R00648,0,train
649,R00649,0,train
650,R00650,0,train
651,R00651,0,test
652,R00652,0,test
653,R00653,0,train
654,R00654,0,train
655,R00655,0,train
656,R00656,0,train
657,R00657,0,test
658,R00658,0,val
659,R00659,0,train
660,R00660,0,test
661,R00661,1,val
662,R00662,0,train
663,R00663,0,train
664,R00664,0,train
665,R00665,0,val
666,R00666,0,val
667,R00667,0,train
668,R00668,0,train
669,R00669,1,train
670,R00670,1,test
671,R00671,0,train
672,R00672,0,train
673,R00673,0,test
674,R00674,0,train
675,R00675,0,train
676,R00676,0,test
677,R00677,0,val
678,R00678,0,test
679,R00679,0,test
680,R00680,0,test
681,R00681,0,train
682,R00682,0,train
683,R00683,0,train
684,R00684,1,train
685,R00685,0,train
686,R00686,0,train
687,R00687,0,train
688,R00688,0,train
689,R00689,0,val
690,R00690,0,train
691,R00691,0,train
692,R00692,0,train
693,R00693,0,val
694,R00694,0,val
695,R00695,0,test
696,R00696,0,train
697,R00697,0,train
698,R00698,0,train
699,R00699,0,train
700,R00700,0,train
701,R00701,0,train
702,R00702,0,train
703,R00703,0,test
704,R00704,1,train
705,R00705,0,train
706,R00706,0,train
707,R00707,0,train
708,R00708,0,train
709,R00709,0,train
710,R00710,0,train
711,R00711,0,train
712,R00712,0,train
713,R00713,0,test
714,R00714,0,train
715,R00715,0,train
716,R00716,0,val
717,R00717,0,train
718,R00718,0,train
719,R00719,0,val
720,R00720,0,train
721,R00721,0,train
722,R00722,0,test
723,R00723,0,test
724,R00724,0,train
725,R00725,0,test
726,R00726,0,train
727,R00727,0,train
728,R00728,0,train
729,R00729,0,train
730,R00730,0,train
731,R00731,0,train
732,R00732,0,val
733,R00733,0,test
734,R00734,0,train
735,R00735,0,val
736,R00736,0,train
737,R00737,0,train
738,R00738,0,train
739,R00739,0,train
740,R00740,0,test
741,R00741,0,train
742,R00742,0,test
743,R00743,0,train
744,R00744,0,train
745,R00745,0,train
746,R00746,0,train
747,R00747,0,test
748,R00748,0,train
749,R00749,0,train
750,R00750,0,train
751,R00751,0,val
752,R00752,0,train
753,R00753,0,train
754,R00754,0,train
755,R00755,0,train
756,R00756,0,train
757,R00757,0,val
758,R00758,0,test
759,R00759,0,test
760,R00760,0,test
761,R00761,0,train
762,R00762,1,train
763,R00763,0,train
764,R00764,0,train
765,R00765,0,train
766,R00766,0,train
767,R00767,0,val
768,R00768,0,train
769,R00769,0,train
770,R00770,1,train
771,R00771,0,train
772,R00772,0,train
773,R00773,1,train
774,R00774,0,test
775,R00775,0,train
776,R00776,0,train
777,R00777,0,train
778,R00778,0,test
779,R00779,0,train
780,R00780,0,test
781,R00781,0,train
782,R00782,0,train
783,R00783,0,train
784,R00784,0,train
785,R00785,0,train
786,R00786,0,val
787,R00787,0,train
788,R00788,0,train
789,R00789,0,train
790,R00790,0,train
791,R00791,0,train
792,R00792,0,test
793,R00793,0,train
794,R00794,0,test
795,R00795,0,train
796,R00796,0,train
797,R00797,0,train
798,R00798,0,train
799,R00799,1,train
800,R00800,0,train
801,R00801,0,train
802,R00802,0,train
803,R00803,0,train
804,R00804,0,val
805,R00805,0,train
806,R00806,0,train
807,R00807,0,val
808,R00808,0,train
809,R00809,0,val
810,R00810,0,train
811,R00811,1,train
812,R00812,0,train
813,R00813,0,train
814,R00814,0,train
815,R00815,1,train
816,R00816,0,test
817,R00817,0,train
818,R00818,0,train
819,R00819,0,train
820,R00820,0,train
821,R00821,0,train
822,R00822,0,train
823,R00823,0,val
824,R00824,0,train
825,R00825,0,train
826,R00826,0,train
827,R00827,0,val
828,R00828,0,train
829,R00829,0,train
830,R00830,0,train
831,R00831,0,test
832,R00832,0,train
833,R00833,0,train
834,R00834,1,train
835,R00835,0,train
836,R00836,0,train
837,R00837,1,train
838,R00838,0,train
839,R00839,0,test
840,R00840,0,train
841,R00841,0,train
842,R00842,0,train
843,R00843,0,train
844,R00844,0,val
845,R00845,0,train
846,R00846,0,train
847,R00847,0,train
848,R00848,0,val
849,R00849,0,val
850,R00850,0,train
851,R00851,0,train
852,R00852,0,train
853,R00853,0,train
854,R00854,0,train
855,R00855,0,train
856,R00856,1,train
857,R00857,1,train
858,R00858,0,train
859,R00859,0,val
860,R00860,0,train
861,R00861,0,train
862,R00862,0,train
863,R00863,0,test
864,R00864,0,train
865,R00865,0,train
866,R00866,0,train
867,R00867,0,train
868,R00868,0,train
869,R00869,1,train
870,R00870,0,train
871,R00871,1,train
872,R00872,0,test
873,R00873,0,train
874,R00874,0,train
875,R00875,0,train
876,R00876,0,val
877,R00877,0,train
878,R00878,0,test
879,R00879,0,val
880,R00880,0,train
881,R00881,0,train
882,R00882,0,train
883,R00883,0,train
884,R00884,0,test
885,R00885,0,train
886,R00886,0,val
887,R00887,0,train
888,R00888,0,train
889,R00889,0,train
890,R00890,0,train
891,R00891,0,train
892,R00892,0,train
893,R00893,0,train
894,R00894,0,train
895,R00895,0,train
896,R00896,0,train
897,R00897,0,train
898,R00898,0,test
899,R00899,0,test
900,R00900,0,train
901,R00901,0,val
902,R00902,0,val
903,R00903,0,train
904,R00904,0,train
905,R00905,0,train
906,R00906,0,train
907,R00907,0,val
908,R00908,0,train
909,R00909,0,test
910,R00910,0,train
911,R00911,0,test
912,R00912,0,train
913,R00913,0,train
914,R00914,0,train
915,R00915,0,test
916,R00916,0,train
917,R00917,0,train
918,R00918,0,train
919,R00919,0,train
920,R00920,0,test
921,R00921,0,train
922,R00922,0,test
923,R00923,0,train
924,R00924,1,val
925,R00925,0,train
926,R00926,0,test
927,R00927,0,train
928,R00928,0,train
929,R00929,0,val
930,R00930,0,test
931,R00931,0,train
932,R00932,0,test
933,R00933,0,train
934,R00934,0,train
935,R00935,0,train
936,R00936,0,train
937,R00937,1,train
938,R00938,0,train
939,R00939,0,val
940,R00940,0,test
941,R00941,0,train
942,R00942,1,train
943,R00943,0,val
944,R00944,0,train
945,R00945,0,val
946,R00946,0,train
947,R00947,0,test
948,R00948,0,test
949,R00949,0,test
950,R00950,0,train
951,R00951,0,val
952,R00952,0,train
953,R00953,0,test
954,R00954,0,val
955,R00955,0,train
956,R00956,0,train
957,R00957,1,test
958,R00958,0,train
959,R00959,0,train
960,R00960,0,train
961,R00961,0,val
962,R00962,0,train
963,R00963,0,train
964,R00964,0,test
965,R00965,0,train
966,R00966,0,val
967,R00967,0,train
968,R00968,0,train
969,R00969,0,train
970,R00970,0,train
971,R00971,0,test
972,R00972,0,train
973,R00973,0,train
974,R00974,0,train
975,R00975,0,train
976,R00976,0,test
977,R00977,0,train
978,R00978,0,train
979,R00979,0,test
980,R00980,1,train
981,R00981,0,train
982,R00982,0,val
983,R00983,0,train
984,R00984,0,test
985,R00985,0,train
986,R00986,0,test
987,R00987,0,train
988,R00988,0,train
989,R00989,0,test
990,R00990,0,test
991,R00991,0,train
992,R00992,0,train
993,R00993,0,train
994,R00994,0,train
995,R00995,0,train
996,R00996,0,train
997,R00997,0,train
998,R00998,0,train
999,R00999,0,train
1000,R01000,0,train
1001,R01001,1,train
1002,R01002,0,test
1003,R01003,0,train
1004,R01004,0,train
1005,R01005,1,test
1006,R01006,0,val
1007,R01007,0,val
1008,R01008,0,val
1009,R01009,0,val
1010,R01010,0,test
1011,R01011,0,val
1012,R01012,0,train
1013,R01013,0,train
1014,R01014,0,train
1015,R01015,0,test
1016,R01016,0,val
1017,R01017,0,train
1018,R01018,0,test
1019,R01019,0,test
1020,R01020,0,test
1021,R01021,0,train
1022,R01022,0,train
1023,R01023,0,train
1024,R01024,0,train
1025,R01025,0,train
1026,R01026,0,train
1027,R01027,0,val
1028,R01028,0,val
1029,R01029,1,val
1030,R01030,0,train
1031,R01031,0,train
1032,R01032,0,train
1033,R01033,0,train
1034,R01034,0,train
1035,R01035,0,train
1036,R01036,0,train
1037,R01037,0,test
1038,R01038,0,val
1039,R01039,0,test
1040,R01040,0,val
1041,R01041,0,test
1042,R01042,0,train
1043,R01043,0,train
1044,R01044,0,train
1045,R01045,0,val
1046,R01046,0,train
1047,R01047,0,train
1048,R01048,0,train
1049,R01049,0,train
1050,R01050,0,val
1051,R01051,0,train
1052,R01052,0,train
1053,R01053,0,train
1054,R01054,0,train
1055,R01055,0,val
1056,R01056,0,val
1057,R01057,0,train
1058,R01058,0,train
1059,R01059,0,train
1060,R01060,1,train
1061,R01061,0,train
1062,R01062,0,train
1063,R01063,0,train
1064,R01064,0,train
1065,R01065,0,test
1066,R01066,0,train
1067,R01067,0,train
1068,R01068,0,val
1069,R01069,0,train
1070,R01070,0,test
1071,R01071,0,train
1072,R01072,0,train
1073,R01073,0,train
1074,R01074,1,test
1075,R01075,0,train
1076,R01076,0,train
1077,R01077,0,train
1078,R01078,0,train
1079,R01079,0,test
1080,R01080,0,train
1081,R01081,1,val
1082,R01082,0,train
1083,R01083,0,train
1084,R01084,0,train
1085,R01085,0,train
1086,R01086,0,val
1087,R01087,0,train
1088,R01088,0,train
1089,R01089,0,train
1090,R01090,0,train
1091,R01091,0,train
1092,R01092,0,train
1093,R01093,0,train
1094,R01094,0,train
1095,R01095,0,train
1096,R01096,0,test
1097,R01097,0,train
1098,R01098,0,train
1099,R01099,0,train
1100,R01100,0,train
1101,R01101,0,train
1102,R01102,1,train
1103,R01103,0,train
1104,R01104,0,val
1105,R01105,0,val
1106,R01106,0,test
1107,R01107,0,train
1108,R01108,0,train
1109,R01109,0,train
1110,R01110,0,val
1111,R01111,0,train
1112,R01112,0,test
1113,R01113,0,train
1114,R01114,0,train
1115,R01115,0,train
1116,R01116,0,train
1117,R01117,0,train
1118,R01118,1,train
1119,R01119,0,test
1120,R01120,0,train
1121,R01121,0,train
1122,R01122,0,train
1123,R01123,0,val
1124,R01124,1,train
1125,R01125,0,train
1126,R01126,0,val
1127,R01127,0,train
1128,R01128,0,train
1129,R01129,0,train
1130,R01130,0,train
1131,R01131,0,train
1132,R01132,0,train
1133,R01133,0,train
1134,R01134,0,train
1135,R01135,0,train
1136,R01136,0,test
1137,R01137,0,train
1138,R01138,0,train
1139,R01139,0,test
1140,R01140,0,val
1141,R01141,1,val
1142,R01142,1,val
1143,R01143,0,train
1144,R01144,0,test
1145,R01145,0,train
1146,R01146,0,train
1147,R01147,0,train
1148,R01148,0,train
1149,R01149,0,train
1150,R01150,0,train
1151,R01151,0,train
1152,R01152,0,test
1153,R01153,0,train
1154,R01154,0,train
1155,R01155,0,train
1156,R01156,0,train
1157,R01157,0,val
1158,R01158,0,test
1159,R01159,0,train
1160,R01160,0,train
1161,R01161,0,train
1162,R01162,0,train
1163,R01163,0,train
1164,R01164,0,train
1165,R01165,0,train
1166,R01166,0,train
1167,R01167,0,test
1168,R01168,0,test
1169,R01169,0,train
1170,R01170,0,train
1171,R01171,0,test
1172,R01172,0,train
1173,R01173,0,val
1174,R01174,0,test
1175,R01175,0,train
1176,R01176,0,test
1177,R01177,0,train
1178,R01178,0,train
1179,R01179,0,val
1180,R01180,0,train
1181,R01181,0,val
1182,R01182,0,test
1183,R01183,0,test
1184,R01184,0,train
1185,R01185,0,test
1186,R01186,0,train
1187,R01187,0,train
1188,R01188,0,train
1189,R01189,0,test
1190,R01190,0,train
1191,R01191,0,train
1192,R01192,0,train
1193,R01193,0,train
1194,R01194,0,train
1195,R01195,0,train
1196,R01196,0,train
1197,R01197,1,train
1198,R01198,0,test
1199,R01199,0,train
1200,R01200,0,train
1201,R01201,0,train
1202,R01202,0,train
1203,R01203,0,test
1204,R01204,0,test
1205,R01205,1,val
1206,R01206,0,val
1207,R01207,0,train
1208,R01208,0,train
1209,R01209,0,train
1210,R01210,0,train
1211,R01211,0,test
1212,R01212,0,train
1213,R01213,0,train
1214,R01214,0,train
1215,R01215,0,train
1216,R01216,1,train
1217,R01217,0,test
1218,R01218,0,train
1219,R01219,0,train
1220,R01220,0,train
1221,R01221,0,train
1222,R01222,0,train
1223,R01223,0,train
1224,R01224,0,val
1225,R01225,0,val
1226,R01226,0,val
1227,R01227,0,train
1228,R01228,0,train
1229,R01229,0,train
1230,R01230,0,test
1231,R01231,0,train
1232,R01232,0,train
1233,R01233,0,val
1234,R01234,0,train
1235,R01235,0,train
1236,R01236,0,val
1237,R01237,0,train
1238,R01238,0,train
1239,R01239,0,test
1240,R01240,0,val
1241,R01241,0,test
1242,R01242,0,train
1243,R01243,0,train
1244,R01244,0,test
1245,R01245,0,train
1246,R01246,1,train
1247,R01247,0,test
1248,R01248,0,train
1249,R01249,0,train
1250,R01250,0,train
1251,R01251,0,train
1252,R01252,0,train
1253,R01253,0,val
1254,R01254,0,test
1255,R01255,1,train
1256,R01256,0,train
1257,R01257,0,val
1258,R01258,0,train
1259,R01259,0,train
1260,R01260,0,train
1261,R01261,0,train
1262,R01262,0,train
1263,R01263,0,val
1264,R01264,0,train
1265,R01265,0,test
1266,R01266,0,val
1267,R01267,0,val
1268,R01268,1,train
1269,R01269,1,train
1270,R01270,0,val
1271,R01271,0,test
1272,R01272,0,train
1273,R01273,0,train
1274,R01274,0,train
1275,R01275,0,train
1276,R01276,0,test
1277,R01277,0,test
1278,R01278,0,train
1279,R01279,0,train
1280,R01280,0,val
1281,R01281,0,train
1282,R01282,0,train
1283,R01283,0,train
1284,R01284,0,train
1285,R01285,0,train
1286,R01286,0,val
1287,R01287,0,train
1288,R01288,0,train
1289,R01289,0,train
1290,R01290,0,val
1291,R01291,0,train
1292,R01292,0,train
1293,R01293,0,train
1294,R01294,0,test
1295,R01295,0,train
1296,R01296,0,train
1297,R01297,0,val
1298,R01298,0,val
1299,R01299,0,train
1300,R01300,0,test
1301,R01301,1,train
1302,R01302,0,test
1303,R01303,0,train
1304,R01304,0,train
1305,R01305,0,train
1306,R01306,0,train
1307,R01307,0,train
1308,R01308,0,train
1309,R01309,0,train
1310,R01310,0,test
1311,R01311,0,val
1312,R01312,0,val
1313,R01313,0,val
1314,R01314,0,train
1315,R01315,1,val
1316,R01316,0,train
1317,R01317,0,val
1318,R01318,0,train
1319,R01319,1,train
1320,R01320,0,train
1321,R01321,0,val
1322,R01322,0,train
1323,R01323,0,train
1324,R01324,0,train
1325,R01325,0,train
1326,R01326,0,train
1327,R01327,0,train
1328,R01328,1,train
1329,R01329,0,train
1330,R01330,0,test
1331,R01331,0,val
1332,R01332,0,train
1333,R01333,0,train
1334,R01334,0,val
1335,R01335,0,val
1336,R01336,0,test
1337,R01337,0,test
1338,R01338,0,train
1339,R01339,0,train
1340,R01340,1,train
1341,R01341,0,train
1342,R01342,0,train
1343,R01343,0,train
1344,R01344,0,val
1345,R01345,0,train
1346,R01346,0,train
1347,R01347,0,test
1348,R01348,0,val
1349,R01349,0,train
1350,R01350,1,train
1351,R01351,0,test
1352,R01352,0,train
1353,R01353,0,train
1354,R01354,0,val
1355,R01355,0,train
1356,R01356,0,val
1357,R01357,0,test
1358,R01358,0,train
1359,R01359,0,val
1360,R01360,0,train
1361,R01361,0,test
1362,R01362,0,train
1363,R01363,0,train
1364,R01364,1,train
1365,R01365,0,train
1366,R01366,0,test
1367,R01367,0,train
1368,R01368,0,train
1369,R01369,1,train
1370,R01370,0,test
1371,R01371,0,test
1372,R01372,0,train
1373,R01373,0,train
1374,R01374,0,train
1375,R01375,0,train
1376,R01376,0,val
1377,R01377,0,train
1378,R01378,0,test
1379,R01379,0,val
1380,R01380,0,train
1381,R01381,0,test
1382,R01382,0,train
1383,R01383,0,train
1384,R01384,0,train
1385,R01385,0,val
1386,R01386,1,train
1387,R01387,1,train
1388,R01388,0,train
1389,R01389,0,train
1390,R01390,0,train
1391,R01391,0,train
1392,R01392,0,val
1393,R01393,1,train
1394,R01394,0,train
1395,R01395,0,train
1396,R01396,0,train
1397,R01397,0,train
1398,R01398,0,train
1399,R01399,0,val
1400,R01400,0,train
1401,R01401,0,train
1402,R01402,0,train
1403,R01403,1,train
1404,R01404,0,test
1405,R01405,0,val
1406,R01406,0,train
1407,R01407,0,train
1408,R01408,0,train
1409,R01409,0,train
1410,R01410,0,train
1411,R01411,1,train
1412,R01412,0,train
1413,R01413,0,train
1414,R01414,0,train
1415,R01415,0,val
1416,R01416,0,train
1417,R01417,0,train
1418,R01418,0,train
1419,R01419,0,test
1420,R01420,0,train
1421,R01421,0,val
1422,R01422,0,val
1423,R01423,0,train
1424,R01424,0,test
1425,R01425,0,val
1426,R01426,0,train
1427,R01427,0,train
1428,R01428,0,train
1429,R01429,0,test
1430,R01430,0,train
1431,R01431,0,train
1432,R01432,0,train
1433,R01433,0,train
1434,R01434,0,train
1435,R01435,0,train
1436,R01436,0,train
1437,R01437,0,test
1438,R01438,0,train
1439,R01439,0,train
1440,R01440,0,train
1441,R01441,0,val
1442,R01442,0,train
1443,R01443,0,test
1444,R01444,0,val
1445,R01445,0,test
1446,R01446,0,train
1447,R01447,0,test
1448,R01448,0,train
1449,R01449,0,train
1450,R01450,0,train
1451,R01451,0,train
1452,R01452,0,train
1453,R01453,0,train
1454,R01454,0,train
1455,R01455,0,test
1456,R01456,0,val
1457,R01457,0,val
1458,R01458,0,train
1459,R01459,0,train
1460,R01460,0,train
1461,R01461,0,train
1462,R01462,0,train
1463,R01463,0,train
1464,R01464,0,train
1465,R01465,0,train
1466,R01466,0,test
1467,R01467,0,train
1468,R01468,0,train
1469,R01469,0,val
1470,R01470,0,train
1471,R01471,0,test
1472,R01472,0,val
1473,R01473,0,train
1474,R01474,0,train
1475,R01475,0,test
1476,R01476,0,train
1477,R01477,0,val
1478,R01478,0,val
1479,R01479,1,val
1480,R01480,0,train
1481,R01481,0,test
1482,R01482,0,train
1483,R01483,0,train
1484,R01484,0,test
1485,R01485,0,test
1486,R01486,0,train
1487,R01487,0,train
1488,R01488,0,val
1489,R01489,1,val
1490,R01490,0,train
1491,R01491,0,val
1492,R01492,0,train
1493,R01493,0,test
1494,R01494,0,train
1495,R01495,0,test
1496,R01496,0,test
1497,R01497,0,train
1498,R01498,0,train
1499,R01499,0,val
1500,R01500,0,train
1501,R01501,1,train
1502,R01502,0,val
1503,R01503,0,train
1504,R01504,0,test
1505,R01505,0,train
1506,R01506,0,train
1507,R01507,0,train
1508,R01508,0,train
1509,R01509,0,train
1510,R01510,0,test
1511,R01511,0,train
1512,R01512,0,test
1513,R01513,0,train
1514,R01514,0,train
1515,R01515,0,train
1516,R01516,0,train
1517,R01517,0,train
1518,R01518,0,train
1519,R01519,0,train
1520,R01520,0,train
1521,R01521,0,val
1522,R01522,0,test
1523,R01523,0,train
1524,R01524,0,train
1525,R01525,0,train
1526,R01526,0,train
1527,R01527,0,train
1528,R01528,0,train
1529,R01529,0,test
1530,R01530,0,train
1531,R01531,0,train
1532,R01532,0,train
1533,R01533,0,train
1534,R01534,0,val
1535,R01535,0,train
1536,R01536,0,train
1537,R01537,0,train
1538,R01538,0,train
1539,R01539,0,train
1540,R01540,0,train
1541,R01541,0,train
1542,R01542,0,train
1543,R01543,0,train
1544,R01544,0,train
1545,R01545,0,train
1546,R01546,0,train
1547,R01547,0,train
1548,R01548,0,train
1549,R01549,1,train
1550,R01550,0,train
1551,R01551,0,train
1552,R01552,0,val
1553,R01553,1,train
1554,R01554,0,train
1555,R01555,0,train
1556,R01556,0,train
1557,R01557,1,test
1558,R01558,0,test
1559,R01559,0,train
1560,R01560,0,val
1561,R01561,0,val
1562,R01562,0,val
1563,R01563,0,train
1564,R01564,0,val
1565,R01565,0,train
1566,R01566,0,train
1567,R01567,0,train
1568,R01568,0,train
1569,R01569,0,test
1570,R01570,0,train
1571,R01571,0,train
1572,R01572,0,train
1573,R01573,0,test
1574,R01574,0,train
1575,R01575,0,train
1576,R01576,0,train
1577,R01577,0,train
1578,R01578,0,train
1579,R01579,0,test
1580,R01580,0,test
1581,R01581,0,test
1582,R01582,0,test
1583,R01583,0,val
1584,R01584,0,train
1585,R01585,0,test
1586,R01586,0,train
1587,R01587,0,val
1588,R01588,0,train
1589,R01589,0,train
1590,R01590,0,val
1591,R01591,0,train
1592,R01592,1,train
1593,R01593,0,train
1594,R01594,0,train
1595,R01595,0,train
1596,R01596,0,train
1597,R01597,0,test
1598,R01598,0,train
1599,R01599,0,train
1600,R01600,0,train
1601,R01601,0,test
1602,R01602,0,train
1603,R01603,0,train
1604,R01604,0,train
1605,R01605,0,train
1606,R01606,0,train
1607,R01607,0,val
1608,R01608,0,train
1609,R01609,0,test
1610,R01610,0,train
1611,R01611,0,train
1612,R01612,0,train
1613,R01613,0,test
1614,R01614,0,test
1615,R01615,0,test
1616,R01616,0,train
1617,R01617,1,val
1618,R01618,1,train
1619,R01619,0,train
1620,R01620,0,train
1621,R01621,0,train
1622,R01622,1,train
1623,R01623,1,train
1624,R01624,0,train
1625,R01625,0,train
1626,R01626,0,val
1627,R01627,1,train
1628,R01628,0,train
1629,R01629,0,train
1630,R01630,0,train
1631,R01631,0,train
1632,R01632,0,train
1633,R01633,0,test
1634,R01634,1,train
1635,R01635,0,test
1636,R01636,0,train
1637,R01637,0,test
1638,R01638,0,test
1639,R01639,0,train
1640,R01640,0,train
1641,R01641,0,train
1642,R01642,0,train
1643,R01643,0,train
1644,R01644,0,val
1645,R01645,0,train
1646,R01646,0,val
1647,R01647,0,train
1648,R01648,0,train
1649,R01649,0,train
1650,R01650,0,train
1651,R01651,0,val
1652,R01652,0,test
1653,R01653,0,val
1654,R01654,0,train
1655,R01655,0,train
1656,R01656,0,train
1657,R01657,1,train
1658,R01658,0,val
1659,R01659,0,train
1660,R01660,0,val
1661,R01661,0,train
1662,R01662,1,test
1663,R01663,0,test
1664,R01664,0,val
1665,R01665,0,test
1666,R01666,0,val
1667,R01667,1,train
1668,R01668,0,train
1669,R01669,0,train
1670,R01670,0,val
1671,R01671,1,train
1672,R01672,0,train
1673,R01673,0,train
1674,R01674,0,train
1675,R01675,0,test
1676,R01676,1,test
1677,R01677,0,train
1678,R01678,0,train
1679,R01679,0,train
1680,R01680,0,val
1681,R01681,0,train
1682,R01682,0,train
1683,R01683,0,train
1684,R01684,0,train
1685,R01685,0,train
1686,R01686,0,train
1687,R01687,0,train
1688,R01688,0,train
1689,R01689,0,train
1690,R01690,0,val
1691,R01691,0,train
1692,R01692,0,test
1693,R01693,0,val
1694,R01694,0,train
1695,R01695,0,train
1696,R01696,0,train
1697,R01697,0,train
1698,R01698,0,train
1699,R01699,1,val
1700,R01700,0,train
1701,R01701,0,test
1702,R01702,0,train
1703,R01703,0,train
1704,R01704,0,test
1705,R01705,0,test
1706,R01706,0,train
1707,R01707,0,train
1708,R01708,0,train
1709,R01709,0,val
1710,R01710,0,val
1711,R01711,0,train
1712,R01712,0,train
1713,R01713,0,train
1714,R01714,0,train
1715,R01715,0,test
1716,R01716,0,train
1717,R01717,0,train
1718,R01718,0,train
1719,R01719,0,train
1720,R01720,0,train
1721,R01721,0,train
1722,R01722,0,train
1723,R01723,0,train
1724,R01724,0,train
1725,R01725,0,val
1726,R01726,0,val
1727,R01727,0,val
1728,R01728,0,train
1729,R01729,0,test
1730,R01730,0,train
1731,R01731,0,train
1732,R01732,0,train
1733,R01733,0,test
1734,R01734,0,train
1735,R01735,0,train
1736,R01736,0,train
1737,R01737,0,train
1738,R01738,0,train
1739,R01739,0,train
1740,R01740,1,train
1741,R01741,0,val
1742,R01742,0,train
1743,R01743,0,val
1744,R01744,0,train
1745,R01745,0,train
1746,R01746,0,test
1747,R01747,0,train
1748,R01748,0,train
1749,R01749,0,train
1750,R01750,0,val
1751,R01751,0,test
1752,R01752,0,test
1753,R01753,0,test
1754,R01754,0,train
1755,R01755,0,train
1756,R01756,0,train
1757,R01757,0,train
1758,R01758,0,train
1759,R01759,0,train
1760,R01760,0,train
1761,R01761,0,val
1762,R01762,0,train
1763,R01763,1,train
1764,R01764,0,train
1765,R01765,0,train
1766,R01766,0,train
1767,R01767,0,test
1768,R01768,0,train
1769,R01769,0,train
1770,R01770,0,val
1771,R01771,0,train
1772,R01772,0,train
1773,R01773,0,train
1774,R01774,0,train
1775,R01775,0,train
1776,R01776,0,val
1777,R01777,0,train
1778,R01778,0,train
1779,R01779,0,train
1780,R01780,0,val
1781,R01781,0,train
1782,R01782,0,val
1783,R01783,0,train
1784,R01784,0,val
1785,R01785,0,train
1786,R01786,0,train
1787,R01787,0,train
1788,R01788,0,train
1789,R01789,0,train
1790,R01790,0,test
1791,R01791,0,train
1792,R01792,0,val
1793,R01793,0,val
1794,R01794,0,train
1795,R01795,0,val
1796,R01796,0,train
1797,R01797,0,val
1798,R01798,0,train
1799,R01799,0,train
1800,R01800,0,test
1801,R01801,0,test
1802,R01802,0,train
1803,R01803,0,train
1804,R01804,1,train
1805,R01805,0,val
1806,R01806,0,train
1807,R01807,0,val
1808,R01808,0,train
1809,R01809,0,train
1810,R01810,0,train
1811,R01811,0,test
1812,R01812,0,train
1813,R01813,0,test
1814,R01814,0,train
1815,R01815,0,train
1816,R01816,0,train
1817,R01817,0,train
1818,R01818,0,val
1819,R01819,0,train
1820,R01820,0,train
1821,R01821,0,train
1822,R01822,0,test
1823,R01823,0,train
1824,R01824,0,train
1825,R01825,0,test
1826,R01826,0,train
1827,R01827,0,val
1828,R01828,0,train
1829,R01829,0,train
1830,R01830,0,train
1831,R01831,0,train
1832,R01832,0,test
1833,R01833,0,train
1834,R01834,0,train
1835,R01835,0,test
1836,R01836,0,train
1837,R01837,0,test
1838,R01838,0,train
1839,R01839,1,test
1840,R01840,0,train
1841,R01841,0,train
1842,R01842,0,train
1843,R01843,0,val
1844,R01844,0,train
1845,R01845,0,train
1846,R01846,0,train
1847,R01847,0,train
1848,R01848,0,train
1849,R01849,0,train
1850,R01850,0,train
1851,R01851,0,test
1852,R01852,0,train
1853,R01853,0,val
1854,R01854,0,train
1855,R01855,0,val
1856,R01856,0,val
1857,R01857,0,test
1858,R01858,0,train
1859,R01859,0,train
1860,R01860,0,train
1861,R01861,0,train
1862,R01862,0,test
1863,R01863,0,train
1864,R01864,0,train
1865,R01865,0,train
1866,R01866,0,train
1867,R01867,0,train
1868,R01868,0,test
1869,R01869,0,train
1870,R01870,0,train
1871,R01871,0,train
1872,R01872,1,train
1873,R01873,0,train
1874,R01874,0,test
1875,R01875,0,train
1876,R01876,0,train
1877,R01877,1,train
1878,R01878,0,train
1879,R01879,0,train
1880,R01880,0,train
1881,R01881,0,val
1882,R01882,0,train
1883,R01883,0,train
1884,R01884,0,test
1885,R01885,0,train
1886,R01886,0,train
1887,R01887,0,train
1888,R01888,0,train
1889,R01889,0,train
1890,R01890,0,val
1891,R01891,1,test
1892,R01892,0,train
1893,R01893,0,val
1894,R01894,0,val
1895,R01895,0,val
1896,R01896,0,train
1897,R01897,0,val
1898,R01898,1,train
1899,R01899,0,train
1900,R01900,0,val
1901,R01901,0,train
1902,R01902,0,val
1903,R01903,0,train
1904,R01904,0,val
1905,R01905,0,val
1906,R01906,0,test
1907,R01907,0,val
1908,R01908,0,val
1909,R01909,0,test
1910,R01910,0,train
1911,R01911,0,val
1912,R01912,0,test
1913,R01913,0,val
1914,R01914,0,val
1915,R01915,0,val
1916,R01916,0,train
1917,R01917,0,train
1918,R01918,0,test
1919,R01919,1,train
1920,R01920,0,train
1921,R01921,0,train
1922,R01922,0,train
1923,R01923,1,val
1924,R01924,0,train
1925,R01925,0,test
1926,R01926,0,test
1927,R01927,0,train
1928,R01928,0,test
1929,R01929,0,train
1930,R01930,0,test
1931,R01931,0,train
1932,R01932,0,train
1933,R01933,0,train
1934,R01934,0,val
1935,R01935,1,val
1936,R01936,0,train
1937,R01937,0,train
1938,R01938,0,val
1939,R01939,0,train
1940,R01940,0,train
1941,R01941,0,train
1942,R01942,0,train
1943,R01943,0,train
1944,R01944,0,train
1945,R01945,0,train
1946,R01946,0,train
1947,R01947,0,train
1948,R01948,0,train
1949,R01949,0,train
1950,R01950,0,train
1951,R01951,0,train
1952,R01952,0,train
1953,R01953,0,train
1954,R01954,0,train
1955,R01955,0,test
1956,R01956,0,train
1957,R01957,0,test
1958,R01958,0,train
1959,R01959,0,train
1960,R01960,0,train
1961,R01961,0,test
1962,R01962,0,train
1963,R01963,0,train
1964,R01964,0,train
1965,R01965,0,test
1966,R01966,0,train
1967,R01967,0,train
1968,R01968,0,train
1969,R01969,0,train
1970,R01970,0,train
1971,R01971,0,train
1972,R01972,0,train
1973,R01973,0,test
1974,R01974,0,train
1975,R01975,0,train
1976,R01976,0,train
1977,R01977,0,train
1978,R01978,0,train
1979,R01979,0,train
1980,R01980,0,train
1981,R01981,0,train
1982,R01982,0,test
1983,R01983,0,train
1984,R01984,0,train
1985,R01985,0,train
1986,R01986,0,train
1987,R01987,0,train
1988,R01988,0,val
1989,R01989,0,train
1990,R01990,0,train
1991,R01991,1,train
1992,R01992,0,train
1993,R01993,0,train
1994,R01994,0,val
1995,R01995,0,train
1996,R01996,0,val
1997,R01997,0,val
1998,R01998,0,train
1999,R01999,0,train
2000,R02000,0,test
2001,R02001,0,val
2002,R02002,0,train
2003,R02003,0,train
2004,R02004,0,train
2005,R02005,0,train
2006,R02006,0,test
2007,R02007,0,train
2008,R02008,0,val
2009,R02009,0,val
2010,R02010,0,train
2011,R02011,0,test
2012,R02012,0,val
2013,R02013,0,train
2014,R02014,1,train
2015,R02015,0,val
2016,R02016,0,val
2017,R02017,0,train
2018,R02018,0,train
2019,R02019,0,train
2020,R02020,0,train
2021,R02021,0,train
2022,R02022,0,train
2023,R02023,0,val
2024,R02024,0,train
2025,R02025,0,train
2026,R02026,0,train
2027,R02027,1,train
2028,R02028,0,train
2029,R02029,0,val
2030,R02030,0,train
2031,R02031,0,train
2032,R02032,0,train
2033,R02033,0,train
2034,R02034,0,train
2035,R02035,1,train
2036,R02036,0,test
2037,R02037,0,val
2038,R02038,0,train
2039,R02039,0,train
2040,R02040,0,test
2041,R02041,0,train
2042,R02042,0,train
2043,R02043,0,train
2044,R02044,0,val
2045,R02045,0,val
2046,R02046,0,train
2047,R02047,0,train
2048,R02048,0,train
2049,R02049,0,test
2050,R02050,0,test
2051,R02051,0,train
2052,R02052,0,train
2053,R02053,0,train
2054,R02054,0,train
2055,R02055,0,train
2056,R02056,0,train
2057,R02057,0,train
2058,R02058,0,train
2059,R02059,0,test
2060,R02060,0,val
2061,R02061,0,train
2062,R02062,0,train
2063,R02063,0,train
2064,R02064,1,train
2065,R02065,0,train
2066,R02066,0,train
2067,R02067,0,test
2068,R02068,0,train
2069,R02069,0,train
2070,R02070,0,train
2071,R02071,0,test
2072,R02072,0,train
2073,R02073,0,train
2074,R02074,0,test
2075,R02075,0,train
2076,R02076,0,train
2077,R02077,0,train
2078,R02078,0,train
2079,R02079,0,train
2080,R02080,0,train
2081,R02081,0,train
2082,R02082,0,train
2083,R02083,0,val
2084,R02084,0,train
2085,R02085,0,test
2086,R02086,0,train
2087,R02087,0,train
2088,R02088,0,test
2089,R02089,0,train
2090,R02090,0,train
2091,R02091,0,train
2092,R02092,0,train
2093,R02093,0,train
2094,R02094,0,test
2095,R02095,1,test
2096,R02096,0,train
2097,R02097,0,test
2098,R02098,1,val
2099,R02099,0,val
2100,R02100,0,val
2101,R02101,0,train
2102,R02102,0,train
2103,R02103,0,train
2104,R02104,0,test
2105,R02105,0,train
2106,R02106,0,train
2107,R02107,0,train
2108,R02108,0,val
2109,R02109,0,val
2110,R02110,0,train
2111,R02111,0,test
2112,R02112,0,train
2113,R02113,0,train
2114,R02114,0,test
2115,R02115,0,val
2116,R02116,0,train
2117,R02117,0,train
2118,R02118,1,test
2119,R02119,0,train
2120,R02120,0,train
2121,R02121,0,val
2122,R02122,0,train
2123,R02123,0,train
2124,R02124,0,train
2125,R02125,0,train
2126,R02126,0,train
2127,R02127,0,test
2128,R02128,0,train
2129,R02129,0,train
2130,R02130,0,train
2131,R02131,0,val
2132,R02132,0,train
2133,R02133,0,train
2134,R02134,0,train
2135,R02135,0,train
2136,R02136,0,val
2137,R02137,0,val
2138,R02138,0,train
2139,R02139,0,train
2140,R02140,0,train
2141,R02141,1,train
2142,R02142,0,train
2143,R02143,0,train
2144,R02144,0,train
2145,R02145,0,val
2146,R02146,0,train
2147,R02147,0,train
2148,R02148,0,train
2149,R02149,0,train
2150,R02150,0,train
2151,R02151,0,train
2152,R02152,1,train
2153,R02153,0,train
2154,R02154,0,train
2155,R02155,0,train
2156,R02156,0,train
2157,R02157,0,test
2158,R02158,0,train
2159,R02159,0,train
2160,R02160,0,test
2161,R02161,0,test
2162,R02162,0,train
2163,R02163,0,train
2164,R02164,0,train
2165,R02165,0,val
2166,R02166,0,train
2167,R02167,0,train
2168,R02168,0,train
2169,R02169,0,val
2170,R02170,0,train
2171,R02171,0,train
2172,R02172,0,train
2173,R02173,0,val
2174,R02174,0,test
2175,R02175,0,train
2176,R02176,0,test
2177,R02177,0,train
2178,R02178,0,train
2179,R02179,0,test
2180,R02180,0,train
2181,R02181,0,train
2182,R02182,0,train
2183,R02183,0,test
2184,R02184,0,train
2185,R02185,0,train
2186,R02186,0,train
2187,R02187,0,train
2188,R02188,0,val
2189,R02189,0,val
2190,R02190,0,train
2191,R02191,0,val
2192,R02192,0,train
2193,R02193,0,train
2194,R02194,0,train
2195,R02195,0,train
2196,R02196,0,test
2197,R02197,0,test
2198,R02198,0,train
2199,R02199,0,train
2200,R02200,0,train
2201,R02201,0,train
2202,R02202,0,train
2203,R02203,0,val
2204,R02204,0,train
2205,R02205,0,train
2206,R02206,0,train
2207,R02207,0,train
2208,R02208,0,test
2209,R02209,0,val
2210,R02210,0,train
2211,R02211,0,train
2212,R02212,0,train
2213,R02213,0,test
2214,R02214,0,train
2215,R02215,0,train
2216,R02216,0,train
2217,R02217,0,test
2218,R02218,0,train
2219,R02219,0,train
2220,R02220,0,train
2221,R02221,0,train
2222,R02222,1,train
2223,R02223,0,train
2224,R02224,0,train
2225,R02225,0,train
2226,R02226,0,val
2227,R02227,0,train
2228,R02228,0,train
2229,R02229,0,train
2230,R02230,0,train
2231,R02231,0,val
2232,R02232,0,train
2233,R02233,0,train
2234,R02234,0,train
2235,R02235,0,train
2236,R02236,0,test
2237,R02237,0,test
2238,R02238,0,val
2239,R02239,0,test
2240,R02240,0,train
2241,R02241,0,test
2242,R02242,0,train
2243,R02243,0,train
2244,R02244,0,train
2245,R02245,0,train
2246,R02246,0,train
2247,R02247,0,train
2248,R02248,0,train
2249,R02249,0,test
2250,R02250,0,train
2251,R02251,0,train
2252,R02252,0,train
2253,R02253,0,val
2254,R02254,0,train
2255,R02255,0,train
2256,R02256,0,train
2257,R02257,0,train
2258,R02258,0,train
2259,R02259,0,train
2260,R02260,0,test
2261,R02261,0,train
2262,R02262,0,train
2263,R02263,0,test
2264,R02264,0,test
2265,R02265,0,val
2266,R02266,0,val
2267,R02267,0,val
2268,R02268,0,train
2269,R02269,0,train
2270,R02270,0,train
2271,R02271,0,train
2272,R02272,0,test
2273,R02273,0,val
2274,R02274,0,train
2275,R02275,0,test
2276,R02276,1,train
2277,R02277,0,train
2278,R02278,0,train
2279,R02279,0,train
2280,R02280,0,train
2281,R02281,0,test
2282,R02282,0,train
2283,R02283,0,train
2284,R02284,0,train
2285,R02285,0,train
2286,R02286,1,train
2287,R02287,0,train
2288,R02288,0,train
2289,R02289,0,train
2290,R02290,0,train
2291,R02291,0,val
2292,R02292,1,val
2293,R02293,0,train
2294,R02294,0,train
2295,R02295,0,train
2296,R02296,0,train
2297,R02297,0,train
2298,R02298,0,train
2299,R02299,0,train
2300,R02300,0,train
2301,R02301,0,train
2302,R02302,0,train
2303,R02303,0,val
2304,R02304,0,train
2305,R02305,0,train
2306,R02306,0,test
2307,R02307,0,train
2308,R02308,0,train
2309,R02309,0,train
2310,R02310,0,train
2311,R02311,0,train
2312,R02312,0,train
2313,R02313,0,train
2314,R02314,0,train
2315,R02315,0,train
2316,R02316,0,train
2317,R02317,0,train
2318,R02318,0,val
2319,R02319,0,train
2320,R02320,1,train
2321,R02321,0,train
2322,R02322,0,train
2323,R02323,0,train
2324,R02324,0,val
2325,R02325,0,train
2326,R02326,0,val
2327,R02327,0,train
2328,R02328,0,train
2329,R02329,0,train
2330,R02330,0,train
2331,R02331,0,test
2332,R02332,0,test
2333,R02333,0,train
2334,R02334,0,val
2335,R02335,0,test
2336,R02336,0,train
2337,R02337,0,val
2338,R02338,0,train
2339,R02339,0,train
2340,R02340,0,train
2341,R02341,0,train
2342,R02342,0,train
2343,R02343,0,train
2344,R02344,0,train
2345,R02345,0,val
2346,R02346,0,train
2347,R02347,0,train
2348,R02348,0,train
2349,R02349,0,test
2350,R02350,0,train
2351,R02351,0,train
2352,R02352,0,test
2353,R02353,0,train
2354,R02354,1,val
2355,R02355,0,train
2356,R02356,0,val
2357,R02357,0,train
2358,R02358,0,train
2359,R02359,0,train
2360,R02360,0,val
2361,R02361,0,train
2362,R02362,0,train
2363,R02363,0,train
2364,R02364,0,train
2365,R02365,0,test
2366,R02366,0,train
2367,R02367,0,train
2368,R02368,0,train
2369,R02369,0,train
2370,R02370,0,train
2371,R02371,0,train
2372,R02372,0,train
2373,R02373,0,train
2374,R02374,0,test
2375,R02375,0,train
2376,R02376,0,train
2377,R02377,0,train
2378,R02378,0,train
2379,R02379,0,train
2380,R02380,0,train
2381,R02381,0,train
2382,R02382,0,test
2383,R02383,0,train
2384,R02384,0,train
2385,R02385,0,test
2386,R02386,0,train
2387,R02387,0,val
2388,R02388,0,train
2389,R02389,0,train
2390,R02390,0,val
2391,R02391,0,train
2392,R02392,0,train
2393,R02393,0,val
2394,R02394,0,val
2395,R02395,0,train
2396,R02396,0,train
2397,R02397,0,train
2398,R02398,0,train
2399,R02399,0,train
2400,R02400,0,val
2401,R02401,0,train
2402,R02402,0,train
2403,R02403,0,train
2404,R02404,0,val
2405,R02405,0,train
2406,R02406,0,train
2407,R02407,0,train
2408,R02408,0,train
2409,R02409,0,val
2410,R02410,0,test
2411,R02411,0,train
2412,R02412,0,val
2413,R02413,0,train
2414,R02414,0,val
2415,R02415,0,train
2416,R02416,0,train
2417,R02417,0,val
2418,R02418,0,train
2419,R02419,0,train
2420,R02420,0,val
2421,R02421,0,train
2422,R02422,0,train
2423,R02423,0,train
2424,R02424,0,train
2425,R02425,0,test
2426,R02426,0,train
2427,R02427,0,train
2428,R02428,0,train
2429,R02429,0,train
2430,R02430,0,train
2431,R02431,0,train
2432,R02432,0,train
2433,R02433,0,train
2434,R02434,0,train
2435,R02435,0,train
2436,R02436,0,train
2437,R02437,1,val
2438,R02438,0,train
2439,R02439,0,train
2440,R02440,0,val
2441,R02441,0,train
2442,R02442,0,train
2443,R02443,0,train
2444,R02444,0,test
2445,R02445,0,train
2446,R02446,0,test
2447,R02447,0,train
2448,R02448,1,val
2449,R02449,0,test
2450,R02450,1,train
2451,R02451,0,train
2452,R02452,0,train
2453,R02453,0,train
2454,R02454,0,test
2455,R02455,0,train
2456,R02456,1,train
2457,R02457,0,test
2458,R02458,0,train
2459,R02459,0,train
2460,R02460,0,train
2461,R02461,0,train
2462,R02462,0,train
2463,R02463,0,train
2464,R02464,0,test
2465,R02465,0,train
2466,R02466,0,test
2467,R02467,0,train
2468,R02468,0,train
2469,R02469,0,train
2470,R02470,0,test
2471,R02471,0,train
2472,R02472,0,train
2473,R02473,0,train
2474,R02474,0,val
2475,R02475,0,train
2476,R02476,0,test
2477,R02477,0,train
2478,R02478,0,train
2479,R02479,0,train
2480,R02480,0,val
2481,R02481,0,val
2482,R02482,0,train
2483,R02483,0,test
2484,R02484,0,train
2485,R02485,0,val
2486,R02486,0,train
2487,R02487,0,train
2488,R02488,0,train
2489,R02489,0,test
2490,R02490,0,train
2491,R02491,0,train
2492,R02492,0,train
2493,R02493,0,train
2494,R02494,1,train
2495,R02495,0,train
2496,R02496,0,train
2497,R02497,0,val
2498,R02498,0,test
2499,R02499,0,train
2500,R02500,0,test
2501,R02501,0,train
2502,R02502,0,val
2503,R02503,0,train
2504,R02504,0,test
2505,R02505,0,val
2506,R02506,0,train
2507,R02507,1,train
2508,R02508,0,val
2509,R02509,0,train
2510,R02510,0,train
2511,R02511,0,val
2512,R02512,0,train
2513,R02513,0,train
2514,R02514,0,val
2515,R02515,0,train
2516,R02516,0,train
2517,R02517,0,train
2518,R02518,0,train
2519,R02519,0,train
2520,R02520,0,train
2521,R02521,0,val
2522,R02522,0,train
2523,R02523,0,train
2524,R02524,0,train
2525,R02525,0,train
2526,R02526,0,train
2527,R02527,0,train
2528,R02528,1,train
2529,R02529,0,val
2530,R02530,0,test
2531,R02531,0,train
2532,R02532,0,train
2533,R02533,0,train
2534,R02534,0,train
2535,R02535,0,val
2536,R02536,0,train
2537,R02537,0,val
2538,R02538,0,test
2539,R02539,0,train
2540,R02540,0,test
2541,R02541,0,val
2542,R02542,0,val
2543,R02543,0,train
2544,R02544,0,train
2545,R02545,0,train
2546,R02546,0,train
2547,R02547,0,train
2548,R02548,0,train
2549,R02549,0,train
2550,R02550,0,test
2551,R02551,0,train
2552,R02552,0,train
2553,R02553,0,train
2554,R02554,0,train
2555,R02555,0,train
2556,R02556,0,train
2557,R02557,0,train
2558,R02558,0,train
2559,R02559,0,val
2560,R02560,0,train
2561,R02561,0,train
2562,R02562,0,val
2563,R02563,0,val
2564,R02564,0,train
2565,R02565,0,train
2566,R02566,0,test
2567,R02567,0,test
2568,R02568,0,train
2569,R02569,0,train
2570,R02570,0,train
2571,R02571,0,train
2572,R02572,0,train
2573,R02573,0,val
2574,R02574,0,val
2575,R02575,0,train
2576,R02576,0,train
2577,R02577,0,train
2578,R02578,0,train
2579,R02579,0,train
2580,R02580,1,train
2581,R02581,0,train
2582,R02582,0,train
2583,R02583,0,val
2584,R02584,0,train
2585,R02585,1,train
2586,R02586,0,val
2587,R02587,0,train
2588,R02588,0,val
2589,R02589,0,train
2590,R02590,0,test
2591,R02591,0,train
2592,R02592,0,train
2593,R02593,0,train
2594,R02594,0,train
2595,R02595,0,val
2596,R02596,0,train
2597,R02597,0,train
2598,R02598,0,train
2599,R02599,0,train
2600,R02600,0,train
2601,R02601,0,train
2602,R02602,0,val
2603,R02603,0,train
2604,R02604,0,train
2605,R02605,0,train
2606,R02606,0,train
2607,R02607,1,val
2608,R02608,0,train
2609,R02609,0,val
2610,R02610,0,train
2611,R02611,0,train
2612,R02612,0,train
2613,R02613,0,train
2614,R02614,0,train
2615,R02615,0,train
2616,R02616,0,test
2617,R02617,0,train
2618,R02618,0,train
2619,R02619,0,train
2620,R02620,0,train
2621,R02621,0,train
2622,R02622,0,train
2623,R02623,0,val
2624,R02624,0,train
2625,R02625,0,val
2626,R02626,0,test
2627,R02627,0,train
2628,R02628,0,test
2629,R02629,0,train
2630,R02630,1,train
2631,R02631,0,train
2632,R02632,0,train
2633,R02633,1,train
2634,R02634,1,train
2635,R02635,0,val
2636,R02636,0,train
2637,R02637,0,train
2638,R02638,0,train
2639,R02639,0,test
2640,R02640,0,val
2641,R02641,0,train
2642,R02642,0,train
2643,R02643,0,train
2644,R02644,0,train
2645,R02645,0,train
2646,R02646,0,test
2647,R02647,0,train
2648,R02648,0,train
2649,R02649,0,train
2650,R02650,0,test
2651,R02651,0,test
2652,R02652,0,val
2653,R02653,0,test
2654,R02654,0,test
2655,R02655,0,val
2656,R02656,0,train
2657,R02657,0,train
2658,R02658,0,test
2659,R02659,0,train
2660,R02660,0,train
2661,R02661,0,val
2662,R02662,1,val
2663,R02663,0,val
2664,R02664,1,train
2665,R02665,0,train
2666,R02666,1,val
2667,R02667,0,test
2668,R02668,0,train
2669,R02669,0,train
2670,R02670,0,train
2671,R02671,0,train
2672,R02672,0,train
2673,R02673,1,train
2674,R02674,0,test
2675,R02675,0,train
2676,R02676,0,train
2677,R02677,0,train
2678,R02678,0,train
2679,R02679,0,train
2680,R02680,0,test
2681,R02681,0,test
2682,R02682,0,train
2683,R02683,1,test
2684,R02684,0,train
2685,R02685,0,train
2686,R02686,0,train
2687,R02687,0,train
2688,R02688,0,test
2689,R02689,0,train
2690,R02690,0,val
2691,R02691,0,train
2692,R02692,0,test
2693,R02693,0,val
2694,R02694,0,test
2695,R02695,0,train
2696,R02696,0,train
2697,R02697,0,train
2698,R02698,0,train
2699,R02699,0,train
2700,R02700,0,train
2701,R02701,0,train
2702,R02702,0,train
2703,R02703,0,train
2704,R02704,0,train
2705,R02705,0,train
2706,R02706,0,train
2707,R02707,0,train
2708,R02708,0,val
2709,R02709,0,train
2710,R02710,0,val
2711,R02711,0,train
2712,R02712,0,test
2713,R02713,0,train
2714,R02714,0,test
2715,R02715,0,val
2716,R02716,0,test
2717,R02717,0,test
2718,R02718,0,test
2719,R02719,0,train
2720,R02720,0,train
2721,R02721,0,train
2722,R02722,0,train
2723,R02723,0,val
2724,R02724,0,train
2725,R02725,0,val
2726,R02726,0,train
2727,R02727,0,train
2728,R02728,0,train
2729,R02729,0,test
2730,R02730,0,train
2731,R02731,0,test
2732,R02732,0,train
2733,R02733,0,train
2734,R02734,0,train
2735,R02735,0,train
2736,R02736,0,val
2737,R02737,0,train
2738,R02738,0,train
2739,R02739,0,test
2740,R02740,0,train
2741,R02741,0,val
2742,R02742,0,train
2743,R02743,0,test
2744,R02744,1,train
2745,R02745,0,train
2746,R02746,0,train
2747,R02747,0,train
2748,R02748,0,test
2749,R02749,0,train
2750,R02750,0,train
2751,R02751,0,train
2752,R02752,0,val
2753,R02753,0,train
2754,R02754,0,train
2755,R02755,0,train
2756,R02756,0,test
2757,R02757,0,train
2758,R02758,0,train
2759,R02759,1,train
2760,R02760,0,train
2761,R02761,0,train
2762,R02762,1,train
2763,R02763,0,train
2764,R02764,0,val
2765,R02765,0,test
2766,R02766,0,train
2767,R02767,0,test
2768,R02768,0,train
2769,R02769,1,train
2770,R02770,0,test
2771,R02771,0,test
2772,R02772,0,train
2773,R02773,0,train
2774,R02774,0,train
2775,R02775,0,test
2776,R02776,0,train
2777,R02777,0,train
2778,R02778,0,train
2779,R02779,1,train
2780,R02780,0,val
2781,R02781,0,train
2782,R02782,0,train
2783,R02783,0,train
2784,R02784,1,test
2785,R02785,0,train
2786,R02786,0,train
2787,R02787,0,train
2788,R02788,0,test
2789,R02789,0,train
2790,R02790,0,train
2791,R02791,1,test
2792,R02792,0,val
2793,R02793,0,train
2794,R02794,0,train
2795,R02795,0,train
2796,R02796,0,train
2797,R02797,1,train
2798,R02798,0,train
2799,R02799,0,train
2800,R02800,0,train
2801,R02801,0,train
2802,R02802,1,train
2803,R02803,0,val
2804,R02804,0,train
2805,R02805,0,train
2806,R02806,0,val
2807,R02807,0,train
2808,R02808,0,val
2809,R02809,1,train
2810,R02810,0,train
2811,R02811,0,val
2812,R02812,0,test
2813,R02813,1,train
2814,R02814,0,test
2815,R02815,0,train
2816,R02816,0,test
2817,R02817,0,train
2818,R02818,0,train
2819,R02819,0,train
2820,R02820,0,train
2821,R02821,0,train
2822,R02822,0,train
2823,R02823,1,train
2824,R02824,0,train
2825,R02825,0,test
2826,R02826,0,train
2827,R02827,0,train
2828,R02828,0,val
2829,R02829,0,train
2830,R02830,0,train
2831,R02831,0,test
2832,R02832,0,val
2833,R02833,0,val
2834,R02834,0,test
2835,R02835,0,train
2836,R02836,0,test
2837,R02837,0,test
2838,R02838,0,train
2839,R02839,0,test
2840,R02840,0,train
2841,R02841,0,val
2842,R02842,0,val
2843,R02843,0,train
2844,R02844,0,test
2845,R02845,0,test
2846,R02846,0,val
2847,R02847,0,train
2848,R02848,0,train
2849,R02849,0,train
2850,R02850,0,test
2851,R02851,0,train
2852,R02852,0,train
2853,R02853,0,test
2854,R02854,0,train
2855,R02855,0,train
2856,R02856,1,val
2857,R02857,0,train
2858,R02858,1,train
2859,R02859,0,train
2860,R02860,0,train
2861,R02861,0,test
2862,R02862,0,test
2863,R02863,0,train
2864,R02864,0,val
2865,R02865,0,test
2866,R02866,0,test
2867,R02867,0,train
2868,R02868,0,train
2869,R02869,0,train
2870,R02870,0,train
2871,R02871,0,val
2872,R02872,0,train
2873,R02873,0,test
2874,R02874,0,test
2875,R02875,0,train
2876,R02876,0,test
2877,R02877,0,test
2878,R02878,1,train
2879,R02879,0,train
2880,R02880,0,train
2881,R02881,0,train
2882,R02882,0,train
2883,R02883,0,train
2884,R02884,0,train
2885,R02885,0,train
2886,R02886,0,train
2887,R02887,0,train
2888,R02888,0,train
2889,R02889,0,val
2890,R02890,0,train
2891,R02891,0,test
2892,R02892,0,val
2893,R02893,0,val
2894,R02894,1,train
2895,R02895,0,test
2896,R02896,1,train
2897,R02897,0,train
2898,R02898,0,val
2899,R02899,0,test
2900,R02900,0,val
2901,R02901,0,train
2902,R02902,0,val
2903,R02903,0,train
2904,R02904,0,train
2905,R02905,0,train
2906,R02906,0,train
2907,R02907,0,train
2908,R02908,0,val
2909,R02909,0,train
2910,R02910,0,train
2911,R02911,0,train
2912,R02912,0,val
2913,R02913,0,train
2914,R02914,0,test
2915,R02915,0,train
2916,R02916,0,val
2917,R02917,0,train
2918,R02918,0,train
2919,R02919,0,train
2920,R02920,0,val
2921,R02921,0,train
2922,R02922,0,train
2923,R02923,0,test
2924,R02924,0,train
2925,R02925,0,train
2926,R02926,0,train
2927,R02927,0,val
2928,R02928,0,train
2929,R02929,0,val
2930,R02930,0,test
2931,R02931,0,test
2932,R02932,0,train
2933,R02933,0,train
2934,R02934,1,test
2935,R02935,0,val
2936,R02936,0,test
2937,R02937,1,train
2938,R02938,0,val
2939,R02939,0,test
2940,R02940,0,val
2941,R02941,0,train
2942,R02942,0,test
2943,R02943,0,test
2944,R02944,0,train
2945,R02945,0,train
2946,R02946,0,test
2947,R02947,0,train
2948,R02948,0,test
2949,R02949,0,val
2950,R02950,0,val
2951,R02951,0,test
2952,R02952,0,test
2953,R02953,1,train
2954,R02954,0,train
2955,R02955,0,train
2956,R02956,0,train
2957,R02957,0,train
2958,R02958,0,train
2959,R02959,0,val
2960,R02960,0,val
2961,R02961,0,val
2962,R02962,0,test
2963,R02963,0,train
2964,R02964,0,train
2965,R02965,0,test
2966,R02966,0,train
2967,R02967,0,train
2968,R02968,0,train
2969,R02969,0,train
2970,R02970,0,train
2971,R02971,0,train
2972,R02972,0,test
2973,R02973,0,test
2974,R02974,0,train
2975,R02975,0,val
2976,R02976,0,train
2977,R02977,0,train
2978,R02978,0,train
2979,R02979,0,val
2980,R02980,0,val
2981,R02981,1,train
2982,R02982,0,train
2983,R02983,0,train
2984,R02984,0,train
2985,R02985,0,train
2986,R02986,0,val
2987,R02987,0,train
2988,R02988,0,train
2989,R02989,0,train
2990,R02990,0,train
2991,R02991,0,train
2992,R02992,0,val
2993,R02993,0,val
2994,R02994,0,train
2995,R02995,0,train
2996,R02996,0,train
2997,R02997,0,val
2998,R02998,0,train
2999,R02999,0,train
3000,R03000,0,val
3001,R03001,0,val
3002,R03002,0,val
3003,R03003,0,train
3004,R03004,0,train
3005,R03005,0,train
3006,R03006,0,test
3007,R03007,0,test
3008,R03008,0,train
3009,R03009,0,train
3010,R03010,0,train
3011,R03011,0,train
3012,R03012,0,train
3013,R03013,0,train
3014,R03014,0,train
3015,R03015,0,val
3016,R03016,0,train
3017,R03017,0,train
3018,R03018,0,train
3019,R03019,0,train
3020,R03020,0,train
3021,R03021,0,train
3022,R03022,0,train
3023,R03023,0,val
3024,R03024,0,val
3025,R03025,0,train
3026,R03026,0,val
3027,R03027,0,train
3028,R03028,1,train
3029,R03029,0,test
3030,R03030,0,train
3031,R03031,0,train
3032,R03032,0,train
3033,R03033,0,train
3034,R03034,0,train
3035,R03035,0,train
3036,R03036,0,train
3037,R03037,0,train
3038,R03038,0,train
3039,R03039,0,train
3040,R03040,0,val
3041,R03041,0,train
3042,R03042,0,test
3043,R03043,0,test
3044,R03044,0,train
3045,R03045,0,train
3046,R03046,0,val
3047,R03047,0,test
3048,R03048,0,train
3049,R03049,0,train
3050,R03050,0,train
3051,R03051,0,test
3052,R03052,0,val
3053,R03053,0,train
3054,R03054,0,train
3055,R03055,1,train
3056,R03056,0,train
3057,R03057,0,train
3058,R03058,0,test
3059,R03059,0,train
3060,R03060,0,train
3061,R03061,0,val
3062,R03062,0,train
3063,R03063,0,train
3064,R03064,0,train
3065,R03065,0,train
3066,R03066,0,train
3067,R03067,0,train
3068,R03068,0,train
3069,R03069,0,train
3070,R03070,0,val
3071,R03071,0,test
3072,R03072,0,test
3073,R03073,0,train
3074,R03074,0,train
3075,R03075,0,train
3076,R03076,0,train
3077,R03077,0,train
3078,R03078,0,train
3079,R03079,0,test
3080,R03080,0,val
3081,R03081,0,test
3082,R03082,0,train
3083,R03083,1,test
3084,R03084,0,train
3085,R03085,0,val
3086,R03086,0,val
3087,R03087,0,val
3088,R03088,1,val
3089,R03089,0,train
3090,R03090,0,train
3091,R03091,0,val
3092,R03092,0,train
3093,R03093,0,test
3094,R03094,0,train
3095,R03095,0,test
3096,R03096,0,train
3097,R03097,0,train
3098,R03098,0,train
3099,R03099,0,train
3100,R03100,0,train
3101,R03101,0,train
3102,R03102,0,val
3103,R03103,1,test
3104,R03104,0,train
3105,R03105,0,val
3106,R03106,0,train
3107,R03107,0,val
3108,R03108,0,train
3109,R03109,0,val
3110,R03110,0,val
3111,R03111,0,val
3112,R03112,0,train
3113,R03113,0,train
3114,R03114,0,train
3115,R03115,0,train
3116,R03116,0,train
3117,R03117,0,train
3118,R03118,0,train
3119,R03119,0,train
3120,R03120,0,val
3121,R03121,1,train
3122,R03122,0,train
3123,R03123,0,val
3124,R03124,0,train
3125,R03125,0,train
3126,R03126,0,test
3127,R03127,0,train
3128,R03128,0,train
3129,R03129,0,train
3130,R03130,0,train
3131,R03131,0,train
3132,R03132,0,train
3133,R03133,0,train
3134,R03134,0,train
3135,R03135,0,train
3136,R03136,0,train
3137,R03137,0,train
3138,R03138,0,train
3139,R03139,0,val
3140,R03140,0,val
3141,R03141,0,train
3142,R03142,0,train
3143,R03143,0,train
3144,R03144,0,train
3145,R03145,1,train
3146,R03146,0,train
3147,R03147,0,train
3148,R03148,0,test
3149,R03149,0,train
3150,R03150,0,train
3151,R03151,0,train
3152,R03152,0,val
3153,R03153,0,train
3154,R03154,0,train
3155,R03155,0,test
3156,R03156,0,train
3157,R03157,0,train
3158,R03158,0,train
3159,R03159,0,train
3160,R03160,0,train
3161,R03161,0,train
3162,R03162,0,train
3163,R03163,0,train
3164,R03164,0,train
3165,R03165,0,train
3166,R03166,0,train
3167,R03167,0,train
3168,R03168,0,train
3169,R03169,0,train
3170,R03170,0,train
3171,R03171,1,train
3172,R03172,0,train
3173,R03173,0,train
3174,R03174,0,train
3175,R03175,0,train
3176,R03176,0,val
3177,R03177,0,val
3178,R03178,0,train
3179,R03179,0,train
3180,R03180,0,train
3181,R03181,0,test
3182,R03182,0,test
3183,R03183,0,train
3184,R03184,0,test
3185,R03185,0,test
3186,R03186,1,val
3187,R03187,0,train
3188,R03188,0,val
3189,R03189,0,test
3190,R03190,0,test
3191,R03191,0,train
3192,R03192,0,train
3193,R03193,0,train
3194,R03194,0,train
3195,R03195,0,train
3196,R03196,0,train
3197,R03197,0,train
3198,R03198,0,train
3199,R03199,0,val
3200,R03200,0,train
3201,R03201,0,train
3202,R03202,0,train
3203,R03203,0,val
3204,R03204,0,train
3205,R03205,0,train
3206,R03206,0,train
3207,R03207,0,val
3208,R03208,1,train
3209,R03209,0,train
3210,R03210,0,train
3211,R03211,0,val
3212,R03212,0,test
3213,R03213,0,train
3214,R03214,0,train
3215,R03215,0,train
3216,R03216,0,train
3217,R03217,1,val
3218,R03218,0,train
3219,R03219,0,train
3220,R03220,0,test
3221,R03221,0,train
3222,R03222,0,train
3223,R03223,0,train
3224,R03224,0,train
3225,R03225,0,train
3226,R03226,0,train
3227,R03227,0,train
3228,R03228,0,val
3229,R03229,0,train
3230,R03230,0,train
3231,R03231,0,train
3232,R03232,0,val
3233,R03233,0,train
3234,R03234,0,train
3235,R03235,1,train
3236,R03236,1,train
3237,R03237,0,train
3238,R03238,0,val
3239,R03239,0,train
3240,R03240,0,train
3241,R03241,1,train
3242,R03242,0,train
3243,R03243,0,train
3244,R03244,1,test
3245,R03245,0,train
3246,R03246,0,test
3247,R03247,0,train
3248,R03248,0,train
3249,R03249,0,train
3250,R03250,0,train
3251,R03251,0,train
3252,R03252,0,test
3253,R03253,0,val
3254,R03254,0,train
3255,R03255,0,train
3256,R03256,0,train
3257,R03257,0,val
3258,R03258,0,train
3259,R03259,0,train
3260,R03260,0,test
3261,R03261,0,train
3262,R03262,0,train
3263,R03263,0,train
3264,R03264,0,val
3265,R03265,0,train
3266,R03266,0,train
3267,R03267,0,train
3268,R03268,0,train
3269,R03269,1,train
3270,R03270,0,train
3271,R03271,0,train
3272,R03272,0,val
3273,R03273,1,train
3274,R03274,1,train
3275,R03275,0,val
3276,R03276,0,train
3277,R03277,0,train
3278,R03278,0,val
3279,R03279,0,train
3280,R03280,0,train
3281,R03281,0,train
3282,R03282,0,test
3283,R03283,0,train
3284,R03284,0,train
3285,R03285,0,train
3286,R03286,0,train
3287,R03287,0,test
3288,R03288,0,train
3289,R03289,0,train
3290,R03290,0,train
3291,R03291,0,test
3292,R03292,0,test
3293,R03293,0,test
3294,R03294,0,train
3295,R03295,0,train
3296,R03296,1,val
3297,R03297,0,train
3298,R03298,0,test
3299,R03299,0,train
3300,R03300,0,train
3301,R03301,0,train
3302,R03302,0,test
3303,R03303,1,val
3304,R03304,0,train
3305,R03305,0,test
3306,R03306,0,train
3307,R03307,0,train
3308,R03308,0,test
3309,R03309,1,val
3310,R03310,0,train
3311,R03311,0,train
3312,R03312,0,val
3313,R03313,0,val
3314,R03314,0,train
3315,R03315,0,train
3316,R03316,0,train
3317,R03317,0,train
3318,R03318,0,train
3319,R03319,0,train
3320,R03320,0,val
3321,R03321,0,train
3322,R03322,0,train
3323,R03323,0,train
3324,R03324,0,train
3325,R03325,0,train
3326,R03326,0,train
3327,R03327,0,train
3328,R03328,0,train
3329,R03329,0,train
3330,R03330,0,test
3331,R03331,0,test
3332,R03332,0,train
3333,R03333,0,train
3334,R03334,0,test
3335,R03335,0,train
3336,R03336,0,test
3337,R03337,0,train
3338,R03338,0,train
3339,R03339,0,train
3340,R03340,0,train
3341,R03341,0,train
3342,R03342,0,val
3343,R03343,0,train
3344,R03344,0,train
3345,R03345,0,val
3346,R03346,0,train
3347,R03347,0,test
3348,R03348,0,train
3349,R03349,0,train
3350,R03350,0,train
3351,R03351,0,train
3352,R03352,0,val
3353,R03353,0,train
3354,R03354,0,train
3355,R03355,0,train
3356,R03356,0,train
3357,R03357,0,test
3358,R03358,0,train
3359,R03359,0,train
3360,R03360,1,train
3361,R03361,0,test
3362,R03362,0,train
3363,R03363,0,train
3364,R03364,0,train
3365,R03365,0,test
3366,R03366,0,val
3367,R03367,0,val
3368,R03368,0,test
3369,R03369,0,train
3370,R03370,0,train
3371,R03371,0,test
3372,R03372,0,train
3373,R03373,0,val
3374,R03374,0,train
3375,R03375,0,test
3376,R03376,0,train
3377,R03377,0,train
3378,R03378,0,train
3379,R03379,0,train
3380,R03380,0,train
3381,R03381,0,val
3382,R03382,0,train
3383,R03383,0,train
3384,R03384,0,test
3385,R03385,0,train
3386,R03386,0,train
3387,R03387,0,train
3388,R03388,1,train
3389,R03389,0,test
3390,R03390,0,test
3391,R03391,0,val
3392,R03392,0,train
3393,R03393,0,train
3394,R03394,0,test
3395,R03395,0,train
3396,R03396,0,val
3397,R03397,0,train
3398,R03398,0,test
3399,R03399,0,train
3400,R03400,0,train
3401,R03401,0,train
3402,R03402,0,train
3403,R03403,0,test
3404,R03404,0,train
3405,R03405,0,test
3406,R03406,0,train
3407,R03407,0,train
3408,R03408,0,train
3409,R03409,0,test
3410,R03410,0,train
3411,R03411,0,val
3412,R03412,0,train
3413,R03413,0,test
3414,R03414,0,train
3415,R03415,0,val
3416,R03416,0,train
3417,R03417,0,train
3418,R03418,0,train
3419,R03419,0,train
3420,R03420,0,train
3421,R03421,0,train
3422,R03422,0,train
3423,R03423,0,train
3424,R03424,0,val
3425,R03425,0,train
3426,R03426,0,val
3427,R03427,0,train
3428,R03428,0,train
3429,R03429,0,train
3430,R03430,0,train
3431,R03431,0,train
3432,R03432,0,train
3433,R03433,0,train
3434,R03434,0,train
3435,R03435,0,train
3436,R03436,0,train
3437,R03437,0,train
3438,R03438,0,test
3439,R03439,0,train
3440,R03440,0,train
3441,R03441,0,train
3442,R03442,0,train
3443,R03443,0,train
3444,R03444,0,train
3445,R03445,0,test
3446,R03446,0,train
3447,R03447,0,test
3448,R03448,0,train
3449,R03449,0,train
3450,R03450,0,train
3451,R03451,0,train
3452,R03452,0,train
3453,R03453,0,train
3454,R03454,0,train
3455,R03455,0,train
3456,R03456,0,test
3457,R03457,0,train
3458,R03458,0,train
3459,R03459,0,train
3460,R03460,0,test
3461,R03461,1,test
3462,R03462,0,test
3463,R03463,0,train
3464,R03464,0,train
3465,R03465,1,train
3466,R03466,0,train
3467,R03467,0,train
3468,R03468,1,val
3469,R03469,0,train
3470,R03470,0,train
3471,R03471,0,train
3472,R03472,0,train
3473,R03473,0,test
3474,R03474,0,val
3475,R03475,0,test
3476,R03476,1,train
3477,R03477,0,train
3478,R03478,0,train
3479,R03479,0,val
3480,R03480,0,train
3481,R03481,0,train
3482,R03482,0,train
3483,R03483,0,train
3484,R03484,0,val
3485,R03485,0,train
3486,R03486,0,val
3487,R03487,0,train
3488,R03488,1,train
3489,R03489,0,train
3490,R03490,0,train
3491,R03491,0,train
3492,R03492,0,train
3493,R03493,0,train
3494,R03494,0,train
3495,R03495,0,val
3496,R03496,0,val
3497,R03497,0,test
3498,R03498,0,test
3499,R03499,0,test
3500,R03500,0,train
3501,R03501,0,train
3502,R03502,0,train
3503,R03503,0,train
3504,R03504,0,train
3505,R03505,0,test
3506,R03506,1,train
3507,R03507,0,train
3508,R03508,1,train
3509,R03509,1,train
3510,R03510,0,test
3511,R03511,0,test
3512,R03512,0,train
3513,R03513,0,train
3514,R03514,0,train
3515,R03515,0,train
3516,R03516,0,test
3517,R03517,1,train
3518,R03518,0,train
3519,R03519,0,train
3520,R03520,0,train
3521,R03521,0,test
3522,R03522,0,train
3523,R03523,0,test
3524,R03524,0,test
3525,R03525,0,train
3526,R03526,0,test
3527,R03527,0,train
3528,R03528,0,train
3529,R03529,0,train
3530,R03530,0,test
3531,R03531,0,val
3532,R03532,0,val
3533,R03533,0,train
3534,R03534,0,train
3535,R03535,0,train
3536,R03536,0,train
3537,R03537,0,train
3538,R03538,0,val
3539,R03539,0,train
3540,R03540,0,val
3541,R03541,0,train
3542,R03542,0,train
3543,R03543,0,train
3544,R03544,1,train
3545,R03545,0,train
3546,R03546,0,test
3547,R03547,0,val
3548,R03548,0,val
3549,R03549,0,train
3550,R03550,0,train
3551,R03551,0,train
3552,R03552,0,train
3553,R03553,0,train
3554,R03554,0,train
3555,R03555,0,train
3556,R03556,1,val
3557,R03557,0,train
3558,R03558,0,test
3559,R03559,0,val
3560,R03560,0,train
3561,R03561,0,test
3562,R03562,0,train
3563,R03563,0,train
3564,R03564,0,test
3565,R03565,0,test
3566,R03566,0,train
3567,R03567,0,train
3568,R03568,0,train
3569,R03569,0,train
3570,R03570,0,train
3571,R03571,1,val
3572,R03572,0,train
3573,R03573,0,test
3574,R03574,0,train
3575,R03575,0,train
3576,R03576,0,test
3577,R03577,0,train
3578,R03578,0,train
3579,R03579,0,train
3580,R03580,0,val
3581,R03581,0,train
3582,R03582,0,train
3583,R03583,0,train
3584,R03584,0,train
3585,R03585,0,train
3586,R03586,0,train
3587,R03587,0,train
3588,R03588,0,val
3589,R03589,0,train
3590,R03590,0,train
3591,R03591,0,train
3592,R03592,0,test
3593,R03593,0,train
3594,R03594,0,train
3595,R03595,0,test
3596,R03596,0,train
3597,R03597,1,train
3598,R03598,0,train
3599,R03599,0,train
3600,R03600,0,train
3601,R03601,1,train
3602,R03602,0,test
3603,R03603,0,val
3604,R03604,0,train
3605,R03605,0,train
3606,R03606,0,val
3607,R03607,0,val
3608,R03608,0,val
3609,R03609,0,train
3610,R03610,0,train
3611,R03611,0,train
3612,R03612,0,train
3613,R03613,0,train
3614,R03614,0,train
3615,R03615,0,train
3616,R03616,0,train
3617,R03617,0,train
3618,R03618,0,test
3619,R03619,0,train
3620,R03620,0,train
3621,R03621,0,train
3622,R03622,0,train
3623,R03623,0,train
3624,R03624,0,test
3625,R03625,0,train
3626,R03626,1,train
3627,R03627,0,train
3628,R03628,0,train
3629,R03629,0,test
3630,R03630,0,val
3631,R03631,0,val
3632,R03632,0,train
3633,R03633,0,train
3634,R03634,0,train
3635,R03635,0,val
3636,R03636,0,train
3637,R03637,0,train
3638,R03638,0,train
3639,R03639,0,train
3640,R03640,1,test
3641,R03641,0,train
3642,R03642,0,train
3643,R03643,0,val
3644,R03644,0,test
3645,R03645,0,train
3646,R03646,0,train
3647,R03647,0,val
3648,R03648,0,test
3649,R03649,0,train
3650,R03650,0,train
3651,R03651,0,train
3652,R03652,0,test
3653,R03653,0,train
3654,R03654,0,train
3655,R03655,0,train
3656,R03656,0,train
3657,R03657,0,train
3658,R03658,0,val
3659,R03659,0,train
3660,R03660,0,val
3661,R03661,0,train
3662,R03662,0,val
3663,R03663,0,train
3664,R03664,0,val
3665,R03665,0,test
3666,R03666,1,train
3667,R03667,1,train
3668,R03668,0,train
3669,R03669,0,train
3670,R03670,0,train
3671,R03671,0,train
3672,R03672,0,train
3673,R03673,0,test
3674,R03674,0,train
3675,R03675,0,val
3676,R03676,0,train
3677,R03677,0,train
3678,R03678,0,train
3679,R03679,0,test
3680,R03680,0,val
3681,R03681,0,train
3682,R03682,0,train
3683,R03683,0,val
3684,R03684,0,train
3685,R03685,0,train
3686,R03686,0,train
3687,R03687,0,train
3688,R03688,0,train
3689,R03689,0,train
3690,R03690,0,train
3691,R03691,0,test
3692,R03692,0,val
3693,R03693,0,val
3694,R03694,0,val
3695,R03695,0,test
3696,R03696,0,val
3697,R03697,0,val
3698,R03698,0,train
3699,R03699,0,train
3700,R03700,0,train
3701,R03701,0,train
3702,R03702,0,test
3703,R03703,1,train
3704,R03704,0,train
3705,R03705,0,train
3706,R03706,0,test
3707,R03707,0,train
3708,R03708,0,test
3709,R03709,0,test
3710,R03710,0,train
3711,R03711,0,train
3712,R03712,0,train
3713,R03713,0,train
3714,R03714,0,val
3715,R03715,0,train
3716,R03716,0,val
3717,R03717,0,train
3718,R03718,0,train
3719,R03719,0,train
3720,R03720,0,train
3721,R03721,0,train
3722,R03722,0,train
3723,R03723,0,val
3724,R03724,0,test
3725,R03725,0,val
3726,R03726,0,train
3727,R03727,0,train
3728,R03728,0,train
3729,R03729,0,train
3730,R03730,1,val
3731,R03731,1,train
3732,R03732,0,train
3733,R03733,0,train
3734,R03734,0,val
3735,R03735,0,train
3736,R03736,0,train
3737,R03737,0,train
3738,R03738,0,train
3739,R03739,0,train
3740,R03740,0,train
3741,R03741,1,train
3742,R03742,0,train
3743,R03743,0,test
3744,R03744,0,test
3745,R03745,0,test
3746,R03746,0,train
3747,R03747,0,test
3748,R03748,0,train
3749,R03749,0,train
3750,R03750,0,train
3751,R03751,0,train
3752,R03752,0,train
3753,R03753,1,train
3754,R03754,0,val
3755,R03755,0,test
3756,R03756,0,test
3757,R03757,0,val
3758,R03758,0,test
3759,R03759,0,val
3760,R03760,0,test
3761,R03761,0,train
3762,R03762,1,test
3763,R03763,0,train
3764,R03764,0,train
3765,R03765,0,train
3766,R03766,0,train
3767,R03767,0,val
3768,R03768,0,train
3769,R03769,0,val
3770,R03770,0,train
3771,R03771,0,train
3772,R03772,0,train
3773,R03773,0,train
3774,R03774,0,train
3775,R03775,0,train
3776,R03776,0,train
3777,R03777,1,train
3778,R03778,0,train
3779,R03779,0,train
3780,R03780,0,test
3781,R03781,0,train
3782,R03782,1,train
3783,R03783,0,train
3784,R03784,0,val
3785,R03785,0,val
3786,R03786,0,train
3787,R03787,0,val
3788,R03788,0,train
3789,R03789,0,train
3790,R03790,1,train
3791,R03791,0,val
3792,R03792,0,test
3793,R03793,0,train
3794,R03794,0,train
3795,R03795,0,train
3796,R03796,0,train
3797,R03797,0,train
3798,R03798,0,train
3799,R03799,0,train
3800,R03800,0,train
3801,R03801,0,train
3802,R03802,0,train
3803,R03803,0,train
3804,R03804,0,train
3805,R03805,0,test
3806,R03806,0,val
3807,R03807,0,train
3808,R03808,0,train
3809,R03809,0,val
3810,R03810,0,train
3811,R03811,0,test
3812,R03812,1,train
3813,R03813,0,train
3814,R03814,0,train
3815,R03815,0,train
3816,R03816,0,train
3817,R03817,0,val
3818,R03818,0,train
3819,R03819,0,train
3820,R03820,0,train
3821,R03821,0,test
3822,R03822,1,test
3823,R03823,0,train
3824,R03824,0,test
3825,R03825,0,train
3826,R03826,0,test
3827,R03827,0,train
3828,R03828,0,val
3829,R03829,0,train
3830,R03830,0,train
3831,R03831,0,train
3832,R03832,0,train
3833,R03833,0,train
3834,R03834,1,train
3835,R03835,0,train
3836,R03836,0,train
3837,R03837,0,train
3838,R03838,0,train
3839,R03839,0,train
3840,R03840,0,train
3841,R03841,0,val
3842,R03842,0,test
3843,R03843,0,train
3844,R03844,0,val
3845,R03845,0,val
3846,R03846,0,train
3847,R03847,0,train
3848,R03848,0,train
3849,R03849,0,test
3850,R03850,0,test
3851,R03851,0,val
3852,R03852,0,train
3853,R03853,0,train
3854,R03854,0,train
3855,R03855,0,train
3856,R03856,0,train
3857,R03857,0,train
3858,R03858,0,val
3859,R03859,0,train
3860,R03860,0,train
3861,R03861,0,train
3862,R03862,0,train
3863,R03863,0,train
3864,R03864,0,test
3865,R03865,0,train
3866,R03866,1,train
3867,R03867,0,val
3868,R03868,0,train
3869,R03869,0,val
3870,R03870,0,train
3871,R03871,0,val
3872,R03872,0,train
3873,R03873,0,train
3874,R03874,0,val
3875,R03875,0,val
3876,R03876,0,train
3877,R03877,0,train
3878,R03878,0,train
3879,R03879,0,train
3880,R03880,0,train
3881,R03881,0,val
3882,R03882,0,val
3883,R03883,0,train
3884,R03884,0,val
3885,R03885,0,val
3886,R03886,0,train
3887,R03887,0,train
3888,R03888,0,train
3889,R03889,0,train
3890,R03890,0,train
3891,R03891,0,train
3892,R03892,0,train
3893,R03893,0,val
3894,R03894,0,test
3895,R03895,0,test
3896,R03896,0,val
3897,R03897,0,test
3898,R03898,0,val
3899,R03899,0,test
3900,R03900,0,test
3901,R03901,0,val
3902,R03902,0,test
3903,R03903,0,train
3904,R03904,0,train
3905,R03905,0,train
3906,R03906,0,train
3907,R03907,0,train
3908,R03908,0,train
3909,R03909,0,train
3910,R03910,0,val
3911,R03911,0,train
3912,R03912,0,train
3913,R03913,0,train
3914,R03914,0,train
3915,R03915,0,train
3916,R03916,0,train
3917,R03917,1,train
3918,R03918,0,train
3919,R03919,0,train
3920,R03920,0,train
3921,R03921,0,train
3922,R03922,0,train
3923,R03923,0,train
3924,R03924,0,val
3925,R03925,0,test
3926,R03926,0,val
3927,R03927,0,train
3928,R03928,0,train
3929,R03929,0,val
3930,R03930,0,train
3931,R03931,0,test
3932,R03932,0,train
3933,R03933,0,train
3934,R03934,0,train
3935,R03935,0,test
3936,R03936,0,test
3937,R03937,0,train
3938,R03938,0,train
3939,R03939,0,train
3940,R03940,0,train
3941,R03941,0,val
3942,R03942,0,train
3943,R03943,0,train
3944,R03944,0,train
3945,R03945,0,train
3946,R03946,0,val
3947,R03947,0,train
3948,R03948,0,train
3949,R03949,0,train
3950,R03950,1,train
3951,R03951,0,train
3952,R03952,0,train
3953,R03953,0,val
3954,R03954,0,train
3955,R03955,0,train
3956,R03956,0,train
3957,R03957,0,val
3958,R03958,0,test
3959,R03959,0,train
3960,R03960,0,train
3961,R03961,0,train
3962,R03962,0,test
3963,R03963,0,train
3964,R03964,0,train
3965,R03965,0,train
3966,R03966,0,test
3967,R03967,0,test
3968,R03968,0,train
3969,R03969,0,train
3970,R03970,0,val
3971,R03971,0,train
3972,R03972,0,train
3973,R03973,0,test
3974,R03974,1,train
3975,R03975,0,train
3976,R03976,0,val
3977,R03977,0,train
3978,R03978,0,test
3979,R03979,0,val
3980,R03980,0,train
3981,R03981,0,val
3982,R03982,0,train
3983,R03983,0,train
3984,R03984,0,train
3985,R03985,0,train
3986,R03986,0,train
3987,R03987,0,test
3988,R03988,0,train
3989,R03989,0,train
3990,R03990,0,test
3991,R03991,0,train
3992,R03992,0,train
3993,R03993,0,train
3994,R03994,0,train
3995,R03995,0,train
3996,R03996,0,train
3997,R03997,0,val
3998,R03998,0,train
3999,R03999,1,test
4000,R04000,0,train
4001,R04001,0,train
4002,R04002,1,train
4003,R04003,0,val
4004,R04004,0,train
4005,R04005,0,train
4006,R04006,0,train
4007,R04007,0,train
4008,R04008,0,val
4009,R04009,0,train
4010,R04010,0,train
4011,R04011,0,train
4012,R04012,0,test
4013,R04013,0,train
4014,R04014,0,val
4015,R04015,0,train
4016,R04016,0,test
4017,R04017,0,train
4018,R04018,0,train
4019,R04019,0,train
4020,R04020,0,train
4021,R04021,0,train
4022,R04022,0,train
4023,R04023,0,train
4024,R04024,0,train
4025,R04025,0,val
4026,R04026,0,train
4027,R04027,1,train
4028,R04028,0,test
4029,R04029,0,train
4030,R04030,0,train
4031,R04031,0,train
4032,R04032,0,test
4033,R04033,0,train
4034,R04034,0,train
4035,R04035,0,train
4036,R04036,0,train
4037,R04037,1,train
4038,R04038,0,train
4039,R04039,0,train
4040,R04040,0,val
4041,R04041,0,train
4042,R04042,0,train
4043,R04043,0,test
4044,R04044,0,test
4045,R04045,0,test
4046,R04046,0,train
4047,R04047,0,train
4048,R04048,0,train
4049,R04049,0,train
4050,R04050,0,val
4051,R04051,0,val
4052,R04052,0,train
4053,R04053,1,test
4054,R04054,0,train
4055,R04055,0,test
4056,R04056,0,val
4057,R04057,0,train
4058,R04058,0,train
4059,R04059,0,train
4060,R04060,0,train
4061,R04061,0,train
4062,R04062,0,train
4063,R04063,0,test
4064,R04064,0,test
4065,R04065,0,train
4066,R04066,0,train
4067,R04067,0,train
4068,R04068,1,train
4069,R04069,0,train
4070,R04070,0,train
4071,R04071,0,train
4072,R04072,1,train
4073,R04073,0,test
4074,R04074,0,train
4075,R04075,0,train
4076,R04076,0,val
4077,R04077,0,train
4078,R04078,0,train
4079,R04079,0,train
4080,R04080,0,train
4081,R04081,0,train
4082,R04082,0,train
4083,R04083,0,test
4084,R04084,0,train
4085,R04085,0,val
4086,R04086,0,train
4087,R04087,0,train
4088,R04088,0,train
4089,R04089,0,test
4090,R04090,0,train
4091,R04091,0,train
4092,R04092,0,train
4093,R04093,0,test
4094,R04094,0,train
4095,R04095,0,train
4096,R04096,0,train
4097,R04097,0,train
4098,R04098,0,train
4099,R04099,0,test
4100,R04100,0,train
4101,R04101,0,train
4102,R04102,0,train
4103,R04103,0,train
4104,R04104,0,train
4105,R04105,1,train
4106,R04106,0,train
4107,R04107,0,train
4108,R04108,0,test
4109,R04109,0,train
4110,R04110,0,train
4111,R04111,0,val
4112,R04112,0,train
4113,R04113,0,train
4114,R04114,0,test
4115,R04115,0,train
4116,R04116,0,test
4117,R04117,0,test
4118,R04118,0,train
4119,R04119,0,val
4120,R04120,0,train
4121,R04121,0,test
4122,R04122,0,train
4123,R04123,0,train
4124,R04124,0,train
4125,R04125,0,train
4126,R04126,0,train
4127,R04127,0,train
4128,R04128,0,test
4129,R04129,0,test
4130,R04130,0,test
4131,R04131,0,train
4132,R04132,0,train
4133,R04133,0,train
4134,R04134,0,train
4135,R04135,0,train
4136,R04136,0,train
4137,R04137,0,train
4138,R04138,0,train
4139,R04139,0,train
4140,R04140,0,val
4141,R04141,0,train
4142,R04142,0,train
4143,R04143,0,train
4144,R04144,0,train
4145,R04145,1,train
4146,R04146,0,val
4147,R04147,0,train
4148,R04148,0,train
4149,R04149,0,test
4150,R04150,0,train
4151,R04151,0,train
4152,R04152,0,train
4153,R04153,0,test
4154,R04154,1,train
4155,R04155,0,train
4156,R04156,0,train
4157,R04157,0,train
4158,R04158,0,train
4159,R04159,1,train
4160,R04160,0,test
4161,R04161,0,train
4162,R04162,0,train
4163,R04163,0,val
4164,R04164,0,train
4165,R04165,0,train
4166,R04166,0,train
4167,R04167,0,train
4168,R04168,0,test
4169,R04169,1,train
4170,R04170,0,train
4171,R04171,0,train
4172,R04172,0,train
4173,R04173,0,train
4174,R04174,0,test
4175,R04175,0,test
4176,R04176,0,train
4177,R04177,0,train
4178,R04178,1,test
4179,R04179,0,test
4180,R04180,0,test
4181,R04181,0,test
4182,R04182,0,train
4183,R04183,0,train
4184,R04184,0,train
4185,R04185,0,test
4186,R04186,0,test
4187,R04187,0,test
4188,R04188,0,val
4189,R04189,0,val
4190,R04190,0,train
4191,R04191,0,train
4192,R04192,0,train
4193,R04193,0,train
4194,R04194,1,train
4195,R04195,0,val
4196,R04196,0,train
4197,R04197,0,test
4198,R04198,0,train
4199,R04199,0,train
4200,R04200,0,train
4201,R04201,0,test
4202,R04202,0,train
4203,R04203,0,train
4204,R04204,0,train
4205,R04205,0,val
4206,R04206,0,train
4207,R04207,0,test
4208,R04208,0,train
4209,R04209,0,train
4210,R04210,0,train
4211,R04211,0,train
4212,R04212,1,val
4213,R04213,0,train
4214,R04214,0,train
4215,R04215,1,train
4216,R04216,0,train
4217,R04217,0,train
4218,R04218,0,train
4219,R04219,0,train
4220,R04220,0,train
4221,R04221,0,train
4222,R04222,0,train
4223,R04223,0,train
4224,R04224,0,test
4225,R04225,0,train
4226,R04226,0,val
4227,R04227,0,train
4228,R04228,0,train
4229,R04229,0,train
4230,R04230,0,train
4231,R04231,0,train
4232,R04232,0,train
4233,R04233,0,train
4234,R04234,1,train
4235,R04235,0,train
4236,R04236,0,train
4237,R04237,0,val
4238,R04238,0,val
4239,R04239,0,test
4240,R04240,0,train
4241,R04241,0,test
4242,R04242,0,train
4243,R04243,1,train
4244,R04244,1,train
4245,R04245,0,val
4246,R04246,0,test
4247,R04247,0,train
4248,R04248,0,train
4249,R04249,0,train
4250,R04250,0,train
4251,R04251,1,train
4252,R04252,0,val
4253,R04253,0,test
4254,R04254,0,test
4255,R04255,0,train
4256,R04256,0,train
4257,R04257,0,val
4258,R04258,0,val
4259,R04259,0,train
4260,R04260,0,train
4261,R04261,0,train
4262,R04262,0,train
4263,R04263,0,test
4264,R04264,0,train
4265,R04265,0,val
4266,R04266,0,val
4267,R04267,0,test
4268,R04268,0,val
4269,R04269,0,train
4270,R04270,0,train
4271,R04271,0,test
4272,R04272,0,train
4273,R04273,0,val
4274,R04274,0,train
4275,R04275,0,train
4276,R04276,0,train
4277,R04277,0,train
4278,R04278,0,train
4279,R04279,0,train
4280,R04280,0,test
4281,R04281,0,train
4282,R04282,0,test
4283,R04283,0,train
4284,R04284,0,train
4285,R04285,0,train
4286,R04286,0,val
4287,R04287,0,train
4288,R04288,0,train
4289,R04289,1,val
4290,R04290,0,train
4291,R04291,0,train
4292,R04292,0,train
4293,R04293,0,train
4294,R04294,0,test
4295,R04295,0,test
4296,R04296,1,val
4297,R04297,0,train
4298,R04298,0,train
4299,R04299,0,train
4300,R04300,0,train
4301,R04301,0,val
4302,R04302,0,train
4303,R04303,0,val
4304,R04304,0,train
4305,R04305,0,train
4306,R04306,0,train
4307,R04307,0,train
4308,R04308,0,test
4309,R04309,0,train
4310,R04310,0,train
4311,R04311,0,train
4312,R04312,1,train
4313,R04313,0,train
4314,R04314,0,test
4315,R04315,0,train
4316,R04316,0,train
4317,R04317,0,train
4318,R04318,0,train
4319,R04319,0,train
4320,R04320,0,test
4321,R04321,0,train
4322,R04322,0,train
4323,R04323,1,train
4324,R04324,0,val
4325,R04325,0,train
4326,R04326,0,train
4327,R04327,0,test
4328,R04328,0,train
4329,R04329,0,test
4330,R04330,0,val
4331,R04331,0,train
4332,R04332,0,test
4333,R04333,0,train
4334,R04334,0,train
4335,R04335,0,val
4336,R04336,0,test
4337,R04337,0,train
4338,R04338,0,train
4339,R04339,0,train
4340,R04340,0,train
4341,R04341,0,val
4342,R04342,0,train
4343,R04343,1,train
4344,R04344,0,test
4345,R04345,0,train
4346,R04346,0,train
4347,R04347,0,train
4348,R04348,0,val
4349,R04349,0,train
4350,R04350,0,test
4351,R04351,0,train
4352,R04352,0,train
4353,R04353,0,val
4354,R04354,0,train
4355,R04355,0,test
4356,R04356,0,train
4357,R04357,0,train
4358,R04358,0,train
4359,R04359,0,test
4360,R04360,0,train
4361,R04361,0,val
4362,R04362,1,val
4363,R04363,0,test
4364,R04364,1,test
4365,R04365,0,test
4366,R04366,0,train
4367,R04367,0,train
4368,R04368,0,train
4369,R04369,0,train
4370,R04370,0,train
4371,R04371,0,train
4372,R04372,0,test
4373,R04373,0,val
4374,R04374,0,train
4375,R04375,0,train
4376,R04376,0,train
4377,R04377,0,train
4378,R04378,0,train
4379,R04379,0,train
4380,R04380,0,train
4381,R04381,0,train
4382,R04382,0,train
4383,R04383,0,train
4384,R04384,0,train
4385,R04385,0,train
4386,R04386,0,test
4387,R04387,0,train
4388,R04388,0,train
4389,R04389,0,train
4390,R04390,0,train
4391,R04391,0,train
4392,R04392,0,train
4393,R04393,0,train
4394,R04394,0,train
4395,R04395,0,test
4396,R04396,0,train
4397,R04397,0,train
4398,R04398,0,train
4399,R04399,0,train
4400,R04400,0,val
4401,R04401,0,val
4402,R04402,0,test
4403,R04403,0,train
4404,R04404,0,train
4405,R04405,0,val
4406,R04406,0,train
4407,R04407,0,test
4408,R04408,0,train
4409,R04409,0,train
4410,R04410,0,train
4411,R04411,0,train
4412,R04412,0,train
4413,R04413,0,train
4414,R04414,0,train
4415,R04415,0,train
4416,R04416,0,train
4417,R04417,1,train
4418,R04418,0,train
4419,R04419,0,train
4420,R04420,0,train
4421,R04421,1,train
4422,R04422,0,train
4423,R04423,1,train
4424,R04424,0,train
4425,R04425,0,train
4426,R04426,0,train
4427,R04427,0,train
4428,R04428,0,train
4429,R04429,0,test
4430,R04430,0,train
4431,R04431,0,test
4432,R04432,0,train
4433,R04433,0,train
4434,R04434,0,train
4435,R04435,0,train
4436,R04436,0,train
4437,R04437,0,train
4438,R04438,0,test
4439,R04439,0,train
4440,R04440,0,train
4441,R04441,0,val
4442,R04442,0,train
4443,R04443,1,test
4444,R04444,0,test
4445,R04445,0,train
4446,R04446,0,test
4447,R04447,0,train
4448,R04448,0,test
4449,R04449,0,train
4450,R04450,0,test
4451,R04451,0,val
4452,R04452,0,train
4453,R04453,0,test
4454,R04454,0,train
4455,R04455,0,test
4456,R04456,0,train
4457,R04457,1,train
4458,R04458,0,train
4459,R04459,0,train
4460,R04460,0,test
4461,R04461,0,train
4462,R04462,0,val
4463,R04463,0,train
4464,R04464,0,train
4465,R04465,0,train
4466,R04466,0,train
4467,R04467,0,train
4468,R04468,0,train
4469,R04469,0,train
4470,R04470,0,val
4471,R04471,0,val
4472,R04472,0,train
4473,R04473,0,train
4474,R04474,0,train
4475,R04475,0,train
4476,R04476,0,train
4477,R04477,0,train
4478,R04478,0,train
4479,R04479,0,train
4480,R04480,0,train
4481,R04481,0,train
4482,R04482,0,val
4483,R04483,0,train
4484,R04484,0,train
4485,R04485,0,test
4486,R04486,0,train
4487,R04487,0,train
4488,R04488,0,val
4489,R04489,0,train
4490,R04490,0,train
4491,R04491,0,train
4492,R04492,0,val
4493,R04493,0,train
4494,R04494,0,test
4495,R04495,0,train
4496,R04496,0,train
4497,R04497,0,val
4498,R04498,0,train
4499,R04499,0,train
4500,R04500,0,train
4501,R04501,0,train
4502,R04502,0,train
4503,R04503,0,train
4504,R04504,0,val
4505,R04505,0,test
4506,R04506,0,train
4507,R04507,0,train
4508,R04508,0,train
4509,R04509,0,test
4510,R04510,0,train
4511,R04511,0,train
4512,R04512,0,train
4513,R04513,0,train
4514,R04514,0,test
4515,R04515,0,train
4516,R04516,0,train
4517,R04517,0,val
4518,R04518,0,val
4519,R04519,0,train
4520,R04520,0,val
4521,R04521,0,train
4522,R04522,0,train
4523,R04523,0,train
4524,R04524,0,train
4525,R04525,0,val
4526,R04526,0,train
4527,R04527,0,train
4528,R04528,0,train
4529,R04529,0,train
4530,R04530,0,train
4531,R04531,0,train
4532,R04532,0,train
4533,R04533,0,train
4534,R04534,0,train
4535,R04535,1,test
4536,R04536,1,val
4537,R04537,0,val
4538,R04538,0,train
4539,R04539,0,train
4540,R04540,0,test
4541,R04541,0,test
4542,R04542,0,train
4543,R04543,0,train
4544,R04544,0,train
4545,R04545,0,train
4546,R04546,0,train
4547,R04547,0,train
4548,R04548,0,train
4549,R04549,0,train
4550,R04550,0,train
4551,R04551,0,train
4552,R04552,0,train
4553,R04553,0,test
4554,R04554,0,train
4555,R04555,0,train
4556,R04556,0,train
4557,R04557,0,train
4558,R04558,0,test
4559,R04559,0,val
4560,R04560,0,train
4561,R04561,0,train
4562,R04562,0,test
4563,R04563,0,test
4564,R04564,0,train
4565,R04565,0,train
4566,R04566,0,train
4567,R04567,0,val
4568,R04568,0,train
4569,R04569,0,val
4570,R04570,0,train
4571,R04571,0,train
4572,R04572,0,test
4573,R04573,0,train
4574,R04574,0,train
4575,R04575,0,val
4576,R04576,0,val
4577,R04577,0,train
4578,R04578,0,train
4579,R04579,0,train
4580,R04580,0,val
4581,R04581,0,train
4582,R04582,0,train
4583,R04583,0,test
4584,R04584,1,val
4585,R04585,0,train
4586,R04586,0,train
4587,R04587,0,train
4588,R04588,0,train
4589,R04589,1,train
4590,R04590,0,train
4591,R04591,0,train
4592,R04592,0,train
4593,R04593,0,val
4594,R04594,0,val
4595,R04595,0,train
4596,R04596,0,train
4597,R04597,0,train
4598,R04598,0,train
4599,R04599,0,train
4600,R04600,0,train
4601,R04601,0,train
4602,R04602,0,val
4603,R04603,0,train
4604,R04604,0,train
4605,R04605,0,train
4606,R04606,1,test
4607,R04607,0,train
4608,R04608,0,train
4609,R04609,0,train
4610,R04610,0,train
4611,R04611,0,train
4612,R04612,0,val
4613,R04613,0,train
4614,R04614,0,val
4615,R04615,0,train
4616,R04616,1,test
4617,R04617,0,test
4618,R04618,0,test
4619,R04619,0,train
4620,R04620,0,train
4621,R04621,0,train
4622,R04622,1,train
4623,R04623,0,val
4624,R04624,0,train
4625,R04625,0,test
4626,R04626,0,train
4627,R04627,0,train
4628,R04628,0,train
4629,R04629,0,val
4630,R04630,0,train
4631,R04631,0,train
4632,R04632,0,train
4633,R04633,0,test
4634,R04634,0,train
4635,R04635,0,train
4636,R04636,0,train
4637,R04637,0,train
4638,R04638,0,val
4639,R04639,0,train
4640,R04640,0,test
4641,R04641,0,train
4642,R04642,0,train
4643,R04643,0,test
4644,R04644,0,val
4645,R04645,0,train
4646,R04646,0,train
4647,R04647,0,train
4648,R04648,0,train
4649,R04649,0,val
4650,R04650,0,train
4651,R04651,0,val
4652,R04652,0,train
4653,R04653,0,train
4654,R04654,0,train
4655,R04655,0,val
4656,R04656,0,train
4657,R04657,1,train
4658,R04658,0,train
4659,R04659,0,train
4660,R04660,0,train
4661,R04661,0,train
4662,R04662,0,test
4663,R04663,0,train
4664,R04664,0,train
4665,R04665,0,val
4666,R04666,0,train
4667,R04667,0,train
4668,R04668,0,train
4669,R04669,0,train
4670,R04670,0,test
4671,R04671,0,train
4672,R04672,0,train
4673,R04673,0,train
4674,R04674,0,test
4675,R04675,0,train
4676,R04676,0,val
4677,R04677,0,train
4678,R04678,0,train
4679,R04679,0,val
4680,R04680,0,train
4681,R04681,0,train
4682,R04682,0,test
4683,R04683,0,train
4684,R04684,0,train
4685,R04685,0,train
4686,R04686,0,test
4687,R04687,0,train
4688,R04688,0,train
4689,R04689,0,train
4690,R04690,0,val
4691,R04691,0,train
4692,R04692,0,test
4693,R04693,0,test
4694,R04694,0,train
4695,R04695,0,train
4696,R04696,0,test
4697,R04697,0,train
4698,R04698,1,test
4699,R04699,0,val
4700,R04700,0,train
4701,R04701,0,train
4702,R04702,0,test
4703,R04703,0,train
4704,R04704,0,train
4705,R04705,0,train
4706,R04706,0,val
4707,R04707,0,train
4708,R04708,0,test
4709,R04709,0,train
4710,R04710,0,train
4711,R04711,0,train
4712,R04712,0,train
4713,R04713,1,train
4714,R04714,1,val
4715,R04715,0,val
4716,R04716,0,train
4717,R04717,0,test
4718,R04718,0,train
4719,R04719,0,val
4720,R04720,0,train
4721,R04721,1,train
4722,R04722,0,train
4723,R04723,0,train
4724,R04724,0,train
4725,R04725,0,train
4726,R04726,0,train
4727,R04727,0,train
4728,R04728,0,train
4729,R04729,1,val
4730,R04730,0,train
4731,R04731,1,train
4732,R04732,0,test
4733,R04733,0,train
4734,R04734,0,val
4735,R04735,0,train
4736,R04736,0,train
4737,R04737,0,train
4738,R04738,0,test
4739,R04739,0,train
4740,R04740,0,train
4741,R04741,0,train
4742,R04742,0,train
4743,R04743,0,train
4744,R04744,0,train
4745,R04745,0,train
4746,R04746,0,train
4747,R04747,0,train
4748,R04748,0,test
4749,R04749,0,test
4750,R04750,0,train
4751,R04751,0,val
4752,R04752,0,train
4753,R04753,0,train
4754,R04754,0,train
4755,R04755,0,test
4756,R04756,0,train
4757,R04757,0,val
4758,R04758,0,train
4759,R04759,0,test
4760,R04760,0,train
4761,R04761,1,train
4762,R04762,0,train
4763,R04763,0,train
4764,R04764,0,train
4765,R04765,0,train
4766,R04766,0,train
4767,R04767,0,train
4768,R04768,0,train
4769,R04769,0,train
4770,R04770,0,val
4771,R04771,0,val
4772,R04772,0,train
4773,R04773,1,train
4774,R04774,0,train
4775,R04775,0,test
4776,R04776,0,train
4777,R04777,0,train
4778,R04778,0,train
4779,R04779,0,test
4780,R04780,0,train
4781,R04781,0,train
4782,R04782,0,val
4783,R04783,0,train
4784,R04784,0,train
4785,R04785,0,train
4786,R04786,0,train
4787,R04787,0,train
4788,R04788,0,train
4789,R04789,1,train
4790,R04790,0,val
4791,R04791,0,test
4792,R04792,0,train
4793,R04793,0,val
4794,R04794,0,train
4795,R04795,0,train
4796,R04796,0,train
4797,R04797,0,val
4798,R04798,0,val
4799,R04799,0,train
4800,R04800,0,val
4801,R04801,0,train
4802,R04802,0,train
4803,R04803,0,train
4804,R04804,0,train
4805,R04805,0,train
4806,R04806,0,train
4807,R04807,0,train
4808,R04808,0,train
4809,R04809,0,train
4810,R04810,0,train
4811,R04811,0,train
4812,R04812,0,val
4813,R04813,0,train
4814,R04814,0,test
4815,R04815,0,train
4816,R04816,0,train
4817,R04817,0,train
4818,R04818,0,train
4819,R04819,0,val
4820,R04820,0,train
4821,R04821,0,train
4822,R04822,0,train
4823,R04823,0,train
4824,R04824,0,train
4825,R04825,0,test
4826,R04826,0,val
4827,R04827,0,train
4828,R04828,0,train
4829,R04829,0,train
4830,R04830,0,train
4831,R04831,0,train
4832,R04832,0,val
4833,R04833,0,train
4834,R04834,0,val
4835,R04835,0,train
4836,R04836,0,train
4837,R04837,0,val
4838,R04838,0,test
4839,R04839,0,train
4840,R04840,0,train
4841,R04841,0,test
4842,R04842,0,train
4843,R04843,1,train
4844,R04844,0,train
4845,R04845,0,train
4846,R04846,0,train
4847,R04847,0,val
4848,R04848,0,val
4849,R04849,0,train
4850,R04850,0,train
4851,R04851,0,train
4852,R04852,0,train
4853,R04853,0,train
4854,R04854,0,test
4855,R04855,0,train
4856,R04856,0,val
4857,R04857,0,train
4858,R04858,0,train
4859,R04859,0,train
4860,R04860,0,test
4861,R04861,0,train
4862,R04862,0,train
4863,R04863,0,train
4864,R04864,0,val
4865,R04865,0,val
4866,R04866,0,train
4867,R04867,0,val
4868,R04868,0,train
4869,R04869,0,train
4870,R04870,0,test
4871,R04871,0,train
4872,R04872,0,train
4873,R04873,0,train
4874,R04874,0,train
4875,R04875,0,train
4876,R04876,0,train
4877,R04877,0,val
4878,R04878,0,train
4879,R04879,0,train
4880,R04880,0,train
4881,R04881,1,train
4882,R04882,0,train
4883,R04883,0,test
4884,R04884,0,train
4885,R04885,0,train
4886,R04886,0,test
4887,R04887,0,val
4888,R04888,0,train
4889,R04889,0,train
4890,R04890,0,train
4891,R04891,0,train
4892,R04892,0,train
4893,R04893,0,train
4894,R04894,0,train
4895,R04895,0,train
4896,R04896,1,val
4897,R04897,0,train
4898,R04898,0,train
4899,R04899,0,train
4900,R04900,0,train
4901,R04901,0,train
4902,R04902,0,train
4903,R04903,0,train
4904,R04904,0,train
4905,R04905,0,train
4906,R04906,0,train
4907,R04907,0,train
4908,R04908,0,train
4909,R04909,0,train
4910,R04910,0,train
4911,R04911,1,train
4912,R04912,0,train
4913,R04913,0,val
4914,R04914,0,test
4915,R04915,0,train
4916,R04916,0,val
4917,R04917,0,val
4918,R04918,0,val
4919,R04919,0,train
4920,R04920,0,test
4921,R04921,0,train
4922,R04922,0,val
4923,R04923,0,train
4924,R04924,0,train
4925,R04925,0,val
4926,R04926,0,train
4927,R04927,1,train
4928,R04928,0,val
4929,R04929,0,train
4930,R04930,0,val
4931,R04931,0,test
4932,R04932,0,train
4933,R04933,0,train
4934,R04934,0,train
4935,R04935,0,train
4936,R04936,0,train
4937,R04937,0,train
4938,R04938,0,train
4939,R04939,0,val
4940,R04940,0,train
4941,R04941,0,train
4942,R04942,1,train
4943,R04943,0,train
4944,R04944,0,val
4945,R04945,1,val
4946,R04946,0,train
4947,R04947,0,train
4948,R04948,0,train
4949,R04949,0,train
4950,R04950,0,val
4951,R04951,0,train
4952,R04952,0,val
4953,R04953,0,test
4954,R04954,0,train
4955,R04955,0,train
4956,R04956,0,train
4957,R04957,0,train
4958,R04958,0,val
4959,R04959,0,val
4960,R04960,0,train
4961,R04961,1,val
4962,R04962,0,train
4963,R04963,0,train
4964,R04964,0,train
4965,R04965,0,train
4966,R04966,0,train
4967,R04967,0,train
4968,R04968,0,train
4969,R04969,0,train
4970,R04970,0,train
4971,R04971,0,val
4972,R04972,0,train
4973,R04973,0,train
4974,R04974,0,train
4975,R04975,0,train
4976,R04976,0,train
4977,R04977,1,val
4978,R04978,1,test
4979,R04979,0,train
4980,R04980,0,val
4981,R04981,0,train
4982,R04982,0,train
4983,R04983,0,test
4984,R04984,0,val
4985,R04985,0,train
4986,R04986,0,train
4987,R04987,0,val
4988,R04988,0,val
4989,R04989,0,train
4990,R04990,0,test
4991,R04991,0,train
4992,R04992,0,train
4993,R04993,0,train
4994,R04994,1,train
4995,R04995,0,test
4996,R04996,0,train
4997,R04997,0,train
4998,R04998,0,train
4999,R04999,0,test
5000,R05000,0,train
5001,R05001,0,train
5002,R05002,0,train
5003,R05003,1,val
5004,R05004,0,val
5005,R05005,0,train
5006,R05006,0,train
5007,R05007,0,val
5008,R05008,0,train
5009,R05009,0,test
5010,R05010,0,train
5011,R05011,0,train
5012,R05012,0,train
5013,R05013,0,test
5014,R05014,1,train
5015,R05015,0,train
5016,R05016,0,val
5017,R05017,0,val
5018,R05018,0,train
5019,R05019,0,test
5020,R05020,0,train
5021,R05021,0,train
5022,R05022,0,val
5023,R05023,0,test
5024,R05024,0,train
5025,R05025,0,train
5026,R05026,0,train
5027,R05027,0,train
5028,R05028,1,test
5029,R05029,0,val
5030,R05030,0,train
5031,R05031,0,train
5032,R05032,1,train
5033,R05033,0,train
5034,R05034,0,val
5035,R05035,0,train
5036,R05036,0,test
5037,R05037,0,train
5038,R05038,0,val
5039,R05039,1,val
5040,R05040,0,test
5041,R05041,0,train
5042,R05042,0,train
5043,R05043,0,train
5044,R05044,0,train
5045,R05045,0,val
5046,R05046,0,train
5047,R05047,0,train
5048,R05048,0,test
5049,R05049,0,train
5050,R05050,0,val
5051,R05051,0,train
5052,R05052,0,train
5053,R05053,0,train
5054,R05054,0,train
5055,R05055,0,val
5056,R05056,0,train
5057,R05057,0,train
5058,R05058,1,train
5059,R05059,0,train
5060,R05060,0,train
5061,R05061,0,test
5062,R05062,0,test
5063,R05063,0,test
5064,R05064,0,test
5065,R05065,0,train
5066,R05066,0,val
5067,R05067,1,train
5068,R05068,0,val
5069,R05069,0,train
5070,R05070,0,test
5071,R05071,0,train
5072,R05072,0,train
5073,R05073,0,test
5074,R05074,0,train
5075,R05075,0,val
5076,R05076,0,val
5077,R05077,0,train
5078,R05078,0,train
5079,R05079,0,train
5080,R05080,0,test
5081,R05081,0,test
5082,R05082,0,train
5083,R05083,0,test
5084,R05084,0,test
5085,R05085,0,train
5086,R05086,0,test
5087,R05087,0,val
5088,R05088,0,test
5089,R05089,0,train
5090,R05090,0,train
5091,R05091,0,test
5092,R05092,0,train
5093,R05093,0,test
5094,R05094,0,test
5095,R05095,0,val
5096,R05096,0,train
5097,R05097,0,train
5098,R05098,0,val
5099,R05099,0,val
5100,R05100,0,train
5101,R05101,0,val
5102,R05102,0,val
5103,R05103,0,train
5104,R05104,0,val
5105,R05105,0,train
5106,R05106,0,test
5107,R05107,0,val
5108,R05108,0,val
5109,R05109,0,test
5110,R05110,0,train
5111,R05111,0,train
5112,R05112,0,train
5113,R05113,0,train
5114,R05114,0,test
5115,R05115,0,train
5116,R05116,0,test
5117,R05117,0,train
5118,R05118,0,train
5119,R05119,0,train
5120,R05120,0,val
5121,R05121,0,train
5122,R05122,0,train
5123,R05123,0,train
5124,R05124,0,train
5125,R05125,0,test
5126,R05126,0,train
5127,R05127,0,test
5128,R05128,0,test
5129,R05129,0,val
5130,R05130,0,train
5131,R05131,0,train
5132,R05132,0,train
5133,R05133,0,train
5134,R05134,0,train
5135,R05135,0,val
5136,R05136,1,train
5137,R05137,1,train
5138,R05138,0,train
5139,R05139,0,train
5140,R05140,0,train
5141,R05141,0,test
5142,R05142,0,val
5143,R05143,0,train
5144,R05144,0,train
5145,R05145,0,train
5146,R05146,0,test
5147,R05147,0,train
5148,R05148,0,train
5149,R05149,0,val
5150,R05150,0,test
5151,R05151,0,val
5152,R05152,1,train
5153,R05153,0,train
5154,R05154,0,val
5155,R05155,0,train
5156,R05156,0,test
5157,R05157,0,val
5158,R05158,0,train
5159,R05159,0,train
5160,R05160,0,train
5161,R05161,0,train
5162,R05162,0,train
5163,R05163,1,train
5164,R05164,0,train
5165,R05165,0,test
5166,R05166,0,train
5167,R05167,0,val
5168,R05168,1,test
5169,R05169,0,val
5170,R05170,1,train
5171,R05171,0,train
5172,R05172,0,train
5173,R05173,0,train
5174,R05174,0,train
5175,R05175,1,train
5176,R05176,0,train
5177,R05177,0,train
5178,R05178,0,val
5179,R05179,0,test
5180,R05180,0,test
5181,R05181,0,train
5182,R05182,0,train
5183,R05183,0,train
5184,R05184,1,train
5185,R05185,0,test
5186,R05186,0,train
5187,R05187,0,test
5188,R05188,0,train
5189,R05189,0,train
5190,R05190,0,val
5191,R05191,0,train
5192,R05192,0,train
5193,R05193,0,train
5194,R05194,0,train
5195,R05195,1,train
5196,R05196,0,val
5197,R05197,0,train
5198,R05198,0,val
5199,R05199,0,val
5200,R05200,0,train
5201,R05201,0,train
5202,R05202,0,test
5203,R05203,0,test
5204,R05204,0,train
5205,R05205,0,test
5206,R05206,0,test
5207,R05207,0,val
5208,R05208,0,train
5209,R05209,0,train
5210,R05210,0,train
5211,R05211,0,test
5212,R05212,0,train
5213,R05213,0,train
5214,R05214,0,test
5215,R05215,0,val
5216,R05216,1,val
5217,R05217,0,val
5218,R05218,0,train
5219,R05219,0,test
5220,R05220,0,train
5221,R05221,0,test
5222,R05222,1,train
5223,R05223,0,train
5224,R05224,1,train
5225,R05225,0,train
5226,R05226,0,val
5227,R05227,0,train
5228,R05228,0,train
5229,R05229,0,train
5230,R05230,1,train
5231,R05231,0,train
5232,R05232,1,train
5233,R05233,0,train
5234,R05234,0,train
5235,R05235,1,test
5236,R05236,0,test
5237,R05237,0,train
5238,R05238,0,train
5239,R05239,0,train
5240,R05240,0,train
5241,R05241,0,train
5242,R05242,0,train
5243,R05243,0,val
5244,R05244,0,val
5245,R05245,0,train
5246,R05246,0,train
5247,R05247,0,val
5248,R05248,0,train
5249,R05249,0,train
5250,R05250,0,train
5251,R05251,0,train
5252,R05252,0,train
5253,R05253,0,val
5254,R05254,0,train
5255,R05255,0,train
5256,R05256,0,train
5257,R05257,0,train
5258,R05258,0,train
5259,R05259,0,train
5260,R05260,0,train
5261,R05261,0,train
5262,R05262,0,train
5263,R05263,0,val
5264,R05264,0,train
5265,R05265,0,train
5266,R05266,0,train
5267,R05267,0,train
5268,R05268,0,test
5269,R05269,0,train
5270,R05270,0,train
5271,R05271,0,train
5272,R05272,0,test
5273,R05273,0,train
5274,R05274,0,val
5275,R05275,1,val
5276,R05276,0,train
5277,R05277,0,train
5278,R05278,0,test
5279,R05279,0,train
5280,R05280,0,train
5281,R05281,0,train
5282,R05282,0,train
5283,R05283,0,train
5284,R05284,0,train
5285,R05285,0,train
5286,R05286,0,train
5287,R05287,0,train
5288,R05288,0,train
5289,R05289,0,train
5290,R05290,0,train
5291,R05291,0,train
5292,R05292,0,train
5293,R05293,0,test
5294,R05294,0,val
5295,R05295,0,train
5296,R05296,0,train
5297,R05297,0,val
5298,R05298,0,train
5299,R05299,0,train
5300,R05300,0,train
5301,R05301,0,test
5302,R05302,0,train
5303,R05303,0,test
5304,R05304,0,train
5305,R05305,0,val
5306,R05306,0,train
5307,R05307,1,test
5308,R05308,0,val
5309,R05309,0,test
5310,R05310,1,train
5311,R05311,0,train
5312,R05312,0,train
5313,R05313,0,train
5314,R05314,0,test
5315,R05315,1,train
5316,R05316,0,train
5317,R05317,0,train
5318,R05318,0,train
5319,R05319,0,train
5320,R05320,1,train
5321,R05321,0,train
5322,R05322,0,train
5323,R05323,0,test
5324,R05324,0,train
5325,R05325,0,test
5326,R05326,0,train
5327,R05327,0,val
5328,R05328,0,test
5329,R05329,0,train
5330,R05330,0,train
5331,R05331,0,train
5332,R05332,0,train
5333,R05333,0,train
5334,R05334,0,train
5335,R05335,1,train
5336,R05336,0,train
5337,R05337,0,train
5338,R05338,0,train
5339,R05339,0,val
5340,R05340,0,train
5341,R05341,0,train
5342,R05342,1,train
5343,R05343,0,train
5344,R05344,0,train
5345,R05345,0,train
5346,R05346,0,train
5347,R05347,0,train
5348,R05348,0,val
5349,R05349,0,train
5350,R05350,0,val
5351,R05351,0,train
5352,R05352,0,train
5353,R05353,0,train
5354,R05354,0,train
5355,R05355,0,val
5356,R05356,0,val
5357,R05357,0,val
5358,R05358,0,train
5359,R05359,0,train
5360,R05360,0,train
5361,R05361,1,test
5362,R05362,0,train
5363,R05363,0,train
5364,R05364,0,train
5365,R05365,0,train
5366,R05366,0,val
5367,R05367,0,train
5368,R05368,0,val
5369,R05369,1,test
5370,R05370,0,train
5371,R05371,0,train
5372,R05372,0,train
5373,R05373,0,val
5374,R05374,0,val
5375,R05375,0,val
5376,R05376,0,val
5377,R05377,0,test
5378,R05378,1,test
5379,R05379,0,train
5380,R05380,0,val
5381,R05381,0,train
5382,R05382,0,train
5383,R05383,0,train
5384,R05384,0,test
5385,R05385,0,test
5386,R05386,0,val
5387,R05387,0,train
5388,R05388,0,train
5389,R05389,0,train
5390,R05390,0,train
5391,R05391,0,train
5392,R05392,0,train
5393,R05393,0,train
5394,R05394,0,train
5395,R05395,1,test
5396,R05396,0,train
5397,R05397,0,train
5398,R05398,0,train
5399,R05399,0,test
5400,R05400,0,val
5401,R05401,0,val
5402,R05402,0,val
5403,R05403,0,val
5404,R05404,0,train
5405,R05405,0,test
5406,R05406,0,train
5407,R05407,0,train
5408,R05408,0,train
5409,R05409,1,train
5410,R05410,0,train
5411,R05411,0,train
5412,R05412,0,train
5413,R05413,0,val
5414,R05414,0,train
5415,R05415,0,test
5416,R05416,0,train
5417,R05417,0,val
5418,R05418,0,train
5419,R05419,0,train
5420,R05420,0,val
5421,R05421,0,train
5422,R05422,0,train
5423,R05423,0,train
5424,R05424,0,train
5425,R05425,0,train
5426,R05426,0,train
5427,R05427,1,test
5428,R05428,0,train
5429,R05429,0,train
5430,R05430,0,train
5431,R05431,0,train
5432,R05432,0,val
5433,R05433,0,train
5434,R05434,0,train
5435,R05435,0,train
5436,R05436,0,train
5437,R05437,0,train
5438,R05438,0,test
5439,R05439,0,train
5440,R05440,1,test
5441,R05441,0,val
5442,R05442,1,test
5443,R05443,0,val
5444,R05444,0,train
5445,R05445,0,train
5446,R05446,0,train
5447,R05447,0,train
5448,R05448,0,train
5449,R05449,0,train
5450,R05450,0,train
5451,R05451,0,train
5452,R05452,0,train
5453,R05453,0,train
5454,R05454,0,train
5455,R05455,0,test
5456,R05456,1,val
5457,R05457,0,train
5458,R05458,0,train
5459,R05459,0,train
5460,R05460,0,test
5461,R05461,0,train
5462,R05462,0,test
5463,R05463,0,train
5464,R05464,0,train
5465,R05465,0,val
5466,R05466,0,train
5467,R05467,0,train
5468,R05468,0,train
5469,R05469,0,train
5470,R05470,0,test
5471,R05471,0,train
5472,R05472,0,train
5473,R05473,0,train
5474,R05474,0,train
5475,R05475,0,train
5476,R05476,0,train
5477,R05477,0,train
5478,R05478,0,train
5479,R05479,0,train
5480,R05480,0,val
5481,R05481,1,train
5482,R05482,0,train
5483,R05483,0,val
5484,R05484,0,train
5485,R05485,0,train
5486,R05486,0,train
5487,R05487,0,val
5488,R05488,0,train
5489,R05489,0,train
5490,R05490,0,train
5491,R05491,0,train
5492,R05492,0,train
5493,R05493,0,val
5494,R05494,0,val
5495,R05495,0,train
5496,R05496,0,test
5497,R05497,0,train
5498,R05498,0,train
5499,R05499,0,train
5500,R05500,0,train
5501,R05501,0,test
5502,R05502,0,train
5503,R05503,0,train
5504,R05504,0,train
5505,R05505,0,train
5506,R05506,0,train
5507,R05507,0,train
5508,R05508,1,train
5509,R05509,0,test
5510,R05510,0,test
5511,R05511,0,train
5512,R05512,0,train
5513,R05513,0,train
5514,R05514,0,val
5515,R05515,0,train
5516,R05516,0,val
5517,R05517,0,test
5518,R05518,0,train
5519,R05519,0,train
5520,R05520,0,train
5521,R05521,0,val
5522,R05522,0,val
5523,R05523,1,test
5524,R05524,0,train
5525,R05525,0,train
5526,R05526,0,train
5527,R05527,0,train
5528,R05528,0,val
5529,R05529,0,train
5530,R05530,0,train
5531,R05531,1,train
5532,R05532,0,train
5533,R05533,0,train
5534,R05534,0,train
5535,R05535,0,test
5536,R05536,0,train
5537,R05537,0,train
5538,R05538,0,val
5539,R05539,0,train
5540,R05540,0,train
5541,R05541,0,train
5542,R05542,0,train
5543,R05543,0,test
5544,R05544,0,train
5545,R05545,0,train
5546,R05546,0,train
5547,R05547,0,train
5548,R05548,0,train
5549,R05549,0,train
5550,R05550,0,train
5551,R05551,0,val
5552,R05552,0,test
5553,R05553,0,test
5554,R05554,0,val
5555,R05555,0,val
5556,R05556,0,val
5557,R05557,0,val
5558,R05558,1,train
5559,R05559,0,train
5560,R05560,0,train
5561,R05561,0,train
5562,R05562,0,train
5563,R05563,0,train
5564,R05564,0,train
5565,R05565,0,val
5566,R05566,0,train
5567,R05567,0,train
5568,R05568,0,train
5569,R05569,0,train
5570,R05570,0,test
5571,R05571,0,train
5572,R05572,0,val
5573,R05573,0,train
5574,R05574,0,test
5575,R05575,0,train
5576,R05576,0,train
5577,R05577,0,val
5578,R05578,0,train
5579,R05579,1,test
5580,R05580,0,train
5581,R05581,0,train
5582,R05582,0,train
5583,R05583,0,train
5584,R05584,0,test
5585,R05585,0,test
5586,R05586,0,val
5587,R05587,0,train
5588,R05588,0,train
5589,R05589,0,val
5590,R05590,0,test
5591,R05591,0,train
5592,R05592,0,train
5593,R05593,0,train
5594,R05594,0,train
5595,R05595,0,train
5596,R05596,0,train
5597,R05597,0,train
5598,R05598,0,train
5599,R05599,0,train
5600,R05600,0,train
5601,R05601,0,val
5602,R05602,0,val
5603,R05603,0,train
5604,R05604,0,val
5605,R05605,0,train
5606,R05606,0,train
5607,R05607,0,val
5608,R05608,0,train
5609,R05609,0,val
5610,R05610,0,train
5611,R05611,0,train
5612,R05612,0,train
5613,R05613,0,train
5614,R05614,0,train
5615,R05615,0,test
5616,R05616,0,train
5617,R05617,0,train
5618,R05618,0,train
5619,R05619,0,train
5620,R05620,0,train
5621,R05621,0,train
5622,R05622,0,test
5623,R05623,0,train
5624,R05624,0,train
5625,R05625,0,train
5626,R05626,0,train
5627,R05627,0,train
5628,R05628,0,train
5629,R05629,0,train
5630,R05630,0,test
5631,R05631,1,train
5632,R05632,0,val
5633,R05633,0,val
5634,R05634,0,train
5635,R05635,0,test
5636,R05636,0,train
5637,R05637,0,train
5638,R05638,0,test
5639,R05639,0,train
5640,R05640,0,test
5641,R05641,0,val
5642,R05642,0,train
5643,R05643,0,train
5644,R05644,0,train
5645,R05645,0,test
5646,R05646,0,train
5647,R05647,0,train
5648,R05648,0,train
5649,R05649,0,train
5650,R05650,0,train
5651,R05651,0,train
5652,R05652,0,train
5653,R05653,0,train
5654,R05654,0,train
5655,R05655,0,train
5656,R05656,0,test
5657,R05657,0,train
5658,R05658,0,train
5659,R05659,0,train
5660,R05660,0,val
5661,R05661,0,train
5662,R05662,0,val
5663,R05663,0,train
5664,R05664,0,train
5665,R05665,0,train
5666,R05666,0,val
5667,R05667,1,train
5668,R05668,0,test
5669,R05669,0,train
5670,R05670,0,train
5671,R05671,0,train
5672,R05672,0,test
5673,R05673,0,train
5674,R05674,0,train
5675,R05675,0,train
5676,R05676,0,train
5677,R05677,0,test
5678,R05678,0,train
5679,R05679,0,train
5680,R05680,0,val
5681,R05681,0,train
5682,R05682,0,test
5683,R05683,0,train
5684,R05684,0,train
5685,R05685,0,train
5686,R05686,0,train
5687,R05687,0,test
5688,R05688,0,train
5689,R05689,0,train
5690,R05690,0,train
5691,R05691,0,train
5692,R05692,0,train
5693,R05693,0,train
5694,R05694,0,val
5695,R05695,0,train
5696,R05696,0,train
5697,R05697,0,train
5698,R05698,0,val
5699,R05699,0,train
5700,R05700,0,train
5701,R05701,0,train
5702,R05702,1,train
5703,R05703,0,train
5704,R05704,0,train
5705,R05705,0,train
5706,R05706,0,train
5707,R05707,0,train
5708,R05708,0,train
5709,R05709,0,train
5710,R05710,0,train
5711,R05711,1,train
5712,R05712,0,val
5713,R05713,0,train
5714,R05714,0,val
5715,R05715,0,train
5716,R05716,0,val
5717,R05717,0,train
5718,R05718,0,test
5719,R05719,0,train
5720,R05720,1,val
5721,R05721,0,test
5722,R05722,0,test
5723,R05723,0,train
5724,R05724,0,train
5725,R05725,0,val
5726,R05726,0,test
5727,R05727,0,train
5728,R05728,0,train
5729,R05729,0,test
5730,R05730,0,train
5731,R05731,0,train
5732,R05732,0,train
5733,R05733,0,train
5734,R05734,0,test
5735,R05735,0,test
5736,R05736,0,val
5737,R05737,0,train
5738,R05738,1,train
5739,R05739,0,train
5740,R05740,1,train
5741,R05741,0,train
5742,R05742,0,train
5743,R05743,0,train
5744,R05744,0,test
5745,R05745,0,train
5746,R05746,0,train
5747,R05747,0,val
5748,R05748,0,train
5749,R05749,0,test
5750,R05750,0,val
5751,R05751,0,train
5752,R05752,0,train
5753,R05753,0,train
5754,R05754,0,train
5755,R05755,0,test
5756,R05756,1,train
5757,R05757,0,train
5758,R05758,0,train
5759,R05759,0,train
5760,R05760,0,train
5761,R05761,0,train
5762,R05762,0,train
5763,R05763,0,val
5764,R05764,0,train
5765,R05765,0,test
5766,R05766,0,train
5767,R05767,1,val
5768,R05768,0,test
5769,R05769,0,test
5770,R05770,0,train
5771,R05771,0,train
5772,R05772,0,val
5773,R05773,0,train
5774,R05774,0,train
5775,R05775,0,test
5776,R05776,0,train
5777,R05777,0,val
5778,R05778,0,train
5779,R05779,0,train
5780,R05780,0,train
5781,R05781,0,val
5782,R05782,0,val
5783,R05783,0,train
5784,R05784,0,train
5785,R05785,0,train
5786,R05786,0,train
5787,R05787,1,train
5788,R05788,0,val
5789,R05789,0,train
5790,R05790,0,train
5791,R05791,0,train
5792,R05792,0,train
5793,R05793,0,train
5794,R05794,0,train
5795,R05795,0,train
5796,R05796,0,train
5797,R05797,1,train
5798,R05798,0,train
5799,R05799,0,val
5800,R05800,0,train
5801,R05801,0,train
5802,R05802,0,test
5803,R05803,0,val
5804,R05804,0,train
5805,R05805,0,test
5806,R05806,0,train
5807,R05807,0,val
5808,R05808,0,val
5809,R05809,0,train
5810,R05810,0,train
5811,R05811,0,test
5812,R05812,0,val
5813,R05813,0,train
5814,R05814,0,val
5815,R05815,0,val
5816,R05816,0,train
5817,R05817,0,train
5818,R05818,0,train
5819,R05819,1,train
5820,R05820,0,test
5821,R05821,0,train
5822,R05822,0,val
5823,R05823,1,train
5824,R05824,0,train
5825,R05825,0,train
5826,R05826,0,val
5827,R05827,0,test
5828,R05828,0,train
5829,R05829,0,train
5830,R05830,0,test
5831,R05831,0,train
5832,R05832,0,train
5833,R05833,1,train
5834,R05834,0,val
5835,R05835,0,train
5836,R05836,0,train
5837,R05837,0,train
5838,R05838,0,val
5839,R05839,0,train
5840,R05840,0,test
5841,R05841,0,test
5842,R05842,0,train
5843,R05843,0,test
5844,R05844,0,test
5845,R05845,0,train
5846,R05846,0,train
5847,R05847,0,train
5848,R05848,0,val
5849,R05849,0,train
5850,R05850,0,train
5851,R05851,1,test
5852,R05852,0,val
5853,R05853,0,train
5854,R05854,0,train
5855,R05855,0,train
5856,R05856,0,train
5857,R05857,0,val
5858,R05858,1,train
5859,R05859,0,train
5860,R05860,0,train
5861,R05861,0,train
5862,R05862,0,train
5863,R05863,0,train
5864,R05864,0,train
5865,R05865,0,train
5866,R05866,1,train
5867,R05867,0,train
5868,R05868,0,test
5869,R05869,0,val
5870,R05870,0,train
5871,R05871,0,train
5872,R05872,0,test
5873,R05873,0,train
5874,R05874,0,train
5875,R05875,0,train
5876,R05876,0,test
5877,R05877,0,train
5878,R05878,0,test
5879,R05879,0,train
5880,R05880,0,train
5881,R05881,0,train
5882,R05882,0,train
5883,R05883,0,train
5884,R05884,0,train
5885,R05885,0,train
5886,R05886,0,test
5887,R05887,0,train
5888,R05888,0,val
5889,R05889,0,train
5890,R05890,0,test
5891,R05891,0,train
5892,R05892,0,train
5893,R05893,0,val
5894,R05894,0,train
5895,R05895,0,train
5896,R05896,0,val
5897,R05897,0,train
5898,R05898,0,train
5899,R05899,0,train
5900,R05900,0,train
5901,R05901,0,test
5902,R05902,0,train
5903,R05903,0,test
5904,R05904,0,train
5905,R05905,0,train
5906,R05906,0,train
5907,R05907,0,test
5908,R05908,0,train
5909,R05909,0,test
5910,R05910,1,train
5911,R05911,0,train
5912,R05912,0,test
5913,R05913,1,train
5914,R05914,0,train
5915,R05915,0,train
5916,R05916,0,val
5917,R05917,0,train
5918,R05918,0,train
5919,R05919,0,test
5920,R05920,0,test
5921,R05921,0,train
5922,R05922,0,train
5923,R05923,0,train
5924,R05924,0,train
5925,R05925,0,test
5926,R05926,0,train
5927,R05927,0,train
5928,R05928,0,train
5929,R05929,0,test
5930,R05930,0,train
5931,R05931,0,train
5932,R05932,0,train
5933,R05933,0,train
5934,R05934,0,train
5935,R05935,0,train
5936,R05936,0,train
5937,R05937,0,train
5938,R05938,0,train
5939,R05939,0,train
5940,R05940,0,test
5941,R05941,0,val
5942,R05942,0,val
5943,R05943,0,train
5944,R05944,0,train
5945,R05945,0,train
5946,R05946,0,val
5947,R05947,0,val
5948,R05948,0,test
5949,R05949,0,val
5950,R05950,0,test
5951,R05951,0,test
5952,R05952,0,test
5953,R05953,0,train
5954,R05954,0,train
5955,R05955,0,train
5956,R05956,0,test
5957,R05957,0,train
5958,R05958,0,train
5959,R05959,0,val
5960,R05960,0,val
5961,R05961,0,train
5962,R05962,0,train
5963,R05963,0,val
5964,R05964,0,train
5965,R05965,0,train
5966,R05966,0,train
5967,R05967,0,train
5968,R05968,0,train
5969,R05969,0,val
5970,R05970,0,train
5971,R05971,0,train
5972,R05972,0,train
5973,R05973,0,test
5974,R05974,0,train
5975,R05975,0,train
5976,R05976,0,val
5977,R05977,0,train
5978,R05978,0,train
5979,R05979,0,val
5980,R05980,0,train
5981,R05981,0,val
5982,R05982,0,train
5983,R05983,0,val
5984,R05984,0,train
5985,R05985,0,train
5986,R05986,0,train
5987,R05987,0,val
5988,R05988,0,val
5989,R05989,0,train
5990,R05990,0,val
5991,R05991,0,train
5992,R05992,0,train
5993,R05993,0,train
5994,R05994,0,train
5995,R05995,0,test
5996,R05996,0,val
5997,R05997,0,train
5998,R05998,0,test
5999,R05999,0,train
6000,R06000,0,train
6001,R06001,0,test
6002,R06002,1,train
6003,R06003,0,test
6004,R06004,0,train
6005,R06005,0,train
6006,R06006,0,test
6007,R06007,0,train
6008,R06008,0,train
6009,R06009,0,train
6010,R06010,0,train
6011,R06011,0,train
6012,R06012,0,train
6013,R06013,0,train
6014,R06014,0,train
6015,R06015,0,train
6016,R06016,0,train
6017,R06017,0,train
6018,R06018,0,train
6019,R06019,0,train
6020,R06020,0,train
6021,R06021,0,val
6022,R06022,0,train
6023,R06023,0,train
6024,R06024,0,val
6025,R06025,0,val
6026,R06026,0,train
6027,R06027,0,train
6028,R06028,0,train
6029,R06029,0,train
6030,R06030,0,train
6031,R06031,1,val
6032,R06032,0,test
6033,R06033,0,train
6034,R06034,0,train
6035,R06035,0,train
6036,R06036,0,train
6037,R06037,0,train
6038,R06038,0,val
6039,R06039,0,train
6040,R06040,0,train
6041,R06041,0,train
6042,R06042,0,train
6043,R06043,0,train
6044,R06044,0,test
6045,R06045,0,test
6046,R06046,0,train
6047,R06047,0,train
6048,R06048,0,test
6049,R06049,0,train
6050,R06050,0,train
6051,R06051,0,train
6052,R06052,0,test
6053,R06053,1,train
6054,R06054,0,train
6055,R06055,0,test
6056,R06056,0,val
6057,R06057,0,val
6058,R06058,0,train
6059,R06059,0,train
6060,R06060,1,val
6061,R06061,0,train
6062,R06062,0,train
6063,R06063,0,train
6064,R06064,0,train
6065,R06065,0,train
6066,R06066,0,train
6067,R06067,0,train
6068,R06068,0,val
6069,R06069,0,train
6070,R06070,0,train
6071,R06071,0,train
6072,R06072,0,train
6073,R06073,1,train
6074,R06074,0,train
6075,R06075,0,val
6076,R06076,1,test
6077,R06077,0,train
6078,R06078,0,train
6079,R06079,0,train
6080,R06080,0,train
6081,R06081,0,train
6082,R06082,0,test
6083,R06083,0,train
6084,R06084,0,val
6085,R06085,0,train
6086,R06086,0,train
6087,R06087,0,train
6088,R06088,0,train
6089,R06089,0,test
6090,R06090,0,train
6091,R06091,0,train
6092,R06092,0,train
6093,R06093,0,train
6094,R06094,0,train
6095,R06095,0,train
6096,R06096,0,train
6097,R06097,0,train
6098,R06098,0,train
6099,R06099,0,train
6100,R06100,1,train
6101,R06101,0,train
6102,R06102,0,train
6103,R06103,0,val
6104,R06104,0,train
6105,R06105,0,train
6106,R06106,0,train
6107,R06107,0,train
6108,R06108,0,val
6109,R06109,0,train
6110,R06110,1,train
6111,R06111,0,train
6112,R06112,0,train
6113,R06113,0,train
6114,R06114,0,train
6115,R06115,0,train
6116,R06116,0,train
6117,R06117,0,train
6118,R06118,1,val
6119,R06119,0,val
6120,R06120,0,val
6121,R06121,0,test
6122,R06122,0,train
6123,R06123,0,train
6124,R06124,0,train
6125,R06125,0,train
6126,R06126,0,train
6127,R06127,0,train
6128,R06128,0,train
6129,R06129,0,train
6130,R06130,0,train
6131,R06131,0,train
6132,R06132,0,train
6133,R06133,0,val
6134,R06134,0,train
6135,R06135,1,test
6136,R06136,0,train
6137,R06137,0,train
6138,R06138,0,train
6139,R06139,0,test
6140,R06140,0,train
6141,R06141,0,train
6142,R06142,0,train
6143,R06143,0,train
6144,R06144,0,train
6145,R06145,0,test
6146,R06146,0,train
6147,R06147,0,train
6148,R06148,0,train
6149,R06149,1,train
6150,R06150,0,test
6151,R06151,0,train
6152,R06152,0,train
6153,R06153,0,train
6154,R06154,1,train
6155,R06155,0,train
6156,R06156,0,train
6157,R06157,0,train
6158,R06158,1,train
6159,R06159,0,train
6160,R06160,0,test
6161,R06161,0,train
6162,R06162,0,train
6163,R06163,0,val
6164,R06164,0,train
6165,R06165,0,val
6166,R06166,0,train
6167,R06167,0,train
6168,R06168,0,train
6169,R06169,0,train
6170,R06170,0,train
6171,R06171,0,train
6172,R06172,0,test
6173,R06173,0,train
6174,R06174,0,val
6175,R06175,0,train
6176,R06176,0,train
6177,R06177,0,test
6178,R06178,0,val
6179,R06179,0,test
6180,R06180,0,train
6181,R06181,0,test
6182,R06182,0,train
6183,R06183,0,train
6184,R06184,0,train
6185,R06185,0,train
6186,R06186,0,test
6187,R06187,0,train
6188,R06188,0,test
6189,R06189,0,test
6190,R06190,0,train
6191,R06191,0,train
6192,R06192,0,train
6193,R06193,0,val
6194,R06194,0,val
6195,R06195,0,test
6196,R06196,0,train
6197,R06197,0,val
6198,R06198,0,train
6199,R06199,0,train
6200,R06200,0,train
6201,R06201,1,train
6202,R06202,0,train
6203,R06203,0,test
6204,R06204,1,train
6205,R06205,0,train
6206,R06206,0,test
6207,R06207,0,train
6208,R06208,0,train
6209,R06209,0,train
6210,R06210,0,train
6211,R06211,0,train
6212,R06212,0,train
6213,R06213,1,train
6214,R06214,0,test
6215,R06215,0,train
6216,R06216,0,train
6217,R06217,0,train
6218,R06218,0,test
6219,R06219,0,train
6220,R06220,0,val
6221,R06221,0,test
6222,R06222,0,val
6223,R06223,0,train
6224,R06224,0,train
6225,R06225,0,val
6226,R06226,0,train
6227,R06227,0,train
6228,R06228,0,train
6229,R06229,0,train
6230,R06230,0,train
6231,R06231,0,test
6232,R06232,0,train
6233,R06233,0,train
6234,R06234,0,val
6235,R06235,0,train
6236,R06236,0,train
6237,R06237,0,train
6238,R06238,0,train
6239,R06239,0,train
6240,R06240,0,test
6241,R06241,0,train
6242,R06242,0,train
6243,R06243,0,train
6244,R06244,0,val
6245,R06245,0,test
6246,R06246,0,test
6247,R06247,0,val
6248,R06248,0,val
6249,R06249,0,train
6250,R06250,0,val
6251,R06251,0,train
6252,R06252,0,train
6253,R06253,0,test
6254,R06254,0,train
6255,R06255,0,val
6256,R06256,0,test
6257,R06257,0,test
6258,R06258,0,train
6259,R06259,0,test
6260,R06260,0,test
6261,R06261,0,test
6262,R06262,0,train
6263,R06263,0,train
6264,R06264,0,test
6265,R06265,0,train
6266,R06266,0,train
6267,R06267,0,train
6268,R06268,0,train
6269,R06269,1,train
6270,R06270,0,train
6271,R06271,0,train
6272,R06272,0,test
6273,R06273,0,train
6274,R06274,0,train
6275,R06275,0,train
6276,R06276,0,val
6277,R06277,0,train
6278,R06278,0,train
6279,R06279,0,test
6280,R06280,0,train
6281,R06281,0,val
6282,R06282,0,val
6283,R06283,0,val
6284,R06284,0,train
6285,R06285,0,train
6286,R06286,0,train
6287,R06287,0,train
6288,R06288,0,train
6289,R06289,0,train
6290,R06290,0,val
6291,R06291,0,val
6292,R06292,0,train
6293,R06293,0,val
6294,R06294,0,train
6295,R06295,0,val
6296,R06296,0,train
6297,R06297,0,train
6298,R06298,0,train
6299,R06299,0,train
6300,R06300,0,train
6301,R06301,0,train
6302,R06302,0,train
6303,R06303,0,test
6304,R06304,0,train
6305,R06305,0,train
6306,R06306,0,train
6307,R06307,0,train
6308,R06308,0,train
6309,R06309,0,train
6310,R06310,0,train
6311,R06311,0,train
6312,R06312,0,train
6313,R06313,0,train
6314,R06314,0,train
6315,R06315,0,val
6316,R06316,0,train
6317,R06317,0,val
6318,R06318,0,train
6319,R06319,0,train
6320,R06320,0,train
6321,R06321,0,train
6322,R06322,0,test
6323,R06323,0,val
6324,R06324,0,train
6325,R06325,0,test
6326,R06326,0,train
6327,R06327,0,train
6328,R06328,0,train
6329,R06329,0,train
6330,R06330,0,train
6331,R06331,0,test
6332,R06332,0,train
6333,R06333,0,train
6334,R06334,0,train
6335,R06335,0,val
6336,R06336,0,train
6337,R06337,0,test
6338,R06338,0,train
6339,R06339,0,val
6340,R06340,0,train
6341,R06341,0,train
6342,R06342,0,train
6343,R06343,0,val
6344,R06344,0,train
6345,R06345,0,train
6346,R06346,0,train
6347,R06347,0,test
6348,R06348,0,train
6349,R06349,0,val
6350,R06350,0,train
6351,R06351,0,test
6352,R06352,0,train
6353,R06353,0,train
6354,R06354,0,test
6355,R06355,0,train
6356,R06356,0,train
6357,R06357,0,train
6358,R06358,0,train
6359,R06359,0,train
6360,R06360,0,train
6361,R06361,0,train
6362,R06362,0,train
6363,R06363,1,test
6364,R06364,0,train
6365,R06365,0,train
6366,R06366,0,train
6367,R06367,0,test
6368,R06368,0,val
6369,R06369,0,train
6370,R06370,0,train
6371,R06371,0,val
6372,R06372,0,val
6373,R06373,0,train
6374,R06374,0,test
6375,R06375,0,train
6376,R06376,0,train
6377,R06377,0,train
6378,R06378,0,train
6379,R06379,0,test
6380,R06380,0,test
6381,R06381,0,test
6382,R06382,0,train
6383,R06383,0,train
6384,R06384,0,train
6385,R06385,0,train
6386,R06386,0,train
6387,R06387,0,train
6388,R06388,0,val
6389,R06389,0,val
6390,R06390,0,train
6391,R06391,0,train
6392,R06392,0,train
6393,R06393,1,train
6394,R06394,0,train
6395,R06395,0,train
6396,R06396,1,train
6397,R06397,1,train
6398,R06398,0,train
6399,R06399,1,train
6400,R06400,0,train
6401,R06401,0,train
6402,R06402,0,train
6403,R06403,0,train
6404,R06404,0,train
6405,R06405,0,train
6406,R06406,0,train
6407,R06407,0,val
6408,R06408,0,train
6409,R06409,0,train
6410,R06410,0,train
6411,R06411,0,train
6412,R06412,0,train
6413,R06413,0,test
6414,R06414,0,train
6415,R06415,0,test
6416,R06416,0,train
6417,R06417,1,test
6418,R06418,0,train
6419,R06419,0,val
6420,R06420,0,test
6421,R06421,0,val
6422,R06422,0,test
6423,R06423,0,train
6424,R06424,0,val
6425,R06425,0,train
6426,R06426,0,train
6427,R06427,0,train
6428,R06428,0,train
6429,R06429,0,train
6430,R06430,0,train
6431,R06431,0,train
6432,R06432,0,test
6433,R06433,0,train
6434,R06434,0,test
6435,R06435,0,train
6436,R06436,0,train
6437,R06437,0,train
6438,R06438,0,train
6439,R06439,0,train
6440,R06440,0,train
6441,R06441,0,train
6442,R06442,0,train
6443,R06443,0,train
6444,R06444,0,train
6445,R06445,0,train
6446,R06446,0,train
6447,R06447,0,train
6448,R06448,0,train
6449,R06449,0,test
6450,R06450,0,test
6451,R06451,0,train
6452,R06452,0,train
6453,R06453,0,train
6454,R06454,0,train
6455,R06455,0,test
6456,R06456,0,train
6457,R06457,0,val
6458,R06458,0,train
6459,R06459,0,val
6460,R06460,0,val
6461,R06461,0,test
6462,R06462,0,train
6463,R06463,0,train
6464,R06464,0,train
6465,R06465,0,train
6466,R06466,0,train
6467,R06467,0,train
6468,R06468,0,train
6469,R06469,0,test
6470,R06470,0,train
6471,R06471,0,test
6472,R06472,0,train
6473,R06473,0,train
6474,R06474,0,train
6475,R06475,0,train
6476,R06476,0,train
6477,R06477,0,train
6478,R06478,0,train
6479,R06479,0,test
6480,R06480,0,train
6481,R06481,1,train
6482,R06482,0,train
6483,R06483,0,train
6484,R06484,0,train
6485,R06485,0,train
6486,R06486,0,val
6487,R06487,0,test
6488,R06488,0,train
6489,R06489,0,train
6490,R06490,0,train
6491,R06491,0,test
6492,R06492,0,train
6493,R06493,0,test
6494,R06494,0,train
6495,R06495,0,train
6496,R06496,0,train
6497,R06497,0,train
6498,R06498,0,train
6499,R06499,0,train
6500,R06500,0,val
6501,R06501,0,test
6502,R06502,0,train
6503,R06503,0,train
6504,R06504,0,val
6505,R06505,0,train
6506,R06506,0,train
6507,R06507,0,train
6508,R06508,1,train
6509,R06509,0,train
6510,R06510,0,train
6511,R06511,0,train
6512,R06512,0,train
6513,R06513,0,train
6514,R06514,0,train
6515,R06515,0,val
6516,R06516,0,train
6517,R06517,0,test
6518,R06518,0,train
6519,R06519,0,train
6520,R06520,0,test
6521,R06521,0,val
6522,R06522,0,val
6523,R06523,0,val
6524,R06524,0,train
6525,R06525,0,test
6526,R06526,0,train
6527,R06527,0,train
6528,R06528,0,val
6529,R06529,0,train
6530,R06530,0,test
6531,R06531,0,train
6532,R06532,0,train
6533,R06533,0,train
6534,R06534,0,train
6535,R06535,0,train
6536,R06536,0,train
6537,R06537,0,train
6538,R06538,1,test
6539,R06539,0,train
6540,R06540,1,train
6541,R06541,0,train
6542,R06542,0,train
6543,R06543,0,val
6544,R06544,0,train
6545,R06545,0,train
6546,R06546,1,train
6547,R06547,1,train
6548,R06548,0,train
6549,R06549,1,train
6550,R06550,0,train
6551,R06551,0,train
6552,R06552,0,train
6553,R06553,0,train
6554,R06554,0,train
6555,R06555,1,train
6556,R06556,0,train
6557,R06557,0,train
6558,R06558,1,val
6559,R06559,0,train
6560,R06560,0,train
6561,R06561,0,train
6562,R06562,0,test
6563,R06563,0,train
6564,R06564,0,train
6565,R06565,0,train
6566,R06566,0,train
6567,R06567,0,train
6568,R06568,0,train
6569,R06569,0,train
6570,R06570,0,test
6571,R06571,0,train
6572,R06572,0,train
6573,R06573,0,train
6574,R06574,0,val
6575,R06575,0,train
6576,R06576,0,val
6577,R06577,0,train
6578,R06578,0,val
6579,R06579,0,train
6580,R06580,0,val
6581,R06581,0,val
6582,R06582,0,train
6583,R06583,0,train
6584,R06584,0,train
6585,R06585,0,train
6586,R06586,0,train
6587,R06587,0,train
6588,R06588,0,train
6589,R06589,0,val
6590,R06590,0,train
6591,R06591,0,val
6592,R06592,0,test
6593,R06593,0,train
6594,R06594,0,val
6595,R06595,0,val
6596,R06596,0,train
6597,R06597,0,train
6598,R06598,0,test
6599,R06599,0,train
6600,R06600,0,train
6601,R06601,0,test
6602,R06602,0,train
6603,R06603,0,train
6604,R06604,0,val
6605,R06605,0,test
6606,R06606,0,train
6607,R06607,1,train
6608,R06608,1,train
6609,R06609,0,train
6610,R06610,0,test
6611,R06611,0,train
6612,R06612,0,test
6613,R06613,0,train
6614,R06614,0,train
6615,R06615,0,train
6616,R06616,0,train
6617,R06617,0,train
6618,R06618,1,train
6619,R06619,0,val
6620,R06620,0,train
6621,R06621,0,test
6622,R06622,0,test
6623,R06623,0,train
6624,R06624,0,train
6625,R06625,0,train
6626,R06626,0,train
6627,R06627,0,train
6628,R06628,0,train
6629,R06629,0,val
6630,R06630,0,train
6631,R06631,0,train
6632,R06632,0,train
6633,R06633,0,train
6634,R06634,0,test
6635,R06635,0,test
6636,R06636,0,test
6637,R06637,0,train
6638,R06638,0,val
6639,R06639,0,train
6640,R06640,0,train
6641,R06641,0,train
6642,R06642,0,test
6643,R06643,0,train
6644,R06644,0,val
6645,R06645,0,train
6646,R06646,0,train
6647,R06647,0,train
6648,R06648,0,train
6649,R06649,1,test
6650,R06650,1,train
6651,R06651,0,train
6652,R06652,0,train
6653,R06653,0,val
6654,R06654,0,val
6655,R06655,0,train
6656,R06656,0,train
6657,R06657,0,train
6658,R06658,0,train
6659,R06659,0,train
6660,R06660,0,train
6661,R06661,0,train
6662,R06662,0,val
6663,R06663,0,train
6664,R06664,0,train
6665,R06665,0,train
6666,R06666,0,train
6667,R06667,1,train
6668,R06668,0,test
6669,R06669,0,test
6670,R06670,0,val
6671,R06671,0,test
6672,R06672,1,train
6673,R06673,0,val
6674,R06674,0,train
6675,R06675,0,test
6676,R06676,0,train
6677,R06677,1,train
6678,R06678,0,train
6679,R06679,0,train
6680,R06680,0,train
6681,R06681,0,train
6682,R06682,0,train
6683,R06683,0,train
6684,R06684,0,train
6685,R06685,0,train
6686,R06686,0,train
6687,R06687,0,val
6688,R06688,0,train
6689,R06689,0,train
6690,R06690,0,train
6691,R06691,0,train
6692,R06692,0,train
6693,R06693,0,val
6694,R06694,0,train
6695,R06695,0,train
6696,R06696,0,train
6697,R06697,0,val
6698,R06698,0,train
6699,R06699,0,train
6700,R06700,0,train
6701,R06701,0,val
6702,R06702,0,train
6703,R06703,0,train
6704,R06704,0,val
6705,R06705,0,train
6706,R06706,0,train
6707,R06707,0,train
6708,R06708,0,val
6709,R06709,0,train
6710,R06710,0,train
6711,R06711,0,train
6712,R06712,0,train
6713,R06713,0,train
6714,R06714,0,train
6715,R06715,0,test
6716,R06716,0,val
6717,R06717,0,train
6718,R06718,0,test
6719,R06719,0,test
6720,R06720,0,train
6721,R06721,0,train
6722,R06722,0,val
6723,R06723,0,test
6724,R06724,0,train
6725,R06725,0,train
6726,R06726,0,train
6727,R06727,0,train
6728,R06728,0,train
6729,R06729,0,train
6730,R06730,0,train
6731,R06731,0,train
6732,R06732,0,train
6733,R06733,0,val
6734,R06734,0,test
6735,R06735,0,train
6736,R06736,0,train
6737,R06737,0,train
6738,R06738,0,test
6739,R06739,1,train
6740,R06740,0,val
6741,R06741,0,train
6742,R06742,0,train
6743,R06743,0,train
6744,R06744,0,val
6745,R06745,0,train
6746,R06746,0,train
6747,R06747,0,val
6748,R06748,0,train
6749,R06749,0,train
6750,R06750,0,train
6751,R06751,0,train
6752,R06752,0,train
6753,R06753,0,val
6754,R06754,0,train
6755,R06755,0,train
6756,R06756,0,train
6757,R06757,0,train
6758,R06758,0,train
6759,R06759,0,val
6760,R06760,0,train
6761,R06761,0,train
6762,R06762,0,train
6763,R06763,0,test
6764,R06764,0,train
6765,R06765,1,train
6766,R06766,0,train
6767,R06767,0,train
6768,R06768,0,val
6769,R06769,1,val
6770,R06770,0,train
6771,R06771,0,test
6772,R06772,0,train
6773,R06773,0,train
6774,R06774,0,train
6775,R06775,0,train
6776,R06776,0,test
6777,R06777,0,val
6778,R06778,0,test
6779,R06779,0,train
6780,R06780,0,train
6781,R06781,0,train
6782,R06782,0,val
6783,R06783,0,train
6784,R06784,0,train
6785,R06785,0,train
6786,R06786,0,train
6787,R06787,0,train
6788,R06788,0,train
6789,R06789,0,train
6790,R06790,0,test
6791,R06791,0,train
6792,R06792,0,test
6793,R06793,0,train
6794,R06794,0,train
6795,R06795,0,test
6796,R06796,0,train
6797,R06797,0,train
6798,R06798,0,val
6799,R06799,0,test
6800,R06800,0,train
6801,R06801,0,train
6802,R06802,0,train
6803,R06803,0,train
6804,R06804,0,val
6805,R06805,0,train
6806,R06806,0,val
6807,R06807,0,train
6808,R06808,0,test
6809,R06809,0,test
6810,R06810,0,test
6811,R06811,0,train
6812,R06812,0,val
6813,R06813,0,train
6814,R06814,0,train
6815,R06815,0,train
6816,R06816,0,train
6817,R06817,0,val
6818,R06818,0,train
6819,R06819,0,val
6820,R06820,0,train
6821,R06821,0,val
6822,R06822,0,train
6823,R06823,0,val
6824,R06824,0,train
6825,R06825,0,train
6826,R06826,0,train
6827,R06827,0,train
6828,R06828,0,train
6829,R06829,0,train
6830,R06830,0,train
6831,R06831,0,train
6832,R06832,0,train
6833,R06833,0,train
6834,R06834,0,train
6835,R06835,0,train
6836,R06836,0,train
6837,R06837,0,train
6838,R06838,0,test
6839,R06839,0,train
6840,R06840,0,train
6841,R06841,0,train
6842,R06842,0,train
6843,R06843,0,val
6844,R06844,0,val
6845,R06845,0,val
6846,R06846,0,train
6847,R06847,0,train
6848,R06848,0,test
6849,R06849,0,train
6850,R06850,0,test
6851,R06851,0,train
6852,R06852,0,train
6853,R06853,0,train
6854,R06854,0,train
6855,R06855,0,test
6856,R06856,0,train
6857,R06857,0,train
6858,R06858,0,train
6859,R06859,0,val
6860,R06860,0,train
6861,R06861,0,val
6862,R06862,0,train
6863,R06863,0,train
6864,R06864,0,test
6865,R06865,0,train
6866,R06866,0,test
6867,R06867,0,test
6868,R06868,0,train
6869,R06869,0,train
6870,R06870,0,train
6871,R06871,0,train
6872,R06872,0,val
6873,R06873,0,train
6874,R06874,0,train
6875,R06875,0,train
6876,R06876,1,train
6877,R06877,0,train
6878,R06878,0,train
6879,R06879,0,train
6880,R06880,0,train
6881,R06881,0,train
6882,R06882,0,train
6883,R06883,1,train
6884,R06884,1,train
6885,R06885,0,train
6886,R06886,0,train
6887,R06887,0,train
6888,R06888,0,train
6889,R06889,0,train
6890,R06890,0,train
6891,R06891,0,train
6892,R06892,0,train
6893,R06893,0,train
6894,R06894,0,train
6895,R06895,0,test
6896,R06896,0,train
6897,R06897,0,train
6898,R06898,0,train
6899,R06899,0,test
6900,R06900,0,val
6901,R06901,0,train
6902,R06902,0,train
6903,R06903,0,train
6904,R06904,0,train
6905,R06905,0,train
6906,R06906,0,train
6907,R06907,1,test
6908,R06908,0,train
6909,R06909,0,train
6910,R06910,0,train
6911,R06911,0,train
6912,R06912,0,train
6913,R06913,0,train
6914,R06914,0,val
6915,R06915,0,train
6916,R06916,0,val
6917,R06917,0,train
6918,R06918,0,train
6919,R06919,0,train
6920,R06920,0,train
6921,R06921,0,train
6922,R06922,0,train
6923,R06923,0,train
6924,R06924,0,train
6925,R06925,0,train
6926,R06926,0,train
6927,R06927,0,train
6928,R06928,0,train
6929,R06929,0,test
6930,R06930,0,train
6931,R06931,0,train
6932,R06932,0,val
6933,R06933,0,train
6934,R06934,0,train
6935,R06935,0,val
6936,R06936,0,train
6937,R06937,0,test
6938,R06938,0,val
6939,R06939,1,val
6940,R06940,0,train
6941,R06941,0,train
6942,R06942,1,train
6943,R06943,0,train
6944,R06944,0,val
6945,R06945,0,val
6946,R06946,0,train
6947,R06947,0,train
6948,R06948,0,train
6949,R06949,0,train
6950,R06950,0,val
6951,R06951,1,train
6952,R06952,0,train
6953,R06953,0,train
6954,R06954,0,train
6955,R06955,0,train
6956,R06956,0,test
6957,R06957,0,val
6958,R06958,0,train
6959,R06959,0,test
6960,R06960,0,train
6961,R06961,0,train
6962,R06962,0,train
6963,R06963,0,train
6964,R06964,0,val
6965,R06965,1,train
6966,R06966,0,train
6967,R06967,0,train
6968,R06968,0,val
6969,R06969,0,train
6970,R06970,0,train
6971,R06971,0,val
6972,R06972,0,train
6973,R06973,0,train
6974,R06974,0,train
6975,R06975,0,train
6976,R06976,0,train
6977,R06977,0,val
6978,R06978,0,train
6979,R06979,0,train
6980,R06980,0,train
6981,R06981,0,train
6982,R06982,0,train
6983,R06983,0,val
6984,R06984,0,train
6985,R06985,0,train
6986,R06986,0,test
6987,R06987,0,test
6988,R06988,0,test
6989,R06989,0,train
6990,R06990,1,train
6991,R06991,1,train
6992,R06992,0,test
6993,R06993,0,train
6994,R06994,0,val
6995,R06995,0,val
6996,R06996,0,train
6997,R06997,0,train
6998,R06998,0,train
6999,R06999,0,train
7000,R07000,0,val
7001,R07001,0,train
7002,R07002,0,train
7003,R07003,0,val
7004,R07004,0,train
7005,R07005,0,train
7006,R07006,0,test
7007,R07007,0,test
7008,R07008,0,val
7009,R07009,1,val
7010,R07010,0,train
7011,R07011,0,val
7012,R07012,0,val
7013,R07013,0,train
7014,R07014,0,train
7015,R07015,0,train
7016,R07016,0,train
7017,R07017,0,train
7018,R07018,0,train
7019,R07019,0,train
7020,R07020,0,train
7021,R07021,0,val
7022,R07022,0,test
7023,R07023,0,train
7024,R07024,0,train
7025,R07025,0,train
7026,R07026,0,train
7027,R07027,0,val
7028,R07028,0,train
7029,R07029,0,train
7030,R07030,0,train
7031,R07031,0,test
7032,R07032,0,train
7033,R07033,0,train
7034,R07034,0,train
7035,R07035,0,train
7036,R07036,1,train
7037,R07037,0,train
7038,R07038,0,train
7039,R07039,0,train
7040,R07040,0,train
7041,R07041,0,train
7042,R07042,0,train
7043,R07043,0,test
7044,R07044,0,train
7045,R07045,0,train
7046,R07046,0,train
7047,R07047,0,train
7048,R07048,0,val
7049,R07049,0,train
7050,R07050,0,train
7051,R07051,0,val
7052,R07052,0,test
7053,R07053,0,test
7054,R07054,0,train
7055,R07055,0,train
7056,R07056,0,train
7057,R07057,0,train
7058,R07058,0,train
7059,R07059,0,train
7060,R07060,0,train
7061,R07061,0,train
7062,R07062,0,train
7063,R07063,0,train
7064,R07064,0,val
7065,R07065,0,train
7066,R07066,0,train
7067,R07067,0,train
7068,R07068,0,train
7069,R07069,0,train
7070,R07070,0,train
7071,R07071,0,val
7072,R07072,0,test
7073,R07073,0,val
7074,R07074,0,val
7075,R07075,0,train
7076,R07076,0,train
7077,R07077,0,train
7078,R07078,0,test
7079,R07079,0,val
7080,R07080,0,train
7081,R07081,0,train
7082,R07082,0,test
7083,R07083,0,test
7084,R07084,0,val
7085,R07085,0,train
7086,R07086,0,train
7087,R07087,0,train
7088,R07088,0,train
7089,R07089,1,train
7090,R07090,0,train
7091,R07091,0,val
7092,R07092,0,train
7093,R07093,0,val
7094,R07094,0,train
7095,R07095,0,val
7096,R07096,0,train
7097,R07097,0,train
7098,R07098,0,train
7099,R07099,0,train
7100,R07100,0,train
7101,R07101,0,train
7102,R07102,0,train
7103,R07103,0,train
7104,R07104,0,train
7105,R07105,0,train
7106,R07106,0,train
7107,R07107,0,train
7108,R07108,0,test
7109,R07109,0,train
7110,R07110,0,train
7111,R07111,0,train
7112,R07112,0,train
7113,R07113,0,train
7114,R07114,0,train
7115,R07115,0,train
7116,R07116,0,train
7117,R07117,0,test
7118,R07118,0,val
7119,R07119,0,val
7120,R07120,0,train
7121,R07121,0,test
7122,R07122,0,train
7123,R07123,0,train
7124,R07124,0,train
7125,R07125,0,val
7126,R07126,1,val
7127,R07127,0,val
7128,R07128,0,train
7129,R07129,0,train
7130,R07130,0,train
7131,R07131,0,test
7132,R07132,0,test
7133,R07133,0,train
7134,R07134,0,val
7135,R07135,0,train
7136,R07136,0,train
7137,R07137,0,train
7138,R07138,1,train
7139,R07139,0,train
7140,R07140,0,train
7141,R07141,0,train
7142,R07142,0,train
7143,R07143,0,train
7144,R07144,0,train
7145,R07145,0,val
7146,R07146,0,train
7147,R07147,0,train
7148,R07148,0,train
7149,R07149,0,train
7150,R07150,0,train
7151,R07151,0,train
7152,R07152,0,train
7153,R07153,0,test
7154,R07154,0,train
7155,R07155,1,test
7156,R07156,1,train
7157,R07157,0,train
7158,R07158,0,train
7159,R07159,0,train
7160,R07160,0,train
7161,R07161,0,train
7162,R07162,0,train
7163,R07163,0,train
7164,R07164,0,train
7165,R07165,0,train
7166,R07166,0,train
7167,R07167,0,val
7168,R07168,0,train
7169,R07169,0,test
7170,R07170,0,test
7171,R07171,0,train
7172,R07172,0,train
7173,R07173,0,val
7174,R07174,0,val
7175,R07175,0,train
7176,R07176,0,train
7177,R07177,0,train
7178,R07178,0,train
7179,R07179,0,train
7180,R07180,0,train
7181,R07181,0,val
7182,R07182,0,test
7183,R07183,0,val
7184,R07184,1,train
7185,R07185,0,train
7186,R07186,0,train
7187,R07187,1,train
7188,R07188,0,train
7189,R07189,1,train
7190,R07190,0,train
7191,R07191,0,train
7192,R07192,0,train
7193,R07193,0,train
7194,R07194,0,train
7195,R07195,0,test
7196,R07196,0,train
7197,R07197,0,val
7198,R07198,0,train
7199,R07199,0,train
7200,R07200,0,val
7201,R07201,0,test
7202,R07202,0,train
7203,R07203,0,val
7204,R07204,0,train
7205,R07205,0,val
7206,R07206,0,test
7207,R07207,0,train
7208,R07208,0,train
7209,R07209,0,train
7210,R07210,0,train
7211,R07211,0,test
7212,R07212,0,train
7213,R07213,0,train
7214,R07214,0,train
7215,R07215,0,train
7216,R07216,0,val
7217,R07217,0,test
7218,R07218,0,val
7219,R07219,0,train
7220,R07220,0,train
7221,R07221,0,val
7222,R07222,0,train
7223,R07223,0,test
7224,R07224,0,train
7225,R07225,0,val
7226,R07226,0,test
7227,R07227,0,val
7228,R07228,0,train
7229,R07229,0,val
7230,R07230,0,train
7231,R07231,0,train
7232,R07232,0,test
7233,R07233,0,test
7234,R07234,0,train
7235,R07235,0,train
7236,R07236,0,train
7237,R07237,0,train
7238,R07238,0,test
7239,R07239,1,train
7240,R07240,0,train
7241,R07241,0,train
7242,R07242,0,test
7243,R07243,0,train
7244,R07244,0,train
7245,R07245,0,train
7246,R07246,0,test
7247,R07247,0,train
7248,R07248,0,train
7249,R07249,0,train
7250,R07250,0,train
7251,R07251,0,train
7252,R07252,0,train
7253,R07253,0,test
7254,R07254,0,test
7255,R07255,0,train
7256,R07256,0,train
7257,R07257,1,val
7258,R07258,0,train
7259,R07259,0,train
7260,R07260,0,test
7261,R07261,0,train
7262,R07262,0,val
7263,R07263,0,train
7264,R07264,0,train
7265,R07265,0,val
7266,R07266,1,val
7267,R07267,0,train
7268,R07268,0,train
7269,R07269,0,test
7270,R07270,0,train
7271,R07271,0,train
7272,R07272,0,train
7273,R07273,1,val
7274,R07274,0,train
7275,R07275,0,train
7276,R07276,0,test
7277,R07277,0,train
7278,R07278,0,train
7279,R07279,0,train
7280,R07280,0,train
7281,R07281,0,train
7282,R07282,0,test
7283,R07283,0,train
7284,R07284,0,train
7285,R07285,0,train
7286,R07286,0,test
7287,R07287,0,train
7288,R07288,1,train
7289,R07289,1,train
7290,R07290,0,train
7291,R07291,0,train
7292,R07292,0,train
7293,R07293,0,train
7294,R07294,0,train
7295,R07295,0,train
7296,R07296,0,train
7297,R07297,0,train
7298,R07298,0,train
7299,R07299,0,test
7300,R07300,0,train
7301,R07301,0,test
7302,R07302,0,train
7303,R07303,0,test
7304,R07304,0,train
7305,R07305,0,test
7306,R07306,0,val
7307,R07307,0,test
7308,R07308,0,train
7309,R07309,0,train
7310,R07310,0,train
7311,R07311,0,train
7312,R07312,0,train
7313,R07313,0,train
7314,R07314,0,train
7315,R07315,0,val
7316,R07316,0,train
7317,R07317,0,train
7318,R07318,0,train
7319,R07319,0,test
7320,R07320,1,test
7321,R07321,0,test
7322,R07322,0,train
7323,R07323,0,test
7324,R07324,0,train
7325,R07325,0,train
7326,R07326,0,train
7327,R07327,0,val
7328,R07328,0,val
7329,R07329,0,train
7330,R07330,1,train
7331,R07331,0,train
7332,R07332,0,train
7333,R07333,0,test
7334,R07334,0,train
7335,R07335,0,train
7336,R07336,0,train
7337,R07337,0,train
7338,R07338,0,train
7339,R07339,0,train
7340,R07340,0,train
7341,R07341,0,train
7342,R07342,0,train
7343,R07343,0,val
7344,R07344,0,train
7345,R07345,0,train
7346,R07346,0,train
7347,R07347,0,test
7348,R07348,0,train
7349,R07349,0,train
7350,R07350,0,train
7351,R07351,0,train
7352,R07352,0,train
7353,R07353,0,train
7354,R07354,0,train
7355,R07355,0,test
7356,R07356,1,train
7357,R07357,0,val
7358,R07358,0,train
7359,R07359,0,train
7360,R07360,0,train
7361,R07361,0,val
7362,R07362,0,train
7363,R07363,0,train
7364,R07364,0,train
7365,R07365,0,val
7366,R07366,0,test
7367,R07367,0,test
7368,R07368,0,train
7369,R07369,0,test
7370,R07370,0,train
7371,R07371,0,train
7372,R07372,0,test
7373,R07373,0,val
7374,R07374,0,train
7375,R07375,0,train
7376,R07376,0,train
7377,R07377,0,test
7378,R07378,0,train
7379,R07379,0,train
7380,R07380,0,train
7381,R07381,0,val
7382,R07382,0,train
7383,R07383,1,train
7384,R07384,0,train
7385,R07385,0,test
7386,R07386,0,train
7387,R07387,0,train
7388,R07388,0,train
7389,R07389,0,train
7390,R07390,0,train
7391,R07391,0,train
7392,R07392,0,train
7393,R07393,0,train
7394,R07394,1,test
7395,R07395,0,val
7396,R07396,0,train
7397,R07397,0,train
7398,R07398,0,val
7399,R07399,0,train
7400,R07400,0,train
7401,R07401,0,train
7402,R07402,0,test
7403,R07403,0,train
7404,R07404,0,val
7405,R07405,0,train
7406,R07406,0,train
7407,R07407,0,train
7408,R07408,0,train
7409,R07409,0,val
7410,R07410,1,train
7411,R07411,0,train
7412,R07412,0,train
7413,R07413,0,train
7414,R07414,0,train
7415,R07415,0,train
7416,R07416,0,val
7417,R07417,0,train
7418,R07418,0,train
7419,R07419,0,train
7420,R07420,0,train
7421,R07421,0,train
7422,R07422,0,train
7423,R07423,0,test
7424,R07424,0,val
7425,R07425,1,train
7426,R07426,0,test
7427,R07427,0,train
7428,R07428,0,val
7429,R07429,0,train
7430,R07430,0,test
7431,R07431,0,train
7432,R07432,1,train
7433,R07433,0,train
7434,R07434,0,train
7435,R07435,0,train
7436,R07436,0,val
7437,R07437,0,train
7438,R07438,0,train
7439,R07439,0,train
7440,R07440,0,train
7441,R07441,0,val
7442,R07442,0,test
7443,R07443,0,train
7444,R07444,0,train
7445,R07445,0,train
7446,R07446,0,train
7447,R07447,0,train
7448,R07448,0,train
7449,R07449,0,train
7450,R07450,1,train
7451,R07451,1,train
7452,R07452,0,val
7453,R07453,0,train
7454,R07454,0,train
7455,R07455,0,train
7456,R07456,0,train
7457,R07457,0,test
7458,R07458,0,train
7459,R07459,0,train
7460,R07460,0,train
7461,R07461,0,train
7462,R07462,0,train
7463,R07463,0,test
7464,R07464,0,test
7465,R07465,0,test
7466,R07466,0,test
7467,R07467,0,test
7468,R07468,0,train
7469,R07469,0,train
7470,R07470,0,train
7471,R07471,0,test
7472,R07472,0,train
7473,R07473,0,train
7474,R07474,0,train
7475,R07475,0,test
7476,R07476,0,val
7477,R07477,0,val
7478,R07478,0,test
7479,R07479,0,train
7480,R07480,0,train
7481,R07481,0,test
7482,R07482,0,train
7483,R07483,0,train
7484,R07484,0,train
7485,R07485,0,train
7486,R07486,0,train
7487,R07487,0,train
7488,R07488,0,train
7489,R07489,0,train
7490,R07490,0,train
7491,R07491,0,train
7492,R07492,0,train
7493,R07493,1,val
7494,R07494,0,val
7495,R07495,0,train
7496,R07496,0,train
7497,R07497,0,val
7498,R07498,0,train
7499,R07499,0,train
7500,R07500,0,train
7501,R07501,0,train
7502,R07502,0,val
7503,R07503,0,train
7504,R07504,0,train
7505,R07505,1,train
7506,R07506,0,test
7507,R07507,0,train
7508,R07508,0,train
7509,R07509,0,val
7510,R07510,0,train
7511,R07511,0,train
7512,R07512,1,train
7513,R07513,0,test
7514,R07514,1,train
7515,R07515,0,test
7516,R07516,0,train
7517,R07517,0,val
7518,R07518,0,train
7519,R07519,0,train
7520,R07520,0,train
7521,R07521,0,val
7522,R07522,0,train
7523,R07523,0,train
7524,R07524,1,train
7525,R07525,0,test
7526,R07526,0,train
7527,R07527,1,train
7528,R07528,0,train
7529,R07529,0,val
7530,R07530,0,test
7531,R07531,0,train
7532,R07532,1,val
7533,R07533,0,train
7534,R07534,0,test
7535,R07535,0,train
7536,R07536,1,val
7537,R07537,0,train
7538,R07538,0,val
7539,R07539,0,train
7540,R07540,0,train
7541,R07541,0,train
7542,R07542,0,train
7543,R07543,0,val
7544,R07544,0,test
7545,R07545,0,train
7546,R07546,0,train
7547,R07547,0,train
7548,R07548,0,val
7549,R07549,0,train
7550,R07550,0,train
7551,R07551,0,train
7552,R07552,0,train
7553,R07553,0,train
7554,R07554,0,train
7555,R07555,0,train
7556,R07556,0,train
7557,R07557,0,train
7558,R07558,0,val
7559,R07559,0,train
7560,R07560,0,val
7561,R07561,0,train
7562,R07562,0,train
7563,R07563,0,train
7564,R07564,0,train
7565,R07565,0,test
7566,R07566,0,train
7567,R07567,0,train
7568,R07568,0,val
7569,R07569,0,train
7570,R07570,0,test
7571,R07571,0,train
7572,R07572,0,train
7573,R07573,0,train
7574,R07574,0,train
7575,R07575,0,val
7576,R07576,0,train
7577,R07577,0,train
7578,R07578,0,val
7579,R07579,0,test
7580,R07580,0,train
7581,R07581,0,train
7582,R07582,0,train
7583,R07583,0,train
7584,R07584,0,val
7585,R07585,0,train
7586,R07586,0,train
7587,R07587,0,train
7588,R07588,0,train
7589,R07589,0,val
7590,R07590,0,train
7591,R07591,0,test
7592,R07592,0,test
7593,R07593,0,test
7594,R07594,0,val
7595,R07595,1,train
7596,R07596,0,train
7597,R07597,0,val
7598,R07598,0,train
7599,R07599,0,val
7600,R07600,0,train
7601,R07601,0,train
7602,R07602,0,train
7603,R07603,0,train
7604,R07604,0,val
7605,R07605,0,train
7606,R07606,0,train
7607,R07607,0,train
7608,R07608,1,train
7609,R07609,0,train
7610,R07610,0,train
7611,R07611,0,test
7612,R07612,0,train
7613,R07613,0,train
7614,R07614,0,val
7615,R07615,0,train
7616,R07616,0,train
7617,R07617,1,train
7618,R07618,0,test
7619,R07619,0,train
7620,R07620,0,train
7621,R07621,0,train
7622,R07622,0,val
7623,R07623,0,train
7624,R07624,0,train
7625,R07625,0,train
7626,R07626,0,train
7627,R07627,0,train
7628,R07628,0,val
7629,R07629,0,train
7630,R07630,0,val
7631,R07631,0,train
7632,R07632,0,train
7633,R07633,0,test
7634,R07634,0,train
7635,R07635,0,train
7636,R07636,0,train
7637,R07637,0,train
7638,R07638,0,train
7639,R07639,0,train
7640,R07640,0,test
7641,R07641,0,train
7642,R07642,0,train
7643,R07643,1,train
7644,R07644,0,train
7645,R07645,1,train
7646,R07646,0,train
7647,R07647,0,train
7648,R07648,0,train
7649,R07649,0,train
7650,R07650,0,val
7651,R07651,0,train
7652,R07652,0,val
7653,R07653,0,train
7654,R07654,0,val
7655,R07655,0,train
7656,R07656,0,train
7657,R07657,0,train
7658,R07658,0,train
7659,R07659,0,train
7660,R07660,0,test
7661,R07661,0,train
7662,R07662,0,val
7663,R07663,0,val
7664,R07664,0,test
7665,R07665,0,val
7666,R07666,0,train
7667,R07667,0,train
7668,R07668,1,train
7669,R07669,0,val
7670,R07670,0,test
7671,R07671,1,train
7672,R07672,0,train
7673,R07673,1,train
7674,R07674,0,val
7675,R07675,0,train
7676,R07676,0,train
7677,R07677,1,train
7678,R07678,0,train
7679,R07679,0,train
7680,R07680,0,train
7681,R07681,0,val
7682,R07682,1,train
7683,R07683,0,test
7684,R07684,0,train
7685,R07685,0,train
7686,R07686,0,train
7687,R07687,0,val
7688,R07688,1,test
7689,R07689,1,train
7690,R07690,0,train
7691,R07691,0,train
7692,R07692,0,train
7693,R07693,0,test
7694,R07694,0,train
7695,R07695,0,train
7696,R07696,0,train
7697,R07697,0,train
7698,R07698,0,train
7699,R07699,0,val
7700,R07700,0,test
7701,R07701,0,train
7702,R07702,0,val
7703,R07703,0,val
7704,R07704,1,test
7705,R07705,0,test
7706,R07706,0,train
7707,R07707,0,test
7708,R07708,0,train
7709,R07709,0,train
7710,R07710,0,train
7711,R07711,1,train
7712,R07712,0,train
7713,R07713,0,val
7714,R07714,0,val
7715,R07715,0,train
7716,R07716,0,train
7717,R07717,0,val
7718,R07718,0,train
7719,R07719,0,train
7720,R07720,0,test
7721,R07721,0,val
7722,R07722,0,train
7723,R07723,0,train
7724,R07724,0,train
7725,R07725,0,train
7726,R07726,0,train
7727,R07727,1,train
7728,R07728,1,test
7729,R07729,0,test
7730,R07730,0,train
7731,R07731,0,train
7732,R07732,0,train
7733,R07733,0,train
7734,R07734,0,train
7735,R07735,0,train
7736,R07736,0,train
7737,R07737,0,train
7738,R07738,0,test
7739,R07739,0,val
7740,R07740,0,train
7741,R07741,0,train
7742,R07742,0,train
7743,R07743,0,train
7744,R07744,0,train
7745,R07745,0,train
7746,R07746,0,train
7747,R07747,0,test
7748,R07748,0,train
7749,R07749,0,test
7750,R07750,0,train
7751,R07751,0,train
7752,R07752,0,train
7753,R07753,0,train
7754,R07754,0,train
7755,R07755,0,train
7756,R07756,0,train
7757,R07757,0,train
7758,R07758,0,train
7759,R07759,0,val
7760,R07760,0,train
7761,R07761,1,train
7762,R07762,0,train
7763,R07763,0,test
7764,R07764,0,train
7765,R07765,0,train
7766,R07766,0,val
7767,R07767,0,train
7768,R07768,0,test
7769,R07769,0,train
7770,R07770,0,train
7771,R07771,0,test
7772,R07772,0,test
7773,R07773,0,train
7774,R07774,0,test
7775,R07775,0,train
7776,R07776,0,test
7777,R07777,0,train
7778,R07778,0,train
7779,R07779,0,train
7780,R07780,0,train
7781,R07781,0,train
7782,R07782,0,val
7783,R07783,0,train
7784,R07784,0,train
7785,R07785,0,train
7786,R07786,0,val
7787,R07787,1,test
7788,R07788,1,train
7789,R07789,0,train
7790,R07790,0,val
7791,R07791,0,test
7792,R07792,0,train
7793,R07793,0,train
7794,R07794,0,train
7795,R07795,0,train
7796,R07796,0,train
7797,R07797,0,train
7798,R07798,0,train
7799,R07799,0,train
7800,R07800,0,val
7801,R07801,0,train
7802,R07802,0,train
7803,R07803,0,train
7804,R07804,0,val
7805,R07805,0,test
7806,R07806,0,train
7807,R07807,0,val
7808,R07808,0,train
7809,R07809,0,train
7810,R07810,0,val
7811,R07811,0,train
7812,R07812,0,train
7813,R07813,0,train
7814,R07814,0,train
7815,R07815,0,train
7816,R07816,0,test
7817,R07817,0,train
7818,R07818,0,test
7819,R07819,0,train
7820,R07820,0,train
7821,R07821,0,train
7822,R07822,0,test
7823,R07823,0,train
7824,R07824,0,train
7825,R07825,0,train
7826,R07826,0,test
7827,R07827,0,train
7828,R07828,0,val
7829,R07829,0,train
7830,R07830,0,train
7831,R07831,0,val
7832,R07832,0,train
7833,R07833,0,test
7834,R07834,0,train
7835,R07835,0,train
7836,R07836,0,train
7837,R07837,0,train
7838,R07838,0,val
7839,R07839,0,test
7840,R07840,1,train
7841,R07841,0,train
7842,R07842,0,train
7843,R07843,0,train
7844,R07844,0,val
7845,R07845,0,train
7846,R07846,0,train
7847,R07847,0,val
7848,R07848,0,val
7849,R07849,0,train
7850,R07850,0,train
7851,R07851,0,train
7852,R07852,0,train
7853,R07853,1,train
7854,R07854,0,train
7855,R07855,0,train
7856,R07856,0,train
7857,R07857,0,train
7858,R07858,0,test
7859,R07859,0,train
7860,R07860,0,test
7861,R07861,0,train
7862,R07862,0,train
7863,R07863,0,train
7864,R07864,0,train
7865,R07865,0,train
7866,R07866,0,train
7867,R07867,0,test
7868,R07868,1,train
7869,R07869,0,train
7870,R07870,0,train
7871,R07871,0,train
7872,R07872,0,train
7873,R07873,0,train
7874,R07874,0,val
7875,R07875,0,train
7876,R07876,0,test
7877,R07877,0,test
7878,R07878,0,train
7879,R07879,0,train
7880,R07880,0,train
7881,R07881,0,train
7882,R07882,0,train
7883,R07883,0,train
7884,R07884,0,val
7885,R07885,0,test
7886,R07886,0,train
7887,R07887,0,train
7888,R07888,0,train
7889,R07889,0,train
7890,R07890,0,train
7891,R07891,0,val
7892,R07892,0,train
7893,R07893,0,train
7894,R07894,0,train
7895,R07895,0,train
7896,R07896,0,test
7897,R07897,0,test
7898,R07898,0,train
7899,R07899,0,train
7900,R07900,0,train
7901,R07901,0,train
7902,R07902,0,train
7903,R07903,0,val
7904,R07904,0,train
7905,R07905,0,test
7906,R07906,0,val
7907,R07907,0,train
7908,R07908,0,train
7909,R07909,0,train
7910,R07910,0,train
7911,R07911,0,val
7912,R07912,0,test
7913,R07913,0,val
7914,R07914,0,train
7915,R07915,1,test
7916,R07916,1,train
7917,R07917,0,train
7918,R07918,0,train
7919,R07919,0,train
7920,R07920,0,train
7921,R07921,0,train
7922,R07922,0,train
7923,R07923,0,test
7924,R07924,0,train
7925,R07925,0,train
7926,R07926,1,train
7927,R07927,0,train
7928,R07928,0,val
7929,R07929,0,train
7930,R07930,0,train
7931,R07931,0,val
7932,R07932,0,train
7933,R07933,0,val
7934,R07934,0,train
7935,R07935,0,test
7936,R07936,0,val
7937,R07937,0,train
7938,R07938,0,train
7939,R07939,0,train
7940,R07940,1,val
7941,R07941,0,val
7942,R07942,0,val
7943,R07943,0,test
7944,R07944,0,train
7945,R07945,0,train
7946,R07946,0,train
7947,R07947,0,test
7948,R07948,0,test
7949,R07949,0,train
7950,R07950,0,test
7951,R07951,0,test
7952,R07952,1,train
7953,R07953,0,val
7954,R07954,0,train
7955,R07955,0,train
7956,R07956,0,train
7957,R07957,1,test
7958,R07958,0,test
7959,R07959,0,train
7960,R07960,0,test
7961,R07961,0,test
7962,R07962,0,train
7963,R07963,0,train
7964,R07964,0,train
7965,R07965,0,train
7966,R07966,0,train
7967,R07967,0,train
7968,R07968,1,test
7969,R07969,0,train
7970,R07970,1,train
7971,R07971,0,train
7972,R07972,0,train
7973,R07973,0,train
7974,R07974,0,train
7975,R07975,0,val
7976,R07976,0,train
7977,R07977,0,train
7978,R07978,0,test
7979,R07979,0,train
7980,R07980,0,val
7981,R07981,0,train
7982,R07982,0,test
7983,R07983,1,test
7984,R07984,0,train
7985,R07985,0,val
7986,R07986,1,train
7987,R07987,0,train
7988,R07988,0,train
7989,R07989,0,train
7990,R07990,0,train
7991,R07991,0,train
7992,R07992,0,train
7993,R07993,0,train
7994,R07994,0,train
7995,R07995,0,train
7996,R07996,0,val
7997,R07997,0,train
7998,R07998,0,val
7999,R07999,0,val
8000,R08000,0,train
8001,R08001,0,test
8002,R08002,0,train
8003,R08003,0,val
8004,R08004,0,train
8005,R08005,0,train
8006,R08006,0,train
8007,R08007,0,train
8008,R08008,1,train
8009,R08009,0,train
8010,R08010,0,train
8011,R08011,0,train
8012,R08012,0,test
8013,R08013,0,test
8014,R08014,0,train
8015,R08015,0,test
8016,R08016,0,train
8017,R08017,0,train
8018,R08018,0,train
8019,R08019,0,train
8020,R08020,0,test
8021,R08021,1,val
8022,R08022,1,train
8023,R08023,0,val
8024,R08024,0,val
8025,R08025,0,val
8026,R08026,0,test
8027,R08027,0,train
8028,R08028,1,train
8029,R08029,0,val
8030,R08030,0,train
8031,R08031,0,train
8032,R08032,0,train
8033,R08033,0,val
8034,R08034,0,test
8035,R08035,0,train
8036,R08036,0,train
8037,R08037,0,test
8038,R08038,0,train
8039,R08039,1,train
8040,R08040,0,train
8041,R08041,0,train
8042,R08042,0,train
8043,R08043,0,val
8044,R08044,0,train
8045,R08045,0,train
8046,R08046,0,train
8047,R08047,0,test
8048,R08048,0,test
8049,R08049,0,train
8050,R08050,0,test
8051,R08051,0,train
8052,R08052,0,test
8053,R08053,0,train
8054,R08054,0,train
8055,R08055,0,train
8056,R08056,0,val
8057,R08057,0,train
8058,R08058,0,train
8059,R08059,1,test
8060,R08060,0,train
8061,R08061,0,train
8062,R08062,0,train
8063,R08063,0,train
8064,R08064,0,val
8065,R08065,0,train
8066,R08066,0,val
8067,R08067,0,train
8068,R08068,0,train
8069,R08069,0,train
8070,R08070,0,train
8071,R08071,0,train
8072,R08072,0,train
8073,R08073,0,val
8074,R08074,0,val
8075,R08075,0,train
8076,R08076,0,train
8077,R08077,0,train
8078,R08078,0,test
8079,R08079,0,train
8080,R08080,0,train
8081,R08081,0,train
8082,R08082,1,train
8083,R08083,0,train
8084,R08084,0,train
8085,R08085,0,test
8086,R08086,0,train
8087,R08087,0,val
8088,R08088,0,train
8089,R08089,0,train
8090,R08090,0,test
8091,R08091,0,train
8092,R08092,0,train
8093,R08093,0,val
8094,R08094,0,train
8095,R08095,0,val
8096,R08096,0,val
8097,R08097,0,val
8098,R08098,1,train
8099,R08099,0,train
8100,R08100,0,test
8101,R08101,0,train
8102,R08102,0,train
8103,R08103,0,train
8104,R08104,0,train
8105,R08105,0,val
8106,R08106,0,train
8107,R08107,0,train
8108,R08108,0,train
8109,R08109,0,train
8110,R08110,0,val
8111,R08111,0,train
8112,R08112,0,test
8113,R08113,0,train
8114,R08114,0,train
8115,R08115,1,val
8116,R08116,0,train
8117,R08117,0,train
8118,R08118,0,test
8119,R08119,0,test
8120,R08120,0,train
8121,R08121,0,train
8122,R08122,0,train
8123,R08123,0,train
8124,R08124,0,val
8125,R08125,1,train
8126,R08126,0,train
8127,R08127,0,train
8128,R08128,0,train
8129,R08129,0,train
8130,R08130,0,train
8131,R08131,1,test
8132,R08132,0,val
8133,R08133,0,test
8134,R08134,0,train
8135,R08135,0,val
8136,R08136,0,train
8137,R08137,0,train
8138,R08138,0,val
8139,R08139,0,train
8140,R08140,0,val
8141,R08141,0,val
8142,R08142,0,train
8143,R08143,0,train
8144,R08144,0,train
8145,R08145,0,train
8146,R08146,0,train
8147,R08147,0,train
8148,R08148,0,test
8149,R08149,0,test
8150,R08150,0,test
8151,R08151,0,test
8152,R08152,0,val
8153,R08153,0,val
8154,R08154,0,train
8155,R08155,0,train
8156,R08156,0,train
8157,R08157,0,train
8158,R08158,0,train
8159,R08159,0,val
8160,R08160,0,train
8161,R08161,0,train
8162,R08162,0,test
8163,R08163,0,train
8164,R08164,0,train
8165,R08165,1,train
8166,R08166,0,train
8167,R08167,0,train
8168,R08168,0,train
8169,R08169,0,val
8170,R08170,0,val
8171,R08171,0,val
8172,R08172,0,train
8173,R08173,0,train
8174,R08174,0,train
8175,R08175,1,test
8176,R08176,0,test
8177,R08177,0,train
8178,R08178,1,train
8179,R08179,0,test
8180,R08180,0,train
8181,R08181,0,val
8182,R08182,0,val
8183,R08183,0,val
8184,R08184,0,train
8185,R08185,0,test
8186,R08186,0,val
8187,R08187,0,train
8188,R08188,0,val
8189,R08189,0,test
8190,R08190,0,train
8191,R08191,0,train
8192,R08192,0,train
8193,R08193,0,test
8194,R08194,0,train
8195,R08195,0,train
8196,R08196,0,test
8197,R08197,0,val
8198,R08198,0,val
8199,R08199,0,train
8200,R08200,0,train
8201,R08201,0,train
8202,R08202,0,train
8203,R08203,0,train
8204,R08204,0,train
8205,R08205,0,train
8206,R08206,0,train
8207,R08207,0,train
8208,R08208,0,test
8209,R08209,0,test
8210,R08210,0,train
8211,R08211,0,val
8212,R08212,0,train
8213,R08213,0,train
8214,R08214,0,train
8215,R08215,0,train
8216,R08216,0,train
8217,R08217,1,test
8218,R08218,0,train
8219,R08219,0,train
8220,R08220,0,train
8221,R08221,0,val
8222,R08222,0,test
8223,R08223,0,train
8224,R08224,0,train
8225,R08225,0,train
8226,R08226,0,train
8227,R08227,0,train
8228,R08228,0,train
8229,R08229,0,train
8230,R08230,0,train
8231,R08231,0,train
8232,R08232,0,train
8233,R08233,0,train
8234,R08234,0,train
8235,R08235,0,train
8236,R08236,0,train
8237,R08237,0,train
8238,R08238,1,train
8239,R08239,0,test
8240,R08240,0,test
8241,R08241,0,test
8242,R08242,0,train
8243,R08243,0,train
8244,R08244,0,train
8245,R08245,0,val
8246,R08246,0,train
8247,R08247,0,train
8248,R08248,0,train
8249,R08249,0,train
8250,R08250,0,train
8251,R08251,0,train
8252,R08252,0,train
8253,R08253,0,val
8254,R08254,0,val
8255,R08255,0,train
8256,R08256,0,val
8257,R08257,0,train
8258,R08258,0,train
8259,R08259,0,train
8260,R08260,1,train
8261,R08261,0,train
8262,R08262,0,train
8263,R08263,0,train
8264,R08264,1,train
8265,R08265,0,train
8266,R08266,0,train
8267,R08267,0,test
8268,R08268,0,train
8269,R08269,0,train
8270,R08270,0,train
8271,R08271,0,val
8272,R08272,0,test
8273,R08273,0,train
8274,R08274,0,test
8275,R08275,0,test
8276,R08276,0,train
8277,R08277,0,train
8278,R08278,0,train
8279,R08279,0,train
8280,R08280,0,test
8281,R08281,0,train
8282,R08282,0,train
8283,R08283,0,test
8284,R08284,0,train
8285,R08285,0,val
8286,R08286,0,train
8287,R08287,0,train
8288,R08288,0,val
8289,R08289,0,train
8290,R08290,0,val
8291,R08291,0,train
8292,R08292,0,train
8293,R08293,0,train
8294,R08294,1,train
8295,R08295,0,train
8296,R08296,0,train
8297,R08297,0,train
8298,R08298,0,train
8299,R08299,0,test
8300,R08300,0,train
8301,R08301,0,val
8302,R08302,0,test
8303,R08303,0,train
8304,R08304,0,test
8305,R08305,0,train
8306,R08306,0,train
8307,R08307,0,train
8308,R08308,0,train
8309,R08309,0,train
8310,R08310,0,train
8311,R08311,0,train
8312,R08312,0,train
8313,R08313,0,train
8314,R08314,0,train
8315,R08315,0,train
8316,R08316,0,train
8317,R08317,0,train
8318,R08318,0,train
8319,R08319,0,train
8320,R08320,0,train
8321,R08321,0,val
8322,R08322,1,train
8323,R08323,0,train
8324,R08324,0,train
8325,R08325,0,test
8326,R08326,0,train
8327,R08327,0,train
8328,R08328,0,train
8329,R08329,0,train
8330,R08330,0,train
8331,R08331,0,train
8332,R08332,1,train
8333,R08333,0,train
8334,R08334,0,train
8335,R08335,0,test
8336,R08336,0,train
8337,R08337,1,train
8338,R08338,0,train
8339,R08339,0,train
8340,R08340,0,train
8341,R08341,0,train
8342,R08342,0,train
8343,R08343,0,train
8344,R08344,1,train
8345,R08345,0,train
8346,R08346,0,train
8347,R08347,0,train
8348,R08348,0,train
8349,R08349,0,train
8350,R08350,0,train
8351,R08351,0,val
8352,R08352,0,test
8353,R08353,0,train
8354,R08354,0,train
8355,R08355,0,train
8356,R08356,0,train
8357,R08357,0,train
8358,R08358,0,train
8359,R08359,0,val
8360,R08360,0,train
8361,R08361,0,train
8362,R08362,1,val
8363,R08363,0,train
8364,R08364,0,train
8365,R08365,0,val
8366,R08366,0,train
8367,R08367,0,val
8368,R08368,0,val
8369,R08369,0,train
8370,R08370,0,test
8371,R08371,0,val
8372,R08372,0,train
8373,R08373,0,train
8374,R08374,0,train
8375,R08375,0,train
8376,R08376,0,train
8377,R08377,0,train
8378,R08378,0,train
8379,R08379,0,train
8380,R08380,0,train
8381,R08381,0,val
8382,R08382,1,train
8383,R08383,0,train
8384,R08384,0,test
8385,R08385,0,test
8386,R08386,0,train
8387,R08387,0,test
8388,R08388,0,train
8389,R08389,0,test
8390,R08390,0,test
8391,R08391,0,val
8392,R08392,0,test
8393,R08393,0,train
8394,R08394,0,train
8395,R08395,0,val
8396,R08396,0,train
8397,R08397,0,train
8398,R08398,0,train
8399,R08399,0,train
8400,R08400,0,train
8401,R08401,0,train
8402,R08402,0,train
8403,R08403,0,test
8404,R08404,0,train
8405,R08405,0,train
8406,R08406,0,train
8407,R08407,0,train
8408,R08408,0,train
8409,R08409,0,test
8410,R08410,0,val
8411,R08411,0,val
8412,R08412,0,val
8413,R08413,0,train
8414,R08414,0,train
8415,R08415,0,train
8416,R08416,0,train
8417,R08417,0,train
8418,R08418,0,train
8419,R08419,0,train
8420,R08420,0,val
8421,R08421,0,train
8422,R08422,0,val
8423,R08423,0,train
8424,R08424,0,train
8425,R08425,0,train
8426,R08426,0,train
8427,R08427,0,train
8428,R08428,0,train
8429,R08429,0,train
8430,R08430,0,train
8431,R08431,0,train
8432,R08432,0,val
8433,R08433,0,val
8434,R08434,0,train
8435,R08435,0,train
8436,R08436,1,train
8437,R08437,0,train
8438,R08438,0,train
8439,R08439,0,train
8440,R08440,0,train
8441,R08441,0,train
8442,R08442,0,train
8443,R08443,1,train
8444,R08444,1,train
8445,R08445,0,train
8446,R08446,0,train
8447,R08447,0,train
8448,R08448,0,test
8449,R08449,0,train
8450,R08450,0,train
8451,R08451,0,train
8452,R08452,0,test
8453,R08453,1,val
8454,R08454,1,train
8455,R08455,0,test
8456,R08456,1,train
8457,R08457,0,train
8458,R08458,0,test
8459,R08459,0,train
8460,R08460,0,train
8461,R08461,0,train
8462,R08462,0,val
8463,R08463,0,train
8464,R08464,0,train
8465,R08465,0,train
8466,R08466,0,test
8467,R08467,0,train
8468,R08468,0,train
8469,R08469,0,train
8470,R08470,0,train
8471,R08471,0,val
8472,R08472,0,train
8473,R08473,0,train
8474,R08474,0,train
8475,R08475,0,train
8476,R08476,0,test
8477,R08477,0,train
8478,R08478,0,val
8479,R08479,0,train
8480,R08480,0,train
8481,R08481,0,train
8482,R08482,0,train
8483,R08483,0,train
8484,R08484,0,train
8485,R08485,0,train
8486,R08486,0,train
8487,R08487,0,train
8488,R08488,0,test
8489,R08489,0,train
8490,R08490,0,train
8491,R08491,0,val
8492,R08492,0,train
8493,R08493,0,train
8494,R08494,1,train
8495,R08495,0,train
8496,R08496,0,train
8497,R08497,0,test
8498,R08498,0,train
8499,R08499,0,val
8500,R08500,0,train
8501,R08501,0,train
8502,R08502,0,train
8503,R08503,0,val
8504,R08504,0,train
8505,R08505,0,val
8506,R08506,0,test
8507,R08507,0,test
8508,R08508,0,val
8509,R08509,0,train
8510,R08510,0,train
8511,R08511,0,val
8512,R08512,0,train
8513,R08513,0,test
8514,R08514,0,train
8515,R08515,0,train
8516,R08516,0,train
8517,R08517,0,val
8518,R08518,0,train
8519,R08519,0,train
8520,R08520,0,train
8521,R08521,0,train
8522,R08522,0,train
8523,R08523,0,train
8524,R08524,0,train
8525,R08525,0,train
8526,R08526,0,test
8527,R08527,0,train
8528,R08528,0,train
8529,R08529,0,val
8530,R08530,0,train
8531,R08531,1,train
8532,R08532,0,train
8533,R08533,0,train
8534,R08534,0,train
8535,R08535,0,train
8536,R08536,0,train
8537,R08537,0,train
8538,R08538,0,train
8539,R08539,1,test
8540,R08540,0,train
8541,R08541,0,train
8542,R08542,0,test
8543,R08543,0,val
8544,R08544,0,train
8545,R08545,0,val
8546,R08546,0,test
8547,R08547,0,train
8548,R08548,0,val
8549,R08549,0,val
8550,R08550,0,train
8551,R08551,0,train
8552,R08552,0,train
8553,R08553,0,train
8554,R08554,1,train
8555,R08555,0,train
8556,R08556,0,train
8557,R08557,0,train
8558,R08558,0,train
8559,R08559,1,train
8560,R08560,1,val
8561,R08561,0,train
8562,R08562,0,train
8563,R08563,0,test
8564,R08564,0,train
8565,R08565,0,train
8566,R08566,0,val
8567,R08567,0,test
8568,R08568,0,train
8569,R08569,0,train
8570,R08570,0,train
8571,R08571,1,train
8572,R08572,0,val
8573,R08573,0,train
8574,R08574,0,val
8575,R08575,0,train
8576,R08576,0,train
8577,R08577,0,test
8578,R08578,0,train
8579,R08579,0,train
8580,R08580,0,train
8581,R08581,0,train
8582,R08582,0,train
8583,R08583,0,test
8584,R08584,0,train
8585,R08585,0,test
8586,R08586,0,train
8587,R08587,0,train
8588,R08588,0,train
8589,R08589,1,val
8590,R08590,0,val
8591,R08591,0,test
8592,R08592,1,train
8593,R08593,0,test
8594,R08594,0,val
8595,R08595,0,train
8596,R08596,0,test
8597,R08597,0,test
8598,R08598,0,train
8599,R08599,0,train
8600,R08600,0,train
8601,R08601,0,train
8602,R08602,0,train
8603,R08603,0,train
8604,R08604,1,train
8605,R08605,0,train
8606,R08606,0,train
8607,R08607,0,train
8608,R08608,0,train
8609,R08609,0,train
8610,R08610,0,test
8611,R08611,0,train
8612,R08612,0,train
8613,R08613,0,val
8614,R08614,0,val
8615,R08615,0,train
8616,R08616,0,train
8617,R08617,0,train
8618,R08618,0,test
8619,R08619,1,test
8620,R08620,0,train
8621,R08621,0,train
8622,R08622,0,train
8623,R08623,0,test
8624,R08624,0,train
8625,R08625,0,train
8626,R08626,0,train
8627,R08627,0,train
8628,R08628,0,val
8629,R08629,0,train
8630,R08630,0,val
8631,R08631,0,train
8632,R08632,0,test
8633,R08633,0,train
8634,R08634,0,val
8635,R08635,0,val
8636,R08636,0,train
8637,R08637,0,train
8638,R08638,0,test
8639,R08639,0,train
8640,R08640,0,train
8641,R08641,0,train
8642,R08642,0,train
8643,R08643,0,train
8644,R08644,0,val
8645,R08645,1,train
8646,R08646,0,val
8647,R08647,0,train
8648,R08648,0,test
8649,R08649,0,train
8650,R08650,0,train
8651,R08651,1,train
8652,R08652,0,train
8653,R08653,0,test
8654,R08654,0,train
8655,R08655,0,train
8656,R08656,0,train
8657,R08657,0,test
8658,R08658,0,train
8659,R08659,0,train
8660,R08660,0,train
8661,R08661,0,train
8662,R08662,0,train
8663,R08663,0,train
8664,R08664,0,train
8665,R08665,0,val
8666,R08666,0,train
8667,R08667,0,test
8668,R08668,0,train
8669,R08669,0,train
8670,R08670,0,train
8671,R08671,1,val
8672,R08672,0,val
8673,R08673,0,val
8674,R08674,0,train
8675,R08675,0,test
8676,R08676,0,train
8677,R08677,0,train
8678,R08678,0,train
8679,R08679,0,train
8680,R08680,0,train
8681,R08681,0,train
8682,R08682,0,train
8683,R08683,0,val
8684,R08684,0,train
8685,R08685,1,train
8686,R08686,0,train
8687,R08687,0,train
8688,R08688,0,val
8689,R08689,0,test
8690,R08690,0,train
8691,R08691,0,train
8692,R08692,0,train
8693,R08693,1,train
8694,R08694,0,val
8695,R08695,0,train
8696,R08696,0,train
8697,R08697,0,train
8698,R08698,0,train
8699,R08699,0,train
8700,R08700,0,train
8701,R08701,0,train
8702,R08702,0,test
8703,R08703,0,train
8704,R08704,0,val
8705,R08705,0,train
8706,R08706,0,train
8707,R08707,1,train
8708,R08708,0,train
8709,R08709,0,train
8710,R08710,0,val
8711,R08711,0,test
8712,R08712,0,test
8713,R08713,0,val
8714,R08714,0,val
8715,R08715,0,test
8716,R08716,0,train
8717,R08717,0,train
8718,R08718,0,train
8719,R08719,0,train
8720,R08720,0,test
8721,R08721,0,val
8722,R08722,0,train
8723,R08723,0,test
8724,R08724,0,train
8725,R08725,0,train
8726,R08726,0,test
8727,R08727,0,train
8728,R08728,0,train
8729,R08729,0,train
8730,R08730,0,train
8731,R08731,0,train
8732,R08732,0,train
8733,R08733,0,train
8734,R08734,0,test
8735,R08735,0,val
8736,R08736,0,train
8737,R08737,0,train
8738,R08738,0,train
8739,R08739,0,train
8740,R08740,0,train
8741,R08741,0,train
8742,R08742,0,val
8743,R08743,0,val
8744,R08744,0,train
8745,R08745,1,val
8746,R08746,0,test
8747,R08747,0,test
8748,R08748,0,test
8749,R08749,0,val
8750,R08750,0,train
8751,R08751,1,val
8752,R08752,0,train
8753,R08753,0,test
8754,R08754,0,test
8755,R08755,0,train
8756,R08756,1,train
8757,R08757,0,train
8758,R08758,0,test
8759,R08759,0,train
8760,R08760,0,train
8761,R08761,0,test
8762,R08762,0,train
8763,R08763,0,val
8764,R08764,0,train
8765,R08765,0,test
8766,R08766,0,train
8767,R08767,0,train
8768,R08768,0,test
8769,R08769,0,train
8770,R08770,0,train
8771,R08771,0,train
8772,R08772,0,test
8773,R08773,0,val
8774,R08774,0,train
8775,R08775,0,train
8776,R08776,0,test
8777,R08777,0,train
8778,R08778,0,train
8779,R08779,0,train
8780,R08780,0,train
8781,R08781,0,train
8782,R08782,0,train
8783,R08783,0,test
8784,R08784,0,train
8785,R08785,0,val
8786,R08786,0,train
8787,R08787,0,test
8788,R08788,0,train
8789,R08789,0,train
8790,R08790,0,train
8791,R08791,0,train
8792,R08792,0,train
8793,R08793,0,train
8794,R08794,0,train
8795,R08795,0,train
8796,R08796,0,train
8797,R08797,0,train
8798,R08798,0,val
8799,R08799,0,train
8800,R08800,0,train
8801,R08801,0,train
8802,R08802,0,train
8803,R08803,1,train
8804,R08804,0,train
8805,R08805,0,train
8806,R08806,0,train
8807,R08807,0,train
8808,R08808,0,test
8809,R08809,0,train
8810,R08810,0,test
8811,R08811,0,test
8812,R08812,0,train
8813,R08813,1,train
8814,R08814,0,train
8815,R08815,0,train
8816,R08816,0,train
8817,R08817,0,test
8818,R08818,0,train
8819,R08819,0,val
8820,R08820,0,train
8821,R08821,0,train
8822,R08822,1,train
8823,R08823,0,train
8824,R08824,0,train
8825,R08825,0,test
8826,R08826,0,train
8827,R08827,0,train
8828,R08828,0,test
8829,R08829,0,train
8830,R08830,0,test
8831,R08831,0,train
8832,R08832,0,train
8833,R08833,0,train
8834,R08834,0,train
8835,R08835,0,val
8836,R08836,0,train
8837,R08837,0,train
8838,R08838,0,train
8839,R08839,0,val
8840,R08840,0,train
8841,R08841,0,train
8842,R08842,1,train
8843,R08843,0,train
8844,R08844,0,train
8845,R08845,0,train
8846,R08846,0,train
8847,R08847,0,val
8848,R08848,0,train
8849,R08849,0,train
8850,R08850,0,train
8851,R08851,0,val
8852,R08852,0,train
8853,R08853,0,train
8854,R08854,0,train
8855,R08855,0,train
8856,R08856,0,train
8857,R08857,0,val
8858,R08858,0,train
8859,R08859,0,train
8860,R08860,0,test
8861,R08861,0,train
8862,R08862,0,train
8863,R08863,0,test
8864,R08864,0,train
8865,R08865,0,val
8866,R08866,0,train
8867,R08867,0,train
8868,R08868,0,train
8869,R08869,1,val
8870,R08870,0,train
8871,R08871,0,train
8872,R08872,0,train
8873,R08873,0,val
8874,R08874,0,test
8875,R08875,0,train
8876,R08876,0,train
8877,R08877,0,train
8878,R08878,0,train
8879,R08879,0,train
8880,R08880,0,train
8881,R08881,0,val
8882,R08882,0,train
8883,R08883,0,test
8884,R08884,0,train
8885,R08885,0,test
8886,R08886,0,test
8887,R08887,0,train
8888,R08888,0,train
8889,R08889,0,train
8890,R08890,1,train
8891,R08891,0,test
8892,R08892,0,train
8893,R08893,0,train
8894,R08894,0,train
8895,R08895,1,train
8896,R08896,0,train
8897,R08897,0,train
8898,R08898,1,train
8899,R08899,0,val
8900,R08900,1,train
8901,R08901,0,train
8902,R08902,1,train
8903,R08903,0,train
8904,R08904,0,val
8905,R08905,0,train
8906,R08906,0,test
8907,R08907,0,train
8908,R08908,0,val
8909,R08909,1,train
8910,R08910,0,train
8911,R08911,0,val
8912,R08912,0,val
8913,R08913,0,train
8914,R08914,1,val
8915,R08915,0,train
8916,R08916,0,train
8917,R08917,0,val
8918,R08918,0,train
8919,R08919,0,train
8920,R08920,0,val
8921,R08921,0,val
8922,R08922,1,train
8923,R08923,0,train
8924,R08924,0,val
8925,R08925,0,train
8926,R08926,0,train
8927,R08927,0,train
8928,R08928,0,val
8929,R08929,0,train
8930,R08930,1,train
8931,R08931,0,val
8932,R08932,0,test
8933,R08933,0,test
8934,R08934,0,val
8935,R08935,0,test
8936,R08936,0,train
8937,R08937,0,train
8938,R08938,0,val
8939,R08939,0,train
8940,R08940,0,train
8941,R08941,0,val
8942,R08942,0,train
8943,R08943,0,train
8944,R08944,0,val
8945,R08945,0,train
8946,R08946,0,test
8947,R08947,1,test
8948,R08948,0,train
8949,R08949,0,test
8950,R08950,0,train
8951,R08951,0,test
8952,R08952,0,train
8953,R08953,0,train
8954,R08954,0,train
8955,R08955,0,train
8956,R08956,1,train
8957,R08957,0,train
8958,R08958,0,train
8959,R08959,0,train
8960,R08960,0,val
8961,R08961,0,train
8962,R08962,0,train
8963,R08963,0,test
8964,R08964,0,test
8965,R08965,0,test
8966,R08966,0,train
8967,R08967,0,train
8968,R08968,0,test
8969,R08969,0,train
8970,R08970,0,train
8971,R08971,0,train
8972,R08972,0,train
8973,R08973,0,train
8974,R08974,0,train
8975,R08975,0,train
8976,R08976,0,train
8977,R08977,0,train
8978,R08978,0,train
8979,R08979,0,train
8980,R08980,0,test
8981,R08981,0,train
8982,R08982,0,train
8983,R08983,0,train
8984,R08984,0,test
8985,R08985,0,val
8986,R08986,0,test
8987,R08987,0,train
8988,R08988,0,train
8989,R08989,0,test
8990,R08990,0,train
8991,R08991,0,train
8992,R08992,0,test
8993,R08993,0,train
8994,R08994,0,test
8995,R08995,0,test
8996,R08996,0,train
8997,R08997,0,train
8998,R08998,0,train
8999,R08999,0,val
9000,R09000,0,train
9001,R09001,0,test
9002,R09002,0,train
9003,R09003,0,train
9004,R09004,0,train
9005,R09005,0,train
9006,R09006,0,test
9007,R09007,0,val
9008,R09008,0,val
9009,R09009,0,train
9010,R09010,0,train
9011,R09011,0,train
9012,R09012,0,train
9013,R09013,0,train
9014,R09014,0,train
9015,R09015,0,train
9016,R09016,0,train
9017,R09017,0,train
9018,R09018,0,train
9019,R09019,0,train
9020,R09020,0,test
9021,R09021,0,val
9022,R09022,0,val
9023,R09023,0,train
9024,R09024,0,train
9025,R09025,0,train
9026,R09026,0,test
9027,R09027,0,train
9028,R09028,0,test
9029,R09029,0,train
9030,R09030,0,train
9031,R09031,0,val
9032,R09032,0,train
9033,R09033,0,val
9034,R09034,0,train
9035,R09035,0,val
9036,R09036,0,train
9037,R09037,0,train
9038,R09038,0,train
9039,R09039,0,val
9040,R09040,0,test
9041,R09041,0,train
9042,R09042,1,test
9043,R09043,0,train
9044,R09044,0,train
9045,R09045,0,train
9046,R09046,0,train
9047,R09047,0,test
9048,R09048,0,train
9049,R09049,0,test
9050,R09050,1,train
9051,R09051,0,train
9052,R09052,0,val
9053,R09053,0,train
9054,R09054,0,train
9055,R09055,0,train
9056,R09056,0,test
9057,R09057,0,train
9058,R09058,0,val
9059,R09059,0,train
9060,R09060,0,train
9061,R09061,0,test
9062,R09062,0,train
9063,R09063,0,train
9064,R09064,0,test
9065,R09065,0,train
9066,R09066,0,test
9067,R09067,0,train
9068,R09068,0,val
9069,R09069,0,val
9070,R09070,0,train
9071,R09071,0,train
9072,R09072,0,train
9073,R09073,0,train
9074,R09074,0,train
9075,R09075,1,train
9076,R09076,0,train
9077,R09077,0,train
9078,R09078,0,test
9079,R09079,0,train
9080,R09080,0,val
9081,R09081,1,train
9082,R09082,0,train
9083,R09083,0,train
9084,R09084,0,train
9085,R09085,0,train
9086,R09086,0,train
9087,R09087,1,test
9088,R09088,0,train
9089,R09089,0,val
9090,R09090,0,train
9091,R09091,0,train
9092,R09092,0,train
9093,R09093,0,train
9094,R09094,0,test
9095,R09095,0,train
9096,R09096,0,train
9097,R09097,0,train
9098,R09098,0,train
9099,R09099,0,train
9100,R09100,0,train
9101,R09101,0,train
9102,R09102,0,train
9103,R09103,0,train
9104,R09104,0,train
9105,R09105,0,train
9106,R09106,1,test
9107,R09107,0,train
9108,R09108,0,train
9109,R09109,0,train
9110,R09110,0,train
9111,R09111,0,test
9112,R09112,0,test
9113,R09113,0,train
9114,R09114,0,train
9115,R09115,0,train
9116,R09116,0,train
9117,R09117,0,train
9118,R09118,0,train
9119,R09119,0,train
9120,R09120,1,train
9121,R09121,0,train
9122,R09122,0,train
9123,R09123,0,train
9124,R09124,0,val
9125,R09125,0,train
9126,R09126,0,train
9127,R09127,0,train
9128,R09128,0,train
9129,R09129,0,test
9130,R09130,0,val
9131,R09131,0,train
9132,R09132,0,val
9133,R09133,0,train
9134,R09134,0,train
9135,R09135,0,test
9136,R09136,0,train
9137,R09137,0,train
9138,R09138,0,val
9139,R09139,0,train
9140,R09140,0,train
9141,R09141,0,train
9142,R09142,0,train
9143,R09143,0,train
9144,R09144,0,train
9145,R09145,0,val
9146,R09146,1,train
9147,R09147,0,train
9148,R09148,0,val
9149,R09149,0,train
9150,R09150,0,train
9151,R09151,0,train
9152,R09152,0,train
9153,R09153,0,train
9154,R09154,0,test
9155,R09155,0,val
9156,R09156,0,val
9157,R09157,0,val
9158,R09158,0,test
9159,R09159,0,train
9160,R09160,0,train
9161,R09161,0,train
9162,R09162,0,train
9163,R09163,0,val
9164,R09164,0,train
9165,R09165,0,test
9166,R09166,0,train
9167,R09167,0,train
9168,R09168,0,train
9169,R09169,0,train
9170,R09170,0,train
9171,R09171,0,val
9172,R09172,0,train
9173,R09173,0,train
9174,R09174,0,val
9175,R09175,0,train
9176,R09176,0,train
9177,R09177,0,train
9178,R09178,0,train
9179,R09179,0,train
9180,R09180,0,train
9181,R09181,0,train
9182,R09182,0,train
9183,R09183,0,train
9184,R09184,0,train
9185,R09185,0,train
9186,R09186,0,test
9187,R09187,0,val
9188,R09188,1,train
9189,R09189,0,train
9190,R09190,0,train
9191,R09191,0,train
9192,R09192,0,train
9193,R09193,0,train
9194,R09194,0,train
9195,R09195,0,val
9196,R09196,0,val
9197,R09197,0,train
9198,R09198,0,val
9199,R09199,0,val
9200,R09200,1,val
9201,R09201,0,train
9202,R09202,0,train
9203,R09203,0,train
9204,R09204,0,train
9205,R09205,0,train
9206,R09206,0,train
9207,R09207,0,test
9208,R09208,0,train
9209,R09209,0,val
9210,R09210,0,train
9211,R09211,0,train
9212,R09212,0,train
9213,R09213,0,val
9214,R09214,0,train
9215,R09215,0,train
9216,R09216,0,test
9217,R09217,0,val
9218,R09218,0,val
9219,R09219,0,val
9220,R09220,0,train
9221,R09221,0,test
9222,R09222,0,train
9223,R09223,0,val
9224,R09224,0,train
9225,R09225,0,train
9226,R09226,0,train
9227,R09227,0,train
9228,R09228,0,train
9229,R09229,0,train
9230,R09230,0,train
9231,R09231,0,test
9232,R09232,0,train
9233,R09233,0,train
9234,R09234,0,val
9235,R09235,0,train
9236,R09236,1,val
9237,R09237,0,val
9238,R09238,0,train
9239,R09239,0,train
9240,R09240,0,train
9241,R09241,0,train
9242,R09242,0,train
9243,R09243,0,train
9244,R09244,0,test
9245,R09245,1,train
9246,R09246,0,train
9247,R09247,0,train
9248,R09248,0,train
9249,R09249,0,train
9250,R09250,0,train
9251,R09251,0,train
9252,R09252,0,train
9253,R09253,0,train
9254,R09254,0,train
9255,R09255,0,val
9256,R09256,0,train
9257,R09257,0,train
9258,R09258,0,train
9259,R09259,0,test
9260,R09260,0,train
9261,R09261,0,train
9262,R09262,0,train
9263,R09263,0,test
9264,R09264,0,train
9265,R09265,0,test
9266,R09266,0,train
9267,R09267,0,test
9268,R09268,0,test
9269,R09269,1,test
9270,R09270,0,train
9271,R09271,0,train
9272,R09272,0,test
9273,R09273,0,val
9274,R09274,0,train
9275,R09275,0,test
9276,R09276,0,train
9277,R09277,0,test
9278,R09278,0,train
9279,R09279,0,val
9280,R09280,0,train
9281,R09281,0,val
9282,R09282,0,train
9283,R09283,0,train
9284,R09284,0,train
9285,R09285,1,val
9286,R09286,0,val
9287,R09287,0,val
9288,R09288,1,val
9289,R09289,1,train
9290,R09290,0,val
9291,R09291,0,train
9292,R09292,0,train
9293,R09293,0,train
9294,R09294,0,train
9295,R09295,0,train
9296,R09296,0,train
9297,R09297,1,train
9298,R09298,0,test
9299,R09299,1,test
9300,R09300,0,val
9301,R09301,0,test
9302,R09302,0,train
9303,R09303,0,val
9304,R09304,0,test
9305,R09305,0,train
9306,R09306,0,train
9307,R09307,0,val
9308,R09308,1,train
9309,R09309,0,val
9310,R09310,0,train
9311,R09311,0,train
9312,R09312,0,train
9313,R09313,0,train
9314,R09314,0,train
9315,R09315,0,train
9316,R09316,1,train
9317,R09317,0,train
9318,R09318,0,val
9319,R09319,0,val
9320,R09320,0,train
9321,R09321,1,train
9322,R09322,0,test
9323,R09323,0,train
9324,R09324,0,train
9325,R09325,0,train
9326,R09326,0,train
9327,R09327,0,train
9328,R09328,0,train
9329,R09329,0,train
9330,R09330,0,train
9331,R09331,0,val
9332,R09332,0,train
9333,R09333,0,train
9334,R09334,0,test
9335,R09335,0,test
9336,R09336,0,val
9337,R09337,0,train
9338,R09338,0,test
9339,R09339,0,train
9340,R09340,0,train
9341,R09341,0,test
9342,R09342,0,train
9343,R09343,0,train
9344,R09344,0,train
9345,R09345,0,train
9346,R09346,0,train
9347,R09347,0,train
9348,R09348,0,train
9349,R09349,0,train
9350,R09350,0,test
9351,R09351,0,test
9352,R09352,0,train
9353,R09353,0,val
9354,R09354,0,train
9355,R09355,0,train
9356,R09356,0,train
9357,R09357,0,train
9358,R09358,0,val
9359,R09359,0,train
9360,R09360,0,train
9361,R09361,0,train
9362,R09362,0,train
9363,R09363,0,train
9364,R09364,0,train
9365,R09365,0,train
9366,R09366,1,train
9367,R09367,0,train
9368,R09368,0,val
9369,R09369,0,test
9370,R09370,0,train
9371,R09371,0,train
9372,R09372,0,test
9373,R09373,0,train
9374,R09374,0,train
9375,R09375,0,test
9376,R09376,0,test
9377,R09377,0,train
9378,R09378,0,train
9379,R09379,0,test
9380,R09380,0,train
9381,R09381,0,train
9382,R09382,0,train
9383,R09383,0,train
9384,R09384,0,test
9385,R09385,0,train
9386,R09386,0,val
9387,R09387,0,test
9388,R09388,0,train
9389,R09389,0,train
9390,R09390,1,train
9391,R09391,0,train
9392,R09392,0,train
9393,R09393,0,train
9394,R09394,0,test
9395,R09395,0,train
9396,R09396,0,test
9397,R09397,0,train
9398,R09398,1,train
9399,R09399,0,train
9400,R09400,1,train
9401,R09401,0,train
9402,R09402,0,test
9403,R09403,0,train
9404,R09404,0,train
9405,R09405,0,val
9406,R09406,0,train
9407,R09407,0,train
9408,R09408,0,train
9409,R09409,0,train
9410,R09410,0,train
9411,R09411,0,test
9412,R09412,0,train
9413,R09413,0,train
9414,R09414,0,train
9415,R09415,0,train
9416,R09416,0,train
9417,R09417,0,train
9418,R09418,0,train
9419,R09419,0,train
9420,R09420,0,train
9421,R09421,0,train
9422,R09422,0,val
9423,R09423,0,train
9424,R09424,0,train
9425,R09425,1,test
9426,R09426,0,train
9427,R09427,0,test
9428,R09428,0,train
9429,R09429,0,train
9430,R09430,0,train
9431,R09431,1,train
9432,R09432,0,train
9433,R09433,0,train
9434,R09434,0,val
9435,R09435,0,train
9436,R09436,0,train
9437,R09437,1,train
9438,R09438,0,train
9439,R09439,0,train
9440,R09440,0,train
9441,R09441,0,val
9442,R09442,0,val
9443,R09443,0,train
9444,R09444,0,train
9445,R09445,0,val
9446,R09446,0,train
9447,R09447,0,val
9448,R09448,1,train
9449,R09449,0,val
9450,R09450,0,test
9451,R09451,0,train
9452,R09452,0,train
9453,R09453,0,train
9454,R09454,0,train
9455,R09455,0,train
9456,R09456,0,test
9457,R09457,0,train
9458,R09458,0,test
9459,R09459,0,train
9460,R09460,0,val
9461,R09461,0,val
9462,R09462,0,train
9463,R09463,0,train
9464,R09464,0,train
9465,R09465,0,train
9466,R09466,0,train
9467,R09467,0,train
9468,R09468,0,train
9469,R09469,0,train
9470,R09470,0,test
9471,R09471,1,train
9472,R09472,0,train
9473,R09473,0,train
9474,R09474,0,train
9475,R09475,0,test
9476,R09476,0,test
9477,R09477,0,train
9478,R09478,0,train
9479,R09479,1,train
9480,R09480,0,train
9481,R09481,0,train
9482,R09482,0,train
9483,R09483,0,train
9484,R09484,0,train
9485,R09485,1,test
9486,R09486,0,train
9487,R09487,0,train
9488,R09488,0,train
9489,R09489,0,train
9490,R09490,0,train
9491,R09491,0,train
9492,R09492,0,val
9493,R09493,0,train
9494,R09494,0,train
9495,R09495,0,train
9496,R09496,0,train
9497,R09497,1,val
9498,R09498,0,test
9499,R09499,0,val
9500,R09500,0,test
9501,R09501,0,train
9502,R09502,0,val
9503,R09503,0,train
9504,R09504,0,train
9505,R09505,0,train
9506,R09506,0,test
9507,R09507,0,train
9508,R09508,0,train
9509,R09509,0,train
9510,R09510,0,train
9511,R09511,0,train
9512,R09512,0,train
9513,R09513,0,train
9514,R09514,0,train
9515,R09515,0,val
9516,R09516,0,train
9517,R09517,0,train
9518,R09518,0,train
9519,R09519,0,train
9520,R09520,0,val
9521,R09521,0,train
9522,R09522,0,val
9523,R09523,0,train
9524,R09524,0,train
9525,R09525,0,train
9526,R09526,0,train
9527,R09527,0,train
9528,R09528,0,train
9529,R09529,0,train
9530,R09530,0,train
9531,R09531,0,train
9532,R09532,0,val
9533,R09533,0,train
9534,R09534,0,train
9535,R09535,0,train
9536,R09536,0,val
9537,R09537,0,train
9538,R09538,0,train
9539,R09539,0,val
9540,R09540,0,val
9541,R09541,0,train
9542,R09542,0,train
9543,R09543,0,train
9544,R09544,0,train
9545,R09545,0,val
9546,R09546,0,train
9547,R09547,0,train
9548,R09548,1,train
9549,R09549,0,train
9550,R09550,0,train
9551,R09551,0,train
9552,R09552,0,val
9553,R09553,0,train
9554,R09554,0,train
9555,R09555,0,train
9556,R09556,0,train
9557,R09557,0,test
9558,R09558,0,val
9559,R09559,0,train
9560,R09560,0,test
9561,R09561,0,train
9562,R09562,0,train
9563,R09563,0,train
9564,R09564,0,train
9565,R09565,0,train
9566,R09566,0,train
9567,R09567,0,train
9568,R09568,0,val
9569,R09569,0,train
9570,R09570,0,train
9571,R09571,0,train
9572,R09572,0,test
9573,R09573,0,test
9574,R09574,0,test
9575,R09575,0,train
9576,R09576,0,train
9577,R09577,0,train
9578,R09578,1,train
9579,R09579,0,train
9580,R09580,0,train
9581,R09581,1,train
9582,R09582,0,train
9583,R09583,0,val
9584,R09584,0,train
9585,R09585,0,train
9586,R09586,0,train
9587,R09587,0,train
9588,R09588,0,train
9589,R09589,0,train
9590,R09590,0,train
9591,R09591,0,train
9592,R09592,0,train
9593,R09593,0,train
9594,R09594,0,train
9595,R09595,0,train
9596,R09596,0,train
9597,R09597,1,val
9598,R09598,0,val
9599,R09599,0,val
9600,R09600,0,train
9601,R09601,0,train
9602,R09602,0,train
9603,R09603,0,test
9604,R09604,0,test
9605,R09605,0,val
9606,R09606,0,train
9607,R09607,0,test
9608,R09608,0,train
9609,R09609,0,train
9610,R09610,0,test
9611,R09611,0,train
9612,R09612,0,train
9613,R09613,0,train
9614,R09614,0,train
9615,R09615,0,train
9616,R09616,0,test
9617,R09617,0,train
9618,R09618,0,train
9619,R09619,0,train
9620,R09620,0,val
9621,R09621,0,train
9622,R09622,0,train
9623,R09623,1,test
9624,R09624,0,test
9625,R09625,0,train
9626,R09626,0,train
9627,R09627,0,train
9628,R09628,0,train
9629,R09629,0,train
9630,R09630,0,train
9631,R09631,0,train
9632,R09632,0,train
9633,R09633,0,train
9634,R09634,0,train
9635,R09635,0,train
9636,R09636,0,train
9637,R09637,0,train
9638,R09638,0,train
9639,R09639,0,val
9640,R09640,0,train
9641,R09641,0,train
9642,R09642,0,test
9643,R09643,0,train
9644,R09644,0,train
9645,R09645,0,train
9646,R09646,0,train
9647,R09647,0,train
9648,R09648,0,train
9649,R09649,0,train
9650,R09650,0,train
9651,R09651,0,train
9652,R09652,0,train
9653,R09653,0,test
9654,R09654,0,train
9655,R09655,0,train
9656,R09656,0,train
9657,R09657,0,train
9658,R09658,0,train
9659,R09659,0,train
9660,R09660,0,val
9661,R09661,0,train
9662,R09662,0,train
9663,R09663,0,test
9664,R09664,0,train
9665,R09665,0,train
9666,R09666,0,train
9667,R09667,0,train
9668,R09668,0,train
9669,R09669,0,train
9670,R09670,0,train
9671,R09671,0,train
9672,R09672,0,train
9673,R09673,0,train
9674,R09674,0,train
9675,R09675,0,val
9676,R09676,0,train
9677,R09677,0,train
9678,R09678,0,train
9679,R09679,0,train
9680,R09680,0,train
9681,R09681,0,train
9682,R09682,0,train
9683,R09683,0,test
9684,R09684,0,train
9685,R09685,0,train
9686,R09686,0,train
9687,R09687,0,test
9688,R09688,0,train
9689,R09689,0,test
9690,R09690,0,train
9691,R09691,0,train
9692,R09692,0,train
9693,R09693,0,val
9694,R09694,0,test
9695,R09695,0,val
9696,R09696,0,val
9697,R09697,0,test
9698,R09698,0,train
9699,R09699,0,val
9700,R09700,0,test
9701,R09701,0,train
9702,R09702,0,test
9703,R09703,1,train
9704,R09704,0,train
9705,R09705,0,train
9706,R09706,0,train
9707,R09707,0,val
9708,R09708,0,train
9709,R09709,0,train
9710,R09710,0,train
9711,R09711,0,train
9712,R09712,0,train
9713,R09713,1,train
9714,R09714,0,train
9715,R09715,0,train
9716,R09716,0,train
9717,R09717,0,train
9718,R09718,1,train
9719,R09719,0,val
9720,R09720,0,train
9721,R09721,0,train
9722,R09722,0,val
9723,R09723,0,train
9724,R09724,0,train
9725,R09725,0,val
9726,R09726,0,train
9727,R09727,0,train
9728,R09728,0,train
9729,R09729,0,train
9730,R09730,0,train
9731,R09731,0,val
9732,R09732,0,train
9733,R09733,0,train
9734,R09734,0,train
9735,R09735,0,train
9736,R09736,0,train
9737,R09737,0,train
9738,R09738,0,val
9739,R09739,0,train
9740,R09740,0,train
9741,R09741,0,train
9742,R09742,0,train
9743,R09743,0,train
9744,R09744,0,train
9745,R09745,0,train
9746,R09746,0,train
9747,R09747,0,train
9748,R09748,0,train
9749,R09749,0,train
9750,R09750,0,test
9751,R09751,0,val
9752,R09752,0,train
9753,R09753,0,test
9754,R09754,0,train
9755,R09755,0,train
9756,R09756,1,train
9757,R09757,0,train
9758,R09758,0,train
9759,R09759,0,val
9760,R09760,0,train
9761,R09761,0,train
9762,R09762,0,val
9763,R09763,0,train
9764,R09764,1,test
9765,R09765,0,train
9766,R09766,0,train
9767,R09767,0,train
9768,R09768,0,train
9769,R09769,0,train
9770,R09770,0,train
9771,R09771,0,train
9772,R09772,0,train
9773,R09773,0,train
9774,R09774,0,train
9775,R09775,0,train
9776,R09776,0,train
9777,R09777,0,train
9778,R09778,0,test
9779,R09779,0,train
9780,R09780,0,train
9781,R09781,0,train
9782,R09782,0,train
9783,R09783,0,train
9784,R09784,0,train
9785,R09785,0,test
9786,R09786,0,val
9787,R09787,0,test
9788,R09788,0,train
9789,R09789,0,train
9790,R09790,0,val
9791,R09791,0,train
9792,R09792,0,train
9793,R09793,0,train
9794,R09794,0,train
9795,R09795,0,test
9796,R09796,0,train
9797,R09797,0,test
9798,R09798,0,train
9799,R09799,0,val
9800,R09800,0,train
9801,R09801,0,test
9802,R09802,0,train
9803,R09803,0,train
9804,R09804,0,train
9805,R09805,0,train
9806,R09806,0,train
9807,R09807,0,train
9808,R09808,0,train
9809,R09809,0,train
9810,R09810,1,train
9811,R09811,0,test
9812,R09812,0,val
9813,R09813,0,test
9814,R09814,0,train
9815,R09815,0,train
9816,R09816,0,train
9817,R09817,0,test
9818,R09818,1,train
9819,R09819,0,test
9820,R09820,0,train
9821,R09821,0,val
