record_id,y,split
R00000,0,test
R00001,0,train
R00002,0,val
R00003,0,val
R00004,0,train
R00005,0,train
R00006,0,test
R00007,0,test
R00008,0,train
R00009,0,train
R00010,0,val
R00011,0,train
R00012,0,train
R00013,0,train
R00014,0,val
R00015,0,val
R00016,0,val
R00017,0,val
R00018,0,train
R00019,0,train
R00020,0,train
R00021,0,test
R00022,0,train
R00023,0,train
R00024,0,val
R00025,0,train
R00026,0,val
R00027,0,train
R00028,0,train
R00029,0,test
R00030,0,train
R00031,0,train
R00032,0,train
R00033,0,train
R00034,0,train
R00035,0,train
R00036,0,train
R00037,0,train
R00038,0,train
R00039,0,train
R00040,0,train
R00041,1,train
R00042,0,train
R00043,0,train
R00044,0,train
R00045,1,train
R00046,0,train
R00047,0,train
R00048,0,train
R00049,0,train
R00050,0,train
R00051,0,val
R00052,0,train
R00053,0,test
R00054,0,train
R00055,0,train
R00056,0,train
R00057,1,train
R00058,0,train
R00059,0,train
R00060,0,train
R00061,0,train
R00062,0,train
R00063,0,test
R00064,0,train
R00065,0,val
R00066,0,train
R00067,0,train
R00068,0,train
R00069,0,train
R00070,0,train
R00071,0,train
R00072,0,train
R00073,0,val
R00074,0,train
R00075,0,test
R00076,0,train
R00077,0,train
R00078,0,val
R00079,0,test
R00080,0,train
R00081,0,train
R00082,0,train
R00083,0,test
R00084,0,train
R00085,0,train
R00086,0,val
R00087,0,val
R00088,0,val
R00089,0,train
R00090,0,train
R00091,0,test
R00092,0,val
R00093,0,train
R00094,0,val
R00095,0,train
R00096,0,test
R00097,1,test
R00098,1,val
R00099,0,train
R00100,0,train
R00101,0,train
R00102,0,train
R00103,0,train
R00104,0,train
R00105,0,train
R00106,0,train
R00107,0,val
R00108,0,train
R00109,0,train
R00110,0,train
R00111,0,train
R00112,0,train
R00113,0,train
R00114,0,val
R00115,0,val
R00116,0,test
R00117,0,test
R00118,0,train
R00119,0,train
R00120,0,train
R00121,0,val
R00122,0,train
R00123,0,train
R00124,0,train
R00125,0,val
R00126,0,train
R00127,1,val
R00128,0,test
R00129,0,train
R00130,0,train
R00131,0,train
R00132,0,train
R00133,0,train
R00134,0,train
R00135,0,val
R00136,0,train
R00137,0,test
R00138,0,val
R00139,0,train
R00140,0,test
R00141,0,train
R00142,0,test
R00143,0,train
R00144,0,train
R00145,0,val
R00146,0,train
R00147,0,train
R00148,0,train
R00149,1,val
R00150,1,train
R00151,0,train
R00152,0,train
R00153,0,train
R00154,0,train
R00155,0,train
R00156,0,train
R00157,0,train
R00158,0,train
R00159,0,test
R00160,0,test
R00161,0,test
R00162,0,train
R00163,0,train
R00164,0,train
R00165,0,val
R00166,0,train
R00167,0,train
R00168,0,train
R00169,0,train
R00170,0,train
R00171,0,train
R00172,0,train
R00173,0,test
R00174,1,train
R00175,0,test
R00176,0,train
R00177,0,train
R00178,0,train
R00179,1,train
R00180,0,val
R00181,0,train
R00182,0,test
R00183,0,train
R00184,0,train
R00185,0,val
R00186,0,train
R00187,0,train
R00188,0,train
R00189,0,val
R00190,0,train
R00191,0,train
R00192,0,train
R00193,0,train
R00194,1,test
R00195,0,test
R00196,0,train
R00197,0,train
R00198,0,train
R00199,0,test
R00200,0,val
R00201,0,train
R00202,0,train
R00203,1,test
R00204,0,test
R00205,0,test
R00206,0,val
R00207,0,train
R00208,0,train
R00209,0,train
R00210,0,train
R00211,0,train
R00212,0,train
R00213,0,val
R00214,0,test
R00215,0,train
R00216,0,train
R00217,0,train
R00218,0,train
R00219,0,val
R00220,0,train
R00221,0,train
R00222,0,val
R00223,0,train
R00224,0,test
R00225,0,train
R00226,1,val
R00227,0,train
R00228,0,train
R00229,0,train
R00230,0,train
R00231,0,train
R00232,0,train
R00233,0,train
R00234,1,test
R00235,1,train
R00236,0,train
R00237,0,test
R00238,0,train
R00239,0,val
R00240,0,train
R00241,0,train
R00242,0,test
R00243,0,test
R00244,0,train
R00245,0,train
R00246,1,train
R00247,0,train
R00248,1,train
R00249,0,train
R00250,0,val
R00251,0,train
R00252,0,train
R00253,1,test
R00254,0,train
R00255,0,train
R00256,0,train
R00257,0,train
R00258,0,train
R00259,0,test
R00260,0,test
R00261,0,train
R00262,0,train
R00263,0,test
R00264,0,train
R00265,0,train
R00266,0,train
R00267,0,train
R00268,0,val
R00269,0,train
R00270,0,train
R00271,0,train
R00272,0,train
R00273,0,train
R00274,0,train
R00275,0,train
R00276,0,test
R00277,0,train
R00278,0,train
R00279,0,train
R00280,0,val
R00281,1,train
R00282,0,val
R00283,0,train
R00284,0,train
R00285,0,train
R00286,0,train
R00287,0,train
R00288,0,test
R00289,0,train
R00290,0,train
R00291,0,train
R00292,0,train
R00293,0,train
R00294,0,test
R00295,0,train
R00296,0,train
R00297,1,train
R00298,0,train
R00299,0,train
R00300,0,train
R00301,0,train
R00302,0,train
R00303,0,train
R00304,0,val
R00305,0,val
R00306,0,train
R00307,0,train
R00308,0,train
R00309,0,train
R00310,0,train
R00311,0,train
R00312,0,train
R00313,1,train
R00314,0,train
R00315,0,train
R00316,0,val
R00317,0,test
R00318,1,test
R00319,0,train
R00320,0,test
R00321,0,train
R00322,0,train
R00323,0,val
R00324,0,train
R00325,0,train
R00326,0,train
R00327,0,train
R00328,0,test
R00329,0,val
R00330,0,train
R00331,0,train
R00332,0,train
R00333,0,train
R00334,0,train
R00335,1,train
R00336,1,train
R00337,0,train
R00338,0,val
R00339,0,train
R00340,0,val
R00341,0,train
R00342,0,train
R00343,0,train
R00344,0,val
R00345,0,train
R00346,0,train
R00347,0,train
R00348,0,train
R00349,0,train
R00350,0,val
R00351,0,train
R00352,0,train
R00353,0,val
R00354,0,test
R00355,0,train
R00356,1,test
R00357,0,train
R00358,0,train
R00359,0,val
R00360,0,train
R00361,0,test
R00362,0,test
R00363,0,train
R00364,0,test
R00365,0,test
R00366,0,train
R00367,0,train
R00368,0,train
R00369,0,val
R00370,0,val
R00371,0,train
R00372,0,train
R00373,0,train
R00374,0,train
R00375,0,train
R00376,0,train
R00377,0,test
R00378,0,train
R00379,0,train
R00380,0,train
R00381,0,val
R00382,0,val
R00383,0,val
R00384,0,train
R00385,0,train
R00386,0,val
R00387,0,train
R00388,0,train
R00389,0,train
R00390,0,train
R00391,0,test
R00392,0,train
R00393,0,val
R00394,0,test
R00395,0,test
R00396,0,train
R00397,0,train
R00398,0,train
R00399,0,train
R00400,1,train
R00401,0,train
R00402,0,test
R00403,1,test
R00404,0,val
R00405,0,val
R00406,0,train
R00407,0,train
R00408,0,train
R00409,0,train
R00410,0,train
R00411,0,train
R00412,0,train
R00413,0,train
R00414,0,val
R00415,0,train
R00416,0,train
R00417,0,val
R00418,0,test
R00419,0,train
R00420,0,val
R00421,0,train
R00422,0,train
R00423,0,train
R00424,0,val
R00425,0,train
R00426,1,train
R00427,0,train
R00428,0,train
R00429,0,train
R00430,0,train
R00431,0,val
R00432,0,train
R00433,0,val
R00434,0,train
R00435,0,train
R00436,0,train
R00437,0,train
R00438,0,train
R00439,1,val
R00440,0,train
R00441,0,train
R00442,0,train
R00443,0,train
R00444,1,train
R00445,0,train
R00446,0,train
R00447,0,train
R00448,0,val
R00449,0,test
R00450,0,train
R00451,0,test
R00452,0,test
R00453,0,val
R00454,0,train
R00455,0,train
R00456,0,test
R00457,0,train
R00458,0,train
R00459,0,train
R00460,0,train
R00461,0,val
R00462,0,val
R00463,0,test
R00464,0,train
R00465,0,train
R00466,0,train
R00467,0,train
R00468,0,train
R00469,0,train
R00470,0,train
R00471,0,train
R00472,0,test
R00473,0,train
R00474,0,train
R00475,0,train
R00476,0,val
R00477,0,train
R00478,0,train
R00479,0,train
R00480,1,test
R00481,0,train
R00482,0,train
R00483,0,train
R00484,0,train
R00485,0,val
R00486,0,train
R00487,0,train
R00488,0,val
R00489,0,val
R00490,0,train
R00491,0,train
R00492,0,train
R00493,0,train
R00494,0,train
R00495,0,val
R00496,0,train
R00497,0,train
R00498,0,train
R00499,0,train
R00500,0,train
R00501,0,train
R00502,0,train
R00503,0,train
R00504,1,train
R00505,0,train
R00506,0,train
R00507,0,val
R00508,0,train
R00509,0,train
R00510,1,train
R00511,0,train
R00512,0,test
R00513,0,test
R00514,0,val
R00515,0,train
R00516,0,train
R00517,0,train
R00518,0,train
R00519,0,train
R00520,0,test
R00521,0,val
R00522,0,test
R00523,0,test
R00524,0,train
R00525,0,test
R00526,0,train
R00527,0,train
R00528,0,train
R00529,0,train
R00530,0,train
R00531,0,test
R00532,0,test
R00533,0,train
R00534,0,test
R00535,0,train
R00536,0,val
R00537,0,train
R00538,0,train
R00539,0,train
R00540,0,val
R00541,0,train
R00542,0,train
R00543,0,train
R00544,0,train
R00545,0,train
R00546,0,train
R00547,0,train
R00548,0,train
R00549,0,train
R00550,0,train
R00551,0,train
R00552,1,train
R00553,0,val
R00554,0,val
R00555,0,val
R00556,0,train
R00557,0,train
R00558,0,train
R00559,0,train
R00560,1,val
R00561,0,val
R00562,0,train
R00563,0,train
R00564,0,test
R00565,0,val
R00566,0,val
R00567,0,train
R00568,0,train
R00569,0,train
R00570,0,train
R00571,0,test
R00572,0,test
R00573,0,train
R00574,0,train
R00575,0,train
R00576,0,train
R00577,0,train
R00578,0,train
R00579,0,val
R00580,0,train
R00581,0,train
R00582,0,test
R00583,0,train
R00584,0,train
R00585,0,val
R00586,0,train
R00587,0,train
R00588,0,train
R00589,0,train
R00590,0,test
R00591,0,train
R00592,0,test
R00593,0,train
R00594,0,train
R00595,0,test
R00596,0,train
R00597,0,val
R00598,0,train
R00599,0,train
R00600,0,train
R00601,0,train
R00602,0,train
R00603,0,train
R00604,0,train
R00605,0,val
R00606,0,train
R00607,0,train
R00608,0,test
R00609,0,train
R00610,0,train
R00611,0,val
R00612,0,train
R00613,0,test
R00614,0,train
R00615,0,test
R00616,0,train
R00617,0,train
R00618,0,train
R00619,0,train
R00620,1,val
R00621,0,val
R00622,0,test
R00623,0,train
R00624,0,train
R00625,0,test
R00626,1,train
R00627,0,val
R00628,0,train
R00629,0,train
R00630,0,train
R00631,0,train
R00632,0,train
R00633,0,train
R00634,0,test
R00635,0,test
R00636,0,train
R00637,0,train
R00638,0,test
R00639,0,train
R00640,0,train
R00641,0,train
R00642,0,train
R00643,0,train
R00644,0,train
R00645,0,train
R00646,0,train
R00647,0,train
R00648,0,train
R00649,0,train
R00650,0,train
R00651,0,train
R00652,0,train
R00653,0,test
R00654,0,test
R00655,0,train
R00656,0,train
R00657,0,train
R00658,0,test
R00659,0,train
R00660,0,train
R00661,1,train
R00662,0,train
R00663,0,train
R00664,0,train
R00665,0,val
R00666,0,train
R00667,0,test
R00668,0,val
R00669,1,train
R00670,1,train
R00671,0,train
R00672,0,val
R00673,0,train
R00674,0,train
R00675,0,train
R00676,0,val
R00677,0,val
R00678,0,train
R00679,0,train
R00680,0,train
R00681,0,train
R00682,0,test
R00683,0,train
R00684,1,train
R00685,0,train
R00686,0,train
R00687,0,test
R00688,0,test
R00689,0,train
R00690,0,train
R00691,0,train
R00692,0,val
R00693,0,train
R00694,0,test
R00695,0,test
R00696,0,train
R00697,0,train
R00698,0,train
R00699,0,train
R00700,0,train
R00701,0,train
R00702,0,train
R00703,0,train
R00704,1,train
R00705,0,train
R00706,0,train
R00707,0,train
R00708,0,train
R00709,0,train
R00710,0,train
R00711,0,val
R00712,0,val
R00713,0,train
R00714,0,train
R00715,0,train
R00716,0,train
R00717,0,train
R00718,0,val
R00719,0,train
R00720,0,test
R00721,0,train
R00722,0,train
R00723,0,train
R00724,0,train
R00725,0,train
R00726,0,train
R00727,0,train
R00728,0,train
R00729,0,test
R00730,0,test
R00731,0,train
R00732,0,train
R00733,0,train
R00734,0,train
R00735,0,val
R00736,0,train
R00737,0,test
R00738,0,test
R00739,0,train
R00740,0,train
R00741,0,train
R00742,0,test
R00743,0,train
R00744,0,train
R00745,0,test
R00746,0,train
R00747,0,train
R00748,0,train
R00749,0,train
R00750,0,test
R00751,0,val
R00752,0,val
R00753,0,train
R00754,0,train
R00755,0,train
R00756,0,train
R00757,0,test
R00758,0,train
R00759,0,train
R00760,0,train
R00761,0,train
R00762,1,train
R00763,0,train
R00764,0,train
R00765,0,train
R00766,0,train
R00767,0,val
R00768,0,val
R00769,0,train
R00770,1,train
R00771,0,train
R00772,0,test
R00773,1,train
R00774,0,val
R00775,0,train
R00776,0,val
R00777,0,val
R00778,0,train
R00779,0,test
R00780,0,test
R00781,0,train
R00782,0,train
R00783,0,val
R00784,0,train
R00785,0,val
R00786,0,train
R00787,0,train
R00788,0,train
R00789,0,test
R00790,0,train
R00791,0,train
R00792,0,train
R00793,0,train
R00794,0,train
R00795,0,train
R00796,0,train
R00797,0,train
R00798,0,train
R00799,1,test
R00800,0,val
R00801,0,train
R00802,0,train
R00803,0,train
R00804,0,train
R00805,0,train
R00806,0,train
R00807,0,train
R00808,0,train
R00809,0,train
R00810,0,train
R00811,1,train
R00812,0,train
R00813,0,val
R00814,0,train
R00815,1,train
R00816,0,train
R00817,0,train
R00818,0,test
R00819,0,train
R00820,0,train
R00821,0,train
R00822,0,train
R00823,0,train
R00824,0,train
R00825,0,train
R00826,0,val
R00827,0,train
R00828,0,val
R00829,0,train
R00830,0,val
R00831,0,train
R00832,0,train
R00833,0,train
R00834,1,test
R00835,0,train
R00836,0,train
R00837,1,train
R00838,0,train
R00839,0,train
R00840,0,train
R00841,0,train
R00842,0,val
R00843,0,train
R00844,0,train
R00845,0,train
R00846,0,val
R00847,0,train
R00848,0,val
R00849,0,train
R00850,0,val
R00851,0,train
R00852,0,train
R00853,0,train
R00854,0,train
R00855,0,train
R00856,1,test
R00857,1,train
R00858,0,train
R00859,0,train
R00860,0,train
R00861,0,train
R00862,0,train
R00863,0,train
R00864,0,train
R00865,0,test
R00866,0,train
R00867,0,train
R00868,0,train
R00869,1,val
R00870,0,val
R00871,1,train
R00872,0,train
R00873,0,val
R00874,0,val
R00875,0,val
R00876,0,train
R00877,0,train
R00878,0,train
R00879,0,train
R00880,0,test
R00881,0,train
R00882,0,train
R00883,0,train
R00884,0,train
R00885,0,train
R00886,0,train
R00887,0,train
R00888,0,train
R00889,0,val
R00890,0,train
R00891,0,val
R00892,0,train
R00893,0,val
R00894,0,train
R00895,0,train
R00896,0,train
R00897,0,train
R00898,0,train
R00899,0,val
R00900,0,train
R00901,0,train
R00902,0,test
R00903,0,train
R00904,0,train
R00905,0,train
R00906,0,train
R00907,0,train
R00908,0,test
R00909,0,train
R00910,0,train
R00911,0,train
R00912,0,train
R00913,0,val
R00914,0,train
R00915,0,train
R00916,0,train
R00917,0,test
R00918,0,train
R00919,0,train
R00920,0,val
R00921,0,train
R00922,0,train
R00923,0,train
R00924,1,train
R00925,0,train
R00926,0,test
R00927,0,val
R00928,0,test
R00929,0,train
R00930,0,train
R00931,0,train
R00932,0,test
R00933,0,train
R00934,0,train
R00935,0,val
R00936,0,train
R00937,1,train
R00938,0,train
R00939,0,train
R00940,0,train
R00941,0,test
R00942,1,train
R00943,0,train
R00944,0,train
R00945,0,train
R00946,0,train
R00947,0,test
R00948,0,test
R00949,0,test
R00950,0,train
R00951,0,val
R00952,0,val
R00953,0,train
R00954,0,train
R00955,0,train
R00956,0,test
R00957,1,train
R00958,0,test
R00959,0,train
R00960,0,train
R00961,0,train
R00962,0,val
R00963,0,train
R00964,0,train
R00965,0,train
R00966,0,train
R00967,0,train
R00968,0,test
R00969,0,train
R00970,0,train
R00971,0,val
R00972,0,train
R00973,0,train
R00974,0,train
R00975,0,train
R00976,0,train
R00977,0,test
R00978,0,val
R00979,0,train
R00980,1,train
R00981,0,test
R00982,0,train
R00983,0,train
R00984,0,test
R00985,0,val
R00986,0,train
R00987,0,train
R00988,0,test
R00989,0,train
R00990,0,train
R00991,0,train
R00992,0,val
R00993,0,train
R00994,0,train
R00995,0,train
R00996,0,val
R00997,0,train
R00998,0,test
R00999,0,train
R01000,0,train
R01001,1,train
R01002,0,train
R01003,0,train
R01004,0,train
R01005,1,train
R01006,0,train
R01007,0,train
R01008,0,train
R01009,0,train
R01010,0,train
R01011,0,test
R01012,0,train
R01013,0,val
R01014,0,train
R01015,0,train
R01016,0,train
R01017,0,train
R01018,0,train
R01019,0,test
R01020,0,train
R01021,0,train
R01022,0,val
R01023,0,train
R01024,0,train
R01025,0,train
R01026,0,train
R01027,0,train
R01028,0,train
R01029,1,train
R01030,0,train
R01031,0,train
R01032,0,test
R01033,0,train
R01034,0,train
R01035,0,train
R01036,0,train
R01037,0,train
R01038,0,train
R01039,0,val
R01040,0,train
R01041,0,train
R01042,0,train
R01043,0,test
R01044,0,train
R01045,0,train
R01046,0,test
R01047,0,train
R01048,0,val
R01049,0,train
R01050,0,train
R01051,0,test
R01052,0,train
R01053,0,train
R01054,0,train
R01055,0,train
R01056,0,train
R01057,0,test
R01058,0,val
R01059,0,test
R01060,1,train
R01061,0,test
R01062,0,train
R01063,0,val
R01064,0,train
R01065,0,train
R01066,0,train
R01067,0,train
R01068,0,train
R01069,0,train
R01070,0,val
R01071,0,train
R01072,0,train
R01073,0,train
R01074,1,train
R01075,0,train
R01076,0,train
R01077,0,train
R01078,0,train
R01079,0,val
R01080,0,train
R01081,1,val
R01082,0,train
R01083,0,train
R01084,0,train
R01085,0,train
R01086,0,test
R01087,0,train
R01088,0,train
R01089,0,train
R01090,0,train
R01091,0,test
R01092,0,train
R01093,0,test
R01094,0,train
R01095,0,val
R01096,0,train
R01097,0,train
R01098,0,val
R01099,0,val
R01100,0,test
R01101,0,train
R01102,1,train
R01103,0,train
R01104,0,test
R01105,0,train
R01106,0,train
R01107,0,train
R01108,0,train
R01109,0,train
R01110,0,train
R01111,0,test
R01112,0,val
R01113,0,test
R01114,0,test
R01115,0,val
R01116,0,train
R01117,0,train
R01118,1,train
R01119,0,test
R01120,0,train
R01121,0,train
R01122,0,train
R01123,0,train
R01124,1,train
R01125,0,train
R01126,0,train
R01127,0,train
R01128,0,train
R01129,0,train
R01130,0,train
R01131,0,train
R01132,0,train
R01133,0,train
R01134,0,train
R01135,0,train
R01136,0,test
R01137,0,val
R01138,0,train
R01139,0,val
R01140,0,train
R01141,1,train
R01142,1,train
R01143,0,train
R01144,0,train
R01145,0,train
R01146,0,train
R01147,0,train
R01148,0,train
R01149,0,train
R01150,0,train
R01151,0,train
R01152,0,test
R01153,0,test
R01154,0,val
R01155,0,train
R01156,0,train
R01157,0,train
R01158,0,val
R01159,0,train
R01160,0,test
R01161,0,train
R01162,0,val
R01163,0,val
R01164,0,train
R01165,0,train
R01166,0,test
R01167,0,train
R01168,0,train
R01169,0,test
R01170,0,test
R01171,0,train
R01172,0,train
R01173,0,train
R01174,0,train
R01175,0,test
R01176,0,train
R01177,0,train
R01178,0,train
R01179,0,train
R01180,0,train
R01181,0,train
R01182,0,train
R01183,0,train
R01184,0,test
R01185,0,train
R01186,0,train
R01187,0,train
R01188,0,test
R01189,0,train
R01190,0,val
R01191,0,train
R01192,0,train
R01193,0,train
R01194,0,train
R01195,0,train
R01196,0,val
R01197,1,test
R01198,0,train
R01199,0,train
R01200,0,train
R01201,0,val
R01202,0,train
R01203,0,test
R01204,0,train
R01205,1,val
R01206,0,train
R01207,0,train
R01208,0,train
R01209,0,train
R01210,0,train
R01211,0,train
R01212,0,val
R01213,0,train
R01214,0,train
R01215,0,train
R01216,1,train
R01217,0,train
R01218,0,val
R01219,0,train
R01220,0,train
R01221,0,train
R01222,0,train
R01223,0,test
R01224,0,val
R01225,0,train
R01226,0,train
R01227,0,val
R01228,0,test
R01229,0,val
R01230,0,train
R01231,0,test
R01232,0,train
R01233,0,train
R01234,0,val
R01235,0,train
R01236,0,train
R01237,0,train
R01238,0,train
R01239,0,train
R01240,0,test
R01241,0,train
R01242,0,train
R01243,0,train
R01244,0,train
R01245,0,train
R01246,1,train
R01247,0,test
R01248,0,train
R01249,0,train
R01250,0,train
R01251,0,val
R01252,0,train
R01253,0,train
R01254,0,train
R01255,1,test
R01256,0,train
R01257,0,train
R01258,0,train
R01259,0,train
R01260,0,train
R01261,0,train
R01262,0,train
R01263,0,train
R01264,0,test
R01265,0,train
R01266,0,val
R01267,0,train
R01268,1,train
R01269,1,test
R01270,0,train
R01271,0,train
R01272,0,train
R01273,0,train
R01274,0,val
R01275,0,train
R01276,0,train
R01277,0,test
R01278,0,train
R01279,0,train
R01280,0,train
R01281,0,test
R01282,0,train
R01283,0,train
R01284,0,train
R01285,0,train
R01286,0,train
R01287,0,val
R01288,0,test
R01289,0,train
R01290,0,test
R01291,0,val
R01292,0,val
R01293,0,train
R01294,0,train
R01295,0,train
R01296,0,train
R01297,0,train
R01298,0,train
R01299,0,val
R01300,0,train
R01301,1,test
R01302,0,train
R01303,0,train
R01304,0,val
R01305,0,test
R01306,0,train
R01307,0,val
R01308,0,train
R01309,0,test
R01310,0,val
R01311,0,val
R01312,0,test
R01313,0,train
R01314,0,train
R01315,1,train
R01316,0,test
R01317,0,train
R01318,0,train
R01319,1,val
R01320,0,train
R01321,0,train
R01322,0,train
R01323,0,test
R01324,0,train
R01325,0,test
R01326,0,val
R01327,0,train
R01328,1,val
R01329,0,train
R01330,0,train
R01331,0,train
R01332,0,train
R01333,0,train
R01334,0,train
R01335,0,train
R01336,0,val
R01337,0,test
R01338,0,val
R01339,0,train
R01340,1,val
R01341,0,train
R01342,0,train
R01343,0,train
R01344,0,val
R01345,0,test
R01346,0,train
R01347,0,test
R01348,0,train
R01349,0,train
R01350,1,train
R01351,0,test
R01352,0,train
R01353,0,train
R01354,0,train
R01355,0,test
R01356,0,test
R01357,0,train
R01358,0,train
R01359,0,train
R01360,0,train
R01361,0,test
R01362,0,train
R01363,0,train
R01364,1,val
R01365,0,train
R01366,0,train
R01367,0,test
R01368,0,train
R01369,1,train
R01370,0,train
R01371,0,train
R01372,0,test
R01373,0,train
R01374,0,train
R01375,0,train
R01376,0,val
R01377,0,train
R01378,0,test
R01379,0,test
R01380,0,train
R01381,0,train
R01382,0,train
R01383,0,test
R01384,0,val
R01385,0,train
R01386,1,train
R01387,1,train
R01388,0,test
R01389,0,train
R01390,0,train
R01391,0,train
R01392,0,train
R01393,1,test
R01394,0,val
R01395,0,test
R01396,0,train
R01397,0,train
R01398,0,train
R01399,0,test
R01400,0,train
R01401,0,train
R01402,0,train
R01403,1,train
R01404,0,train
R01405,0,test
R01406,0,train
R01407,0,train
R01408,0,train
R01409,0,train
R01410,0,train
R01411,1,train
R01412,0,train
R01413,0,test
R01414,0,val
R01415,0,test
R01416,0,val
R01417,0,train
R01418,0,test
R01419,0,train
R01420,0,train
R01421,0,test
R01422,0,train
R01423,0,train
R01424,0,test
R01425,0,val
R01426,0,train
R01427,0,train
R01428,0,train
R01429,0,train
R01430,0,val
R01431,0,train
R01432,0,train
R01433,0,train
R01434,0,train
R01435,0,test
R01436,0,train
R01437,0,train
R01438,0,val
R01439,0,train
R01440,0,train
R01441,0,train
R01442,0,train
R01443,0,test
R01444,0,train
R01445,0,train
R01446,0,train
R01447,0,val
R01448,0,val
R01449,0,val
R01450,0,train
R01451,0,train
R01452,0,train
R01453,0,train
R01454,0,train
R01455,0,train
R01456,0,train
R01457,0,test
R01458,0,train
R01459,0,train
R01460,0,train
R01461,0,train
R01462,0,train
R01463,0,train
R01464,0,train
R01465,0,train
R01466,0,train
R01467,0,val
R01468,0,val
R01469,0,val
R01470,0,train
R01471,0,train
R01472,0,train
R01473,0,train
R01474,0,train
R01475,0,train
R01476,0,train
R01477,0,test
R01478,0,test
R01479,1,test
R01480,0,train
R01481,0,val
R01482,0,train
R01483,0,test
R01484,0,train
R01485,0,train
R01486,0,train
R01487,0,train
R01488,0,train
R01489,1,train
R01490,0,train
R01491,0,train
R01492,0,train
R01493,0,train
R01494,0,train
R01495,0,train
R01496,0,test
R01497,0,train
R01498,0,val
R01499,0,train
R01500,0,train
R01501,1,train
R01502,0,train
R01503,0,train
R01504,0,train
R01505,0,train
R01506,0,train
R01507,0,test
R01508,0,test
R01509,0,test
R01510,0,train
R01511,0,train
R01512,0,train
R01513,0,test
R01514,0,train
R01515,0,train
R01516,0,val
R01517,0,train
R01518,0,train
R01519,0,train
R01520,0,test
R01521,0,val
R01522,0,test
R01523,0,train
R01524,0,test
R01525,0,train
R01526,0,test
R01527,0,test
R01528,0,train
R01529,0,train
R01530,0,train
R01531,0,val
R01532,0,train
R01533,0,train
R01534,0,val
R01535,0,train
R01536,0,test
R01537,0,train
R01538,0,train
R01539,0,train
R01540,0,train
R01541,0,train
R01542,0,train
R01543,0,train
R01544,0,test
R01545,0,train
R01546,0,val
R01547,0,train
R01548,0,train
R01549,1,train
R01550,0,val
R01551,0,val
R01552,0,train
R01553,1,train
R01554,0,val
R01555,0,val
R01556,0,test
R01557,1,train
R01558,0,train
R01559,0,test
R01560,0,train
R01561,0,train
R01562,0,val
R01563,0,val
R01564,0,test
R01565,0,val
R01566,0,test
R01567,0,train
R01568,0,train
R01569,0,train
R01570,0,train
R01571,0,train
R01572,0,train
R01573,0,train
R01574,0,train
R01575,0,train
R01576,0,train
R01577,0,test
R01578,0,train
R01579,0,train
R01580,0,train
R01581,0,test
R01582,0,train
R01583,0,val
R01584,0,test
R01585,0,test
R01586,0,train
R01587,0,train
R01588,0,train
R01589,0,test
R01590,0,test
R01591,0,train
R01592,1,train
R01593,0,test
R01594,0,train
R01595,0,train
R01596,0,val
R01597,0,val
R01598,0,train
R01599,0,train
R01600,0,train
R01601,0,train
R01602,0,val
R01603,0,train
R01604,0,train
R01605,0,test
R01606,0,train
R01607,0,train
R01608,0,train
R01609,0,train
R01610,0,train
R01611,0,val
R01612,0,test
R01613,0,train
R01614,0,train
R01615,0,val
R01616,0,train
R01617,1,train
R01618,1,train
R01619,0,train
R01620,0,train
R01621,0,test
R01622,1,train
R01623,1,train
R01624,0,train
R01625,0,test
R01626,0,train
R01627,1,train
R01628,0,train
R01629,0,train
R01630,0,train
R01631,0,train
R01632,0,train
R01633,0,train
R01634,1,val
R01635,0,val
R01636,0,train
R01637,0,test
R01638,0,train
R01639,0,train
R01640,0,train
R01641,0,train
R01642,0,train
R01643,0,test
R01644,0,train
R01645,0,test
R01646,0,train
R01647,0,train
R01648,0,test
R01649,0,test
R01650,0,train
R01651,0,train
R01652,0,test
R01653,0,val
R01654,0,val
R01655,0,train
R01656,0,test
R01657,1,train
R01658,0,train
R01659,0,train
R01660,0,test
R01661,0,test
R01662,1,train
R01663,0,test
R01664,0,train
R01665,0,train
R01666,0,train
R01667,1,train
R01668,0,train
R01669,0,train
R01670,0,train
R01671,1,test
R01672,0,train
R01673,0,train
R01674,0,train
R01675,0,train
R01676,1,train
R01677,0,val
R01678,0,train
R01679,0,test
R01680,0,train
R01681,0,train
R01682,0,train
R01683,0,test
R01684,0,train
R01685,0,train
R01686,0,train
R01687,0,train
R01688,0,test
R01689,0,test
R01690,0,train
R01691,0,test
R01692,0,val
R01693,0,val
R01694,0,train
R01695,0,train
R01696,0,test
R01697,0,train
R01698,0,train
R01699,1,train
R01700,0,train
R01701,0,train
R01702,0,train
R01703,0,val
R01704,0,train
R01705,0,train
R01706,0,train
R01707,0,val
R01708,0,train
R01709,0,train
R01710,0,val
R01711,0,test
R01712,0,train
R01713,0,train
R01714,0,test
R01715,0,test
R01716,0,test
R01717,0,train
R01718,0,train
R01719,0,val
R01720,0,train
R01721,0,val
R01722,0,train
R01723,0,train
R01724,0,val
R01725,0,test
R01726,0,train
R01727,0,val
R01728,0,train
R01729,0,train
R01730,0,train
R01731,0,train
R01732,0,train
R01733,0,val
R01734,0,val
R01735,0,train
R01736,0,train
R01737,0,test
R01738,0,train
R01739,0,val
R01740,1,train
R01741,0,train
R01742,0,train
R01743,0,train
R01744,0,test
R01745,0,test
R01746,0,train
R01747,0,train
R01748,0,train
R01749,0,train
R01750,0,train
R01751,0,train
R01752,0,train
R01753,0,val
R01754,0,train
R01755,0,val
R01756,0,train
R01757,0,train
R01758,0,train
R01759,0,val
R01760,0,train
R01761,0,train
R01762,0,test
R01763,1,train
R01764,0,train
R01765,0,train
R01766,0,val
R01767,0,train
R01768,0,train
R01769,0,val
R01770,0,train
R01771,0,val
R01772,0,test
R01773,0,train
R01774,0,train
R01775,0,test
R01776,0,train
R01777,0,val
R01778,0,train
R01779,0,train
R01780,0,val
R01781,0,train
R01782,0,train
R01783,0,val
R01784,0,train
R01785,0,train
R01786,0,test
R01787,0,train
R01788,0,train
R01789,0,val
R01790,0,train
R01791,0,train
R01792,0,train
R01793,0,val
R01794,0,train
R01795,0,train
R01796,0,val
R01797,0,train
R01798,0,train
R01799,0,test
R01800,0,train
R01801,0,val
R01802,0,test
R01803,0,train
R01804,1,train
R01805,0,train
R01806,0,val
R01807,0,train
R01808,0,test
R01809,0,train
R01810,0,test
R01811,0,test
R01812,0,train
R01813,0,train
R01814,0,train
R01815,0,train
R01816,0,train
R01817,0,train
R01818,0,test
R01819,0,train
R01820,0,test
R01821,0,test
R01822,0,train
R01823,0,train
R01824,0,test
R01825,0,train
R01826,0,val
R01827,0,train
R01828,0,test
R01829,0,test
R01830,0,train
R01831,0,train
R01832,0,train
R01833,0,test
R01834,0,test
R01835,0,train
R01836,0,val
R01837,0,train
R01838,0,train
R01839,1,train
R01840,0,train
R01841,0,train
R01842,0,train
R01843,0,train
R01844,0,train
R01845,0,test
R01846,0,train
R01847,0,train
R01848,0,train
R01849,0,train
R01850,0,val
R01851,0,train
R01852,0,train
R01853,0,test
R01854,0,train
R01855,0,val
R01856,0,train
R01857,0,train
R01858,0,train
R01859,0,train
R01860,0,test
R01861,0,train
R01862,0,train
R01863,0,train
R01864,0,train
R01865,0,train
R01866,0,train
R01867,0,train
R01868,0,train
R01869,0,train
R01870,0,train
R01871,0,test
R01872,1,train
R01873,0,train
R01874,0,train
R01875,0,train
R01876,0,train
R01877,1,train
R01878,0,train
R01879,0,test
R01880,0,val
R01881,0,train
R01882,0,train
R01883,0,train
R01884,0,train
R01885,0,val
R01886,0,train
R01887,0,train
R01888,0,test
R01889,0,train
R01890,0,train
R01891,1,train
R01892,0,train
R01893,0,train
R01894,0,train
R01895,0,train
R01896,0,test
R01897,0,train
R01898,1,train
R01899,0,test
R01900,0,train
R01901,0,train
R01902,0,val
R01903,0,train
R01904,0,train
R01905,0,train
R01906,0,test
R01907,0,val
R01908,0,train
R01909,0,train
R01910,0,train
R01911,0,train
R01912,0,train
R01913,0,val
R01914,0,train
R01915,0,test
R01916,0,test
R01917,0,train
R01918,0,train
R01919,1,train
R01920,0,test
R01921,0,val
R01922,0,train
R01923,1,train
R01924,0,train
R01925,0,train
R01926,0,train
R01927,0,train
R01928,0,train
R01929,0,train
R01930,0,val
R01931,0,train
R01932,0,val
R01933,0,test
R01934,0,train
R01935,1,test
R01936,0,test
R01937,0,test
R01938,0,train
R01939,0,val
R01940,0,val
R01941,0,train
R01942,0,train
R01943,0,train
R01944,0,train
R01945,0,train
R01946,0,train
R01947,0,test
R01948,0,train
R01949,0,train
R01950,0,train
R01951,0,val
R01952,0,train
R01953,0,train
R01954,0,train
R01955,0,val
R01956,0,train
R01957,0,train
R01958,0,val
R01959,0,train
R01960,0,val
R01961,0,train
R01962,0,test
R01963,0,train
R01964,0,train
R01965,0,train
R01966,0,test
R01967,0,train
R01968,0,train
R01969,0,val
R01970,0,train
R01971,0,train
R01972,0,train
R01973,0,val
R01974,0,train
R01975,0,train
R01976,0,train
R01977,0,train
R01978,0,train
R01979,0,train
R01980,0,val
R01981,0,train
R01982,0,train
R01983,0,train
R01984,0,train
R01985,0,test
R01986,0,test
R01987,0,train
R01988,0,test
R01989,0,train
R01990,0,val
R01991,1,train
R01992,0,test
R01993,0,test
R01994,0,train
R01995,0,test
R01996,0,train
R01997,0,train
R01998,0,train
R01999,0,train
R02000,0,train
R02001,0,test
R02002,0,train
R02003,0,train
R02004,0,train
R02005,0,train
R02006,0,test
R02007,0,val
R02008,0,test
R02009,0,train
R02010,0,train
R02011,0,val
R02012,0,train
R02013,0,val
R02014,1,train
R02015,0,train
R02016,0,train
R02017,0,train
R02018,0,val
R02019,0,val
R02020,0,test
R02021,0,train
R02022,0,train
R02023,0,train
R02024,0,train
R02025,0,train
R02026,0,val
R02027,1,val
R02028,0,val
R02029,0,val
R02030,0,val
R02031,0,train
R02032,0,test
R02033,0,val
R02034,0,train
R02035,1,train
R02036,0,train
R02037,0,test
R02038,0,train
R02039,0,train
R02040,0,train
R02041,0,train
R02042,0,train
R02043,0,train
R02044,0,test
R02045,0,test
R02046,0,train
R02047,0,test
R02048,0,train
R02049,0,train
R02050,0,train
R02051,0,train
R02052,0,train
R02053,0,val
R02054,0,train
R02055,0,test
R02056,0,train
R02057,0,train
R02058,0,train
R02059,0,train
R02060,0,train
R02061,0,train
R02062,0,val
R02063,0,val
R02064,1,train
R02065,0,train
R02066,0,train
R02067,0,train
R02068,0,test
R02069,0,train
R02070,0,train
R02071,0,train
R02072,0,train
R02073,0,train
R02074,0,train
R02075,0,train
R02076,0,train
R02077,0,train
R02078,0,test
R02079,0,val
R02080,0,val
R02081,0,val
R02082,0,train
R02083,0,train
R02084,0,train
R02085,0,val
R02086,0,test
R02087,0,train
R02088,0,train
R02089,0,train
R02090,0,train
R02091,0,train
R02092,0,train
R02093,0,train
R02094,0,train
R02095,1,train
R02096,0,train
R02097,0,val
R02098,1,train
R02099,0,train
R02100,0,train
R02101,0,test
R02102,0,test
R02103,0,train
R02104,0,train
R02105,0,train
R02106,0,test
R02107,0,val
R02108,0,train
R02109,0,train
R02110,0,train
R02111,0,train
R02112,0,val
R02113,0,train
R02114,0,val
R02115,0,train
R02116,0,train
R02117,0,test
R02118,1,train
R02119,0,val
R02120,0,train
R02121,0,test
R02122,0,train
R02123,0,train
R02124,0,train
R02125,0,train
R02126,0,train
R02127,0,train
R02128,0,train
R02129,0,train
R02130,0,train
R02131,0,train
R02132,0,train
R02133,0,train
R02134,0,test
R02135,0,val
R02136,0,train
R02137,0,test
R02138,0,test
R02139,0,train
R02140,0,train
R02141,1,train
R02142,0,train
R02143,0,train
R02144,0,train
R02145,0,test
R02146,0,train
R02147,0,val
R02148,0,train
R02149,0,train
R02150,0,train
R02151,0,train
R02152,1,train
R02153,0,train
R02154,0,val
R02155,0,train
R02156,0,train
R02157,0,train
R02158,0,train
R02159,0,train
R02160,0,train
R02161,0,val
R02162,0,train
R02163,0,train
R02164,0,train
R02165,0,val
R02166,0,test
R02167,0,train
R02168,0,train
R02169,0,train
R02170,0,train
R02171,0,test
R02172,0,val
R02173,0,test
R02174,0,val
R02175,0,train
R02176,0,train
R02177,0,train
R02178,0,val
R02179,0,train
R02180,0,train
R02181,0,train
R02182,0,train
R02183,0,val
R02184,0,train
R02185,0,train
R02186,0,train
R02187,0,train
R02188,0,train
R02189,0,test
R02190,0,test
R02191,0,val
R02192,0,train
R02193,0,test
R02194,0,val
R02195,0,test
R02196,0,train
R02197,0,val
R02198,0,train
R02199,0,val
R02200,0,val
R02201,0,train
R02202,0,train
R02203,0,val
R02204,0,test
R02205,0,train
R02206,0,train
R02207,0,train
R02208,0,val
R02209,0,val
R02210,0,train
R02211,0,train
R02212,0,train
R02213,0,train
R02214,0,train
R02215,0,train
R02216,0,train
R02217,0,test
R02218,0,val
R02219,0,val
R02220,0,test
R02221,0,train
R02222,1,test
R02223,0,train
R02224,0,val
R02225,0,train
R02226,0,train
R02227,0,test
R02228,0,train
R02229,0,test
R02230,0,val
R02231,0,train
R02232,0,val
R02233,0,train
R02234,0,train
R02235,0,val
R02236,0,val
R02237,0,test
R02238,0,train
R02239,0,val
R02240,0,train
R02241,0,val
R02242,0,train
R02243,0,val
R02244,0,train
R02245,0,test
R02246,0,train
R02247,0,val
R02248,0,train
R02249,0,train
R02250,0,test
R02251,0,train
R02252,0,train
R02253,0,test
R02254,0,train
R02255,0,val
R02256,0,val
R02257,0,train
R02258,0,train
R02259,0,train
R02260,0,train
R02261,0,val
R02262,0,train
R02263,0,train
R02264,0,train
R02265,0,train
R02266,0,train
R02267,0,val
R02268,0,train
R02269,0,val
R02270,0,train
R02271,0,val
R02272,0,train
R02273,0,train
R02274,0,test
R02275,0,val
R02276,1,train
R02277,0,val
R02278,0,train
R02279,0,train
R02280,0,train
R02281,0,train
R02282,0,val
R02283,0,train
R02284,0,train
R02285,0,val
R02286,1,train
R02287,0,test
R02288,0,train
R02289,0,test
R02290,0,train
R02291,0,train
R02292,1,train
R02293,0,val
R02294,0,train
R02295,0,val
R02296,0,test
R02297,0,train
R02298,0,train
R02299,0,train
R02300,0,test
R02301,0,train
R02302,0,val
R02303,0,train
R02304,0,train
R02305,0,train
R02306,0,train
R02307,0,train
R02308,0,train
R02309,0,train
R02310,0,val
R02311,0,val
R02312,0,val
R02313,0,train
R02314,0,test
R02315,0,train
R02316,0,train
R02317,0,train
R02318,0,val
R02319,0,train
R02320,1,train
R02321,0,val
R02322,0,train
R02323,0,train
R02324,0,val
R02325,0,train
R02326,0,val
R02327,0,train
R02328,0,train
R02329,0,train
R02330,0,train
R02331,0,test
R02332,0,train
R02333,0,train
R02334,0,train
R02335,0,train
R02336,0,train
R02337,0,train
R02338,0,val
R02339,0,train
R02340,0,val
R02341,0,train
R02342,0,val
R02343,0,val
R02344,0,val
R02345,0,test
R02346,0,train
R02347,0,train
R02348,0,train
R02349,0,train
R02350,0,train
R02351,0,train
R02352,0,train
R02353,0,val
R02354,1,train
R02355,0,train
R02356,0,train
R02357,0,train
R02358,0,train
R02359,0,train
R02360,0,train
R02361,0,train
R02362,0,val
R02363,0,test
R02364,0,val
R02365,0,train
R02366,0,train
R02367,0,val
R02368,0,test
R02369,0,train
R02370,0,train
R02371,0,test
R02372,0,train
R02373,0,val
R02374,0,train
R02375,0,train
R02376,0,test
R02377,0,train
R02378,0,test
R02379,0,train
R02380,0,train
R02381,0,train
R02382,0,train
R02383,0,test
R02384,0,train
R02385,0,train
R02386,0,val
R02387,0,val
R02388,0,train
R02389,0,train
R02390,0,val
R02391,0,train
R02392,0,train
R02393,0,train
R02394,0,train
R02395,0,train
R02396,0,val
R02397,0,train
R02398,0,test
R02399,0,train
R02400,0,train
R02401,0,train
R02402,0,train
R02403,0,train
R02404,0,train
R02405,0,train
R02406,0,train
R02407,0,train
R02408,0,train
R02409,0,train
R02410,0,test
R02411,0,train
R02412,0,train
R02413,0,train
R02414,0,train
R02415,0,val
R02416,0,train
R02417,0,train
R02418,0,val
R02419,0,train
R02420,0,train
R02421,0,train
R02422,0,train
R02423,0,train
R02424,0,train
R02425,0,train
R02426,0,val
R02427,0,train
R02428,0,train
R02429,0,train
R02430,0,train
R02431,0,val
R02432,0,train
R02433,0,train
R02434,0,train
R02435,0,train
R02436,0,test
R02437,1,test
R02438,0,train
R02439,0,val
R02440,0,test
R02441,0,val
R02442,0,train
R02443,0,val
R02444,0,train
R02445,0,val
R02446,0,test
R02447,0,test
R02448,1,val
R02449,0,test
R02450,1,val
R02451,0,train
R02452,0,train
R02453,0,train
R02454,0,test
R02455,0,test
R02456,1,train
R02457,0,train
R02458,0,train
R02459,0,train
R02460,0,train
R02461,0,test
R02462,0,val
R02463,0,train
R02464,0,train
R02465,0,train
R02466,0,val
R02467,0,val
R02468,0,train
R02469,0,train
R02470,0,val
R02471,0,train
R02472,0,train
R02473,0,train
R02474,0,train
R02475,0,train
R02476,0,test
R02477,0,train
R02478,0,train
R02479,0,test
R02480,0,test
R02481,0,train
R02482,0,test
R02483,0,val
R02484,0,val
R02485,0,train
R02486,0,train
R02487,0,train
R02488,0,train
R02489,0,val
R02490,0,train
R02491,0,train
R02492,0,train
R02493,0,val
R02494,1,val
R02495,0,test
R02496,0,train
R02497,0,train
R02498,0,train
R02499,0,train
R02500,0,train
R02501,0,train
R02502,0,test
R02503,0,train
R02504,0,val
R02505,0,train
R02506,0,train
R02507,1,test
R02508,0,train
R02509,0,train
R02510,0,train
R02511,0,train
R02512,0,train
R02513,0,train
R02514,0,train
R02515,0,train
R02516,0,test
R02517,0,test
R02518,0,val
R02519,0,train
R02520,0,train
R02521,0,val
R02522,0,test
R02523,0,val
R02524,0,train
R02525,0,test
R02526,0,train
R02527,0,test
R02528,1,train
R02529,0,train
R02530,0,train
R02531,0,train
R02532,0,train
R02533,0,val
R02534,0,train
R02535,0,train
R02536,0,test
R02537,0,train
R02538,0,train
R02539,0,train
R02540,0,test
R02541,0,test
R02542,0,train
R02543,0,test
R02544,0,train
R02545,0,test
R02546,0,train
R02547,0,train
R02548,0,val
R02549,0,train
R02550,0,train
R02551,0,train
R02552,0,val
R02553,0,train
R02554,0,val
R02555,0,train
R02556,0,test
R02557,0,train
R02558,0,test
R02559,0,val
R02560,0,train
R02561,0,train
R02562,0,train
R02563,0,train
R02564,0,train
R02565,0,val
R02566,0,val
R02567,0,train
R02568,0,test
R02569,0,train
R02570,0,train
R02571,0,train
R02572,0,train
R02573,0,train
R02574,0,train
R02575,0,train
R02576,0,train
R02577,0,train
R02578,0,train
R02579,0,train
R02580,1,val
R02581,0,val
R02582,0,val
R02583,0,train
R02584,0,train
R02585,1,train
R02586,0,train
R02587,0,train
R02588,0,train
R02589,0,train
R02590,0,train
R02591,0,train
R02592,0,val
R02593,0,train
R02594,0,val
R02595,0,val
R02596,0,train
R02597,0,train
R02598,0,test
R02599,0,train
R02600,0,val
R02601,0,train
R02602,0,test
R02603,0,val
R02604,0,val
R02605,0,test
R02606,0,train
R02607,1,train
R02608,0,train
R02609,0,train
R02610,0,train
R02611,0,train
R02612,0,train
R02613,0,train
R02614,0,train
R02615,0,train
R02616,0,train
R02617,0,test
R02618,0,train
R02619,0,train
R02620,0,test
R02621,0,train
R02622,0,val
R02623,0,train
R02624,0,val
R02625,0,train
R02626,0,train
R02627,0,train
R02628,0,test
R02629,0,test
R02630,1,train
R02631,0,test
R02632,0,train
R02633,1,test
R02634,1,train
R02635,0,test
R02636,0,train
R02637,0,train
R02638,0,train
R02639,0,test
R02640,0,test
R02641,0,train
R02642,0,train
R02643,0,train
R02644,0,train
R02645,0,train
R02646,0,train
R02647,0,train
R02648,0,test
R02649,0,val
R02650,0,train
R02651,0,train
R02652,0,train
R02653,0,train
R02654,0,val
R02655,0,train
R02656,0,train
R02657,0,val
R02658,0,test
R02659,0,train
R02660,0,train
R02661,0,train
R02662,1,train
R02663,0,train
R02664,1,train
R02665,0,train
R02666,1,train
R02667,0,train
R02668,0,train
R02669,0,val
R02670,0,val
R02671,0,train
R02672,0,train
R02673,1,train
R02674,0,train
R02675,0,train
R02676,0,train
R02677,0,train
R02678,0,test
R02679,0,train
R02680,0,val
R02681,0,train
R02682,0,test
R02683,1,train
R02684,0,val
R02685,0,train
R02686,0,val
R02687,0,train
R02688,0,train
R02689,0,train
R02690,0,train
R02691,0,train
R02692,0,test
R02693,0,test
R02694,0,train
R02695,0,train
R02696,0,test
R02697,0,train
R02698,0,train
R02699,0,val
R02700,0,train
R02701,0,val
R02702,0,val
R02703,0,train
R02704,0,train
R02705,0,train
R02706,0,train
R02707,0,train
R02708,0,train
R02709,0,test
R02710,0,train
R02711,0,train
R02712,0,val
R02713,0,train
R02714,0,test
R02715,0,val
R02716,0,train
R02717,0,train
R02718,0,train
R02719,0,test
R02720,0,train
R02721,0,train
R02722,0,train
R02723,0,train
R02724,0,train
R02725,0,train
R02726,0,train
R02727,0,train
R02728,0,val
R02729,0,train
R02730,0,train
R02731,0,train
R02732,0,train
R02733,0,test
R02734,0,train
R02735,0,train
R02736,0,val
R02737,0,val
R02738,0,test
R02739,0,test
R02740,0,test
R02741,0,train
R02742,0,val
R02743,0,train
R02744,1,train
R02745,0,train
R02746,0,test
R02747,0,test
R02748,0,train
R02749,0,train
R02750,0,test
R02751,0,train
R02752,0,train
R02753,0,train
R02754,0,train
R02755,0,test
R02756,0,test
R02757,0,test
R02758,0,train
R02759,1,train
R02760,0,train
R02761,0,train
R02762,1,train
R02763,0,train
R02764,0,train
R02765,0,train
R02766,0,train
R02767,0,train
R02768,0,train
R02769,1,train
R02770,0,train
R02771,0,train
R02772,0,train
R02773,0,val
R02774,0,train
R02775,0,train
R02776,0,train
R02777,0,train
R02778,0,train
R02779,1,train
R02780,0,test
R02781,0,train
R02782,0,test
R02783,0,train
R02784,1,train
R02785,0,train
R02786,0,train
R02787,0,train
R02788,0,train
R02789,0,train
R02790,0,train
R02791,1,train
R02792,0,train
R02793,0,test
R02794,0,train
R02795,0,val
R02796,0,train
R02797,1,val
R02798,0,train
R02799,0,train
R02800,0,train
R02801,0,train
R02802,1,train
R02803,0,val
R02804,0,train
R02805,0,train
R02806,0,train
R02807,0,train
R02808,0,train
R02809,1,train
R02810,0,train
R02811,0,test
R02812,0,test
R02813,1,test
R02814,0,train
R02815,0,train
R02816,0,train
R02817,0,test
R02818,0,test
R02819,0,train
R02820,0,train
R02821,0,train
R02822,0,train
R02823,1,train
R02824,0,train
R02825,0,train
R02826,0,train
R02827,0,test
R02828,0,test
R02829,0,train
R02830,0,test
R02831,0,train
R02832,0,train
R02833,0,test
R02834,0,test
R02835,0,test
R02836,0,train
R02837,0,val
R02838,0,train
R02839,0,val
R02840,0,train
R02841,0,val
R02842,0,val
R02843,0,val
R02844,0,val
R02845,0,val
R02846,0,train
R02847,0,val
R02848,0,test
R02849,0,test
R02850,0,train
R02851,0,train
R02852,0,test
R02853,0,train
R02854,0,val
R02855,0,train
R02856,1,test
R02857,0,val
R02858,1,train
R02859,0,train
R02860,0,val
R02861,0,train
R02862,0,train
R02863,0,val
R02864,0,train
R02865,0,train
R02866,0,test
R02867,0,val
R02868,0,val
R02869,0,test
R02870,0,train
R02871,0,train
R02872,0,train
R02873,0,val
R02874,0,train
R02875,0,train
R02876,0,test
R02877,0,test
R02878,1,val
R02879,0,train
R02880,0,val
R02881,0,train
R02882,0,train
R02883,0,train
R02884,0,val
R02885,0,test
R02886,0,train
R02887,0,train
R02888,0,test
R02889,0,train
R02890,0,test
R02891,0,val
R02892,0,train
R02893,0,train
R02894,1,train
R02895,0,val
R02896,1,train
R02897,0,train
R02898,0,train
R02899,0,train
R02900,0,train
R02901,0,train
R02902,0,val
R02903,0,train
R02904,0,train
R02905,0,test
R02906,0,train
R02907,0,train
R02908,0,train
R02909,0,train
R02910,0,test
R02911,0,test
R02912,0,train
R02913,0,train
R02914,0,train
R02915,0,train
R02916,0,test
R02917,0,train
R02918,0,train
R02919,0,train
R02920,0,train
R02921,0,train
R02922,0,train
R02923,0,train
R02924,0,test
R02925,0,train
R02926,0,train
R02927,0,train
R02928,0,train
R02929,0,train
R02930,0,train
R02931,0,train
R02932,0,val
R02933,0,train
R02934,1,test
R02935,0,train
R02936,0,train
R02937,1,train
R02938,0,train
R02939,0,train
R02940,0,train
R02941,0,train
R02942,0,train
R02943,0,train
R02944,0,test
R02945,0,test
R02946,0,test
R02947,0,train
R02948,0,val
R02949,0,train
R02950,0,val
R02951,0,train
R02952,0,train
R02953,1,val
R02954,0,train
R02955,0,train
R02956,0,val
R02957,0,train
R02958,0,train
R02959,0,train
R02960,0,train
R02961,0,val
R02962,0,test
R02963,0,train
R02964,0,train
R02965,0,train
R02966,0,val
R02967,0,train
R02968,0,train
R02969,0,val
R02970,0,train
R02971,0,train
R02972,0,test
R02973,0,val
R02974,0,train
R02975,0,test
R02976,0,val
R02977,0,train
R02978,0,val
R02979,0,train
R02980,0,train
R02981,1,train
R02982,0,test
R02983,0,train
R02984,0,train
R02985,0,train
R02986,0,test
R02987,0,train
R02988,0,train
R02989,0,train
R02990,0,test
R02991,0,train
R02992,0,train
R02993,0,train
R02994,0,train
R02995,0,val
R02996,0,train
R02997,0,train
R02998,0,train
R02999,0,val
R03000,0,train
R03001,0,val
R03002,0,train
R03003,0,train
R03004,0,train
R03005,0,train
R03006,0,train
R03007,0,train
R03008,0,train
R03009,0,train
R03010,0,train
R03011,0,train
R03012,0,test
R03013,0,val
R03014,0,train
R03015,0,val
R03016,0,train
R03017,0,train
R03018,0,train
R03019,0,train
R03020,0,train
R03021,0,val
R03022,0,train
R03023,0,train
R03024,0,train
R03025,0,train
R03026,0,test
R03027,0,train
R03028,1,train
R03029,0,train
R03030,0,train
R03031,0,train
R03032,0,train
R03033,0,train
R03034,0,train
R03035,0,train
R03036,0,train
R03037,0,train
R03038,0,train
R03039,0,train
R03040,0,test
R03041,0,test
R03042,0,train
R03043,0,val
R03044,0,train
R03045,0,train
R03046,0,train
R03047,0,train
R03048,0,train
R03049,0,train
R03050,0,train
R03051,0,train
R03052,0,train
R03053,0,test
R03054,0,train
R03055,1,train
R03056,0,test
R03057,0,train
R03058,0,val
R03059,0,train
R03060,0,train
R03061,0,test
R03062,0,train
R03063,0,val
R03064,0,train
R03065,0,train
R03066,0,test
R03067,0,train
R03068,0,train
R03069,0,train
R03070,0,train
R03071,0,train
R03072,0,test
R03073,0,train
R03074,0,train
R03075,0,train
R03076,0,train
R03077,0,train
R03078,0,train
R03079,0,test
R03080,0,train
R03081,0,train
R03082,0,val
R03083,1,val
R03084,0,train
R03085,0,train
R03086,0,train
R03087,0,test
R03088,1,train
R03089,0,train
R03090,0,train
R03091,0,train
R03092,0,train
R03093,0,train
R03094,0,train
R03095,0,train
R03096,0,train
R03097,0,test
R03098,0,train
R03099,0,train
R03100,0,test
R03101,0,val
R03102,0,train
R03103,1,train
R03104,0,val
R03105,0,train
R03106,0,train
R03107,0,train
R03108,0,train
R03109,0,test
R03110,0,train
R03111,0,train
R03112,0,train
R03113,0,val
R03114,0,train
R03115,0,val
R03116,0,train
R03117,0,train
R03118,0,val
R03119,0,test
R03120,0,train
R03121,1,val
R03122,0,train
R03123,0,train
R03124,0,train
R03125,0,train
R03126,0,train
R03127,0,train
R03128,0,train
R03129,0,train
R03130,0,train
R03131,0,train
R03132,0,val
R03133,0,train
R03134,0,train
R03135,0,test
R03136,0,train
R03137,0,val
R03138,0,train
R03139,0,train
R03140,0,test
R03141,0,train
R03142,0,train
R03143,0,train
R03144,0,train
R03145,1,train
R03146,0,val
R03147,0,train
R03148,0,train
R03149,0,train
R03150,0,train
R03151,0,val
R03152,0,train
R03153,0,train
R03154,0,train
R03155,0,test
R03156,0,train
R03157,0,train
R03158,0,train
R03159,0,train
R03160,0,train
R03161,0,train
R03162,0,train
R03163,0,train
R03164,0,test
R03165,0,train
R03166,0,train
R03167,0,train
R03168,0,train
R03169,0,train
R03170,0,train
R03171,1,train
R03172,0,train
R03173,0,train
R03174,0,train
R03175,0,train
R03176,0,train
R03177,0,test
R03178,0,train
R03179,0,test
R03180,0,train
R03181,0,train
R03182,0,train
R03183,0,train
R03184,0,test
R03185,0,train
R03186,1,test
R03187,0,test
R03188,0,train
R03189,0,train
R03190,0,val
R03191,0,train
R03192,0,test
R03193,0,train
R03194,0,val
R03195,0,train
R03196,0,val
R03197,0,val
R03198,0,train
R03199,0,train
R03200,0,train
R03201,0,train
R03202,0,val
R03203,0,train
R03204,0,train
R03205,0,train
R03206,0,test
R03207,0,train
R03208,1,train
R03209,0,train
R03210,0,test
R03211,0,train
R03212,0,train
R03213,0,train
R03214,0,val
R03215,0,train
R03216,0,train
R03217,1,train
R03218,0,train
R03219,0,train
R03220,0,val
R03221,0,train
R03222,0,train
R03223,0,train
R03224,0,train
R03225,0,train
R03226,0,train
R03227,0,train
R03228,0,train
R03229,0,test
R03230,0,train
R03231,0,val
R03232,0,test
R03233,0,val
R03234,0,test
R03235,1,train
R03236,1,train
R03237,0,train
R03238,0,test
R03239,0,train
R03240,0,train
R03241,1,test
R03242,0,val
R03243,0,train
R03244,1,val
R03245,0,train
R03246,0,train
R03247,0,train
R03248,0,train
R03249,0,train
R03250,0,test
R03251,0,val
R03252,0,train
R03253,0,train
R03254,0,train
R03255,0,train
R03256,0,val
R03257,0,val
R03258,0,train
R03259,0,train
R03260,0,train
R03261,0,train
R03262,0,train
R03263,0,val
R03264,0,test
R03265,0,train
R03266,0,train
R03267,0,train
R03268,0,train
R03269,1,val
R03270,0,train
R03271,0,train
R03272,0,train
R03273,1,train
R03274,1,train
R03275,0,train
R03276,0,train
R03277,0,val
R03278,0,train
R03279,0,test
R03280,0,train
R03281,0,train
R03282,0,train
R03283,0,val
R03284,0,train
R03285,0,train
R03286,0,val
R03287,0,train
R03288,0,val
R03289,0,train
R03290,0,train
R03291,0,train
R03292,0,train
R03293,0,train
R03294,0,train
R03295,0,train
R03296,1,train
R03297,0,train
R03298,0,train
R03299,0,train
R03300,0,val
R03301,0,train
R03302,0,train
R03303,1,train
R03304,0,train
R03305,0,test
R03306,0,train
R03307,0,val
R03308,0,val
R03309,1,train
R03310,0,train
R03311,0,val
R03312,0,train
R03313,0,test
R03314,0,train
R03315,0,train
R03316,0,train
R03317,0,train
R03318,0,train
R03319,0,test
R03320,0,train
R03321,0,val
R03322,0,train
R03323,0,train
R03324,0,train
R03325,0,train
R03326,0,train
R03327,0,train
R03328,0,train
R03329,0,test
R03330,0,train
R03331,0,test
R03332,0,train
R03333,0,train
R03334,0,train
R03335,0,train
R03336,0,train
R03337,0,test
R03338,0,train
R03339,0,train
R03340,0,val
R03341,0,train
R03342,0,train
R03343,0,train
R03344,0,train
R03345,0,val
R03346,0,train
R03347,0,test
R03348,0,train
R03349,0,train
R03350,0,train
R03351,0,train
R03352,0,train
R03353,0,train
R03354,0,train
R03355,0,val
R03356,0,train
R03357,0,train
R03358,0,train
R03359,0,train
R03360,1,train
R03361,0,test
R03362,0,train
R03363,0,train
R03364,0,train
R03365,0,test
R03366,0,train
R03367,0,train
R03368,0,train
R03369,0,train
R03370,0,train
R03371,0,val
R03372,0,train
R03373,0,train
R03374,0,train
R03375,0,train
R03376,0,train
R03377,0,train
R03378,0,train
R03379,0,train
R03380,0,test
R03381,0,val
R03382,0,train
R03383,0,train
R03384,0,train
R03385,0,train
R03386,0,train
R03387,0,test
R03388,1,test
R03389,0,train
R03390,0,train
R03391,0,train
R03392,0,train
R03393,0,test
R03394,0,train
R03395,0,train
R03396,0,train
R03397,0,train
R03398,0,train
R03399,0,train
R03400,0,test
R03401,0,train
R03402,0,train
R03403,0,train
R03404,0,train
R03405,0,train
R03406,0,val
R03407,0,train
R03408,0,val
R03409,0,train
R03410,0,train
R03411,0,train
R03412,0,val
R03413,0,test
R03414,0,train
R03415,0,train
R03416,0,train
R03417,0,train
R03418,0,test
R03419,0,train
R03420,0,val
R03421,0,train
R03422,0,train
R03423,0,train
R03424,0,test
R03425,0,train
R03426,0,train
R03427,0,train
R03428,0,train
R03429,0,train
R03430,0,train
R03431,0,val
R03432,0,test
R03433,0,test
R03434,0,train
R03435,0,val
R03436,0,train
R03437,0,train
R03438,0,train
R03439,0,train
R03440,0,train
R03441,0,train
R03442,0,train
R03443,0,train
R03444,0,train
R03445,0,val
R03446,0,train
R03447,0,test
R03448,0,train
R03449,0,train
R03450,0,train
R03451,0,test
R03452,0,train
R03453,0,train
R03454,0,train
R03455,0,val
R03456,0,train
R03457,0,test
R03458,0,train
R03459,0,test
R03460,0,train
R03461,1,test
R03462,0,train
R03463,0,train
R03464,0,train
R03465,1,test
R03466,0,train
R03467,0,val
R03468,1,train
R03469,0,train
R03470,0,train
R03471,0,train
R03472,0,train
R03473,0,train
R03474,0,val
R03475,0,train
R03476,1,train
R03477,0,train
R03478,0,train
R03479,0,train
R03480,0,train
R03481,0,train
R03482,0,test
R03483,0,train
R03484,0,train
R03485,0,train
R03486,0,train
R03487,0,train
R03488,1,train
R03489,0,train
R03490,0,train
R03491,0,val
R03492,0,train
R03493,0,train
R03494,0,test
R03495,0,test
R03496,0,val
R03497,0,train
R03498,0,train
R03499,0,train
R03500,0,val
R03501,0,train
R03502,0,train
R03503,0,test
R03504,0,train
R03505,0,val
R03506,1,train
R03507,0,val
R03508,1,val
R03509,1,train
R03510,0,train
R03511,0,train
R03512,0,train
R03513,0,train
R03514,0,train
R03515,0,test
R03516,0,train
R03517,1,train
R03518,0,train
R03519,0,train
R03520,0,train
R03521,0,train
R03522,0,val
R03523,0,val
R03524,0,test
R03525,0,train
R03526,0,train
R03527,0,val
R03528,0,train
R03529,0,test
R03530,0,train
R03531,0,test
R03532,0,train
R03533,0,val
R03534,0,train
R03535,0,test
R03536,0,train
R03537,0,train
R03538,0,train
R03539,0,train
R03540,0,train
R03541,0,val
R03542,0,test
R03543,0,val
R03544,1,train
R03545,0,train
R03546,0,train
R03547,0,train
R03548,0,train
R03549,0,test
R03550,0,train
R03551,0,train
R03552,0,test
R03553,0,train
R03554,0,train
R03555,0,train
R03556,1,train
R03557,0,val
R03558,0,test
R03559,0,train
R03560,0,val
R03561,0,train
R03562,0,train
R03563,0,val
R03564,0,train
R03565,0,val
R03566,0,train
R03567,0,train
R03568,0,test
R03569,0,train
R03570,0,val
R03571,1,train
R03572,0,train
R03573,0,val
R03574,0,train
R03575,0,train
R03576,0,train
R03577,0,val
R03578,0,train
R03579,0,train
R03580,0,train
R03581,0,val
R03582,0,train
R03583,0,train
R03584,0,train
R03585,0,train
R03586,0,train
R03587,0,train
R03588,0,val
R03589,0,train
R03590,0,val
R03591,0,train
R03592,0,val
R03593,0,val
R03594,0,train
R03595,0,train
R03596,0,train
R03597,1,train
R03598,0,train
R03599,0,train
R03600,0,test
R03601,1,train
R03602,0,test
R03603,0,train
R03604,0,train
R03605,0,train
R03606,0,val
R03607,0,train
R03608,0,train
R03609,0,train
R03610,0,train
R03611,0,test
R03612,0,train
R03613,0,train
R03614,0,train
R03615,0,train
R03616,0,train
R03617,0,val
R03618,0,train
R03619,0,train
R03620,0,test
R03621,0,test
R03622,0,train
R03623,0,test
R03624,0,val
R03625,0,test
R03626,1,test
R03627,0,train
R03628,0,train
R03629,0,val
R03630,0,test
R03631,0,val
R03632,0,train
R03633,0,train
R03634,0,train
R03635,0,test
R03636,0,train
R03637,0,train
R03638,0,test
R03639,0,val
R03640,1,train
R03641,0,train
R03642,0,train
R03643,0,train
R03644,0,train
R03645,0,train
R03646,0,train
R03647,0,train
R03648,0,val
R03649,0,train
R03650,0,train
R03651,0,train
R03652,0,test
R03653,0,train
R03654,0,train
R03655,0,train
R03656,0,test
R03657,0,train
R03658,0,train
R03659,0,train
R03660,0,train
R03661,0,test
R03662,0,train
R03663,0,train
R03664,0,val
R03665,0,val
R03666,1,train
R03667,1,train
R03668,0,train
R03669,0,train
R03670,0,train
R03671,0,train
R03672,0,test
R03673,0,train
R03674,0,test
R03675,0,train
R03676,0,train
R03677,0,test
R03678,0,train
R03679,0,test
R03680,0,train
R03681,0,train
R03682,0,train
R03683,0,test
R03684,0,val
R03685,0,train
R03686,0,train
R03687,0,val
R03688,0,train
R03689,0,train
R03690,0,train
R03691,0,train
R03692,0,test
R03693,0,train
R03694,0,train
R03695,0,train
R03696,0,train
R03697,0,train
R03698,0,train
R03699,0,val
R03700,0,test
R03701,0,train
R03702,0,test
R03703,1,train
R03704,0,train
R03705,0,val
R03706,0,train
R03707,0,train
R03708,0,train
R03709,0,train
R03710,0,train
R03711,0,val
R03712,0,train
R03713,0,val
R03714,0,val
R03715,0,train
R03716,0,test
R03717,0,train
R03718,0,val
R03719,0,train
R03720,0,train
R03721,0,train
R03722,0,train
R03723,0,train
R03724,0,val
R03725,0,train
R03726,0,train
R03727,0,train
R03728,0,train
R03729,0,test
R03730,1,train
R03731,1,train
R03732,0,train
R03733,0,train
R03734,0,train
R03735,0,val
R03736,0,train
R03737,0,train
R03738,0,train
R03739,0,train
R03740,0,test
R03741,1,val
R03742,0,train
R03743,0,train
R03744,0,train
R03745,0,train
R03746,0,val
R03747,0,train
R03748,0,train
R03749,0,train
R03750,0,train
R03751,0,train
R03752,0,val
R03753,1,train
R03754,0,train
R03755,0,train
R03756,0,val
R03757,0,train
R03758,0,val
R03759,0,train
R03760,0,train
R03761,0,train
R03762,1,test
R03763,0,test
R03764,0,train
R03765,0,val
R03766,0,train
R03767,0,test
R03768,0,train
R03769,0,test
R03770,0,train
R03771,0,train
R03772,0,train
R03773,0,train
R03774,0,train
R03775,0,train
R03776,0,val
R03777,1,val
R03778,0,train
R03779,0,train
R03780,0,train
R03781,0,test
R03782,1,test
R03783,0,train
R03784,0,train
R03785,0,test
R03786,0,train
R03787,0,train
R03788,0,val
R03789,0,train
R03790,1,train
R03791,0,train
R03792,0,test
R03793,0,train
R03794,0,train
R03795,0,train
R03796,0,train
R03797,0,train
R03798,0,train
R03799,0,train
R03800,0,train
R03801,0,train
R03802,0,val
R03803,0,train
R03804,0,train
R03805,0,test
R03806,0,train
R03807,0,train
R03808,0,train
R03809,0,train
R03810,0,train
R03811,0,train
R03812,1,train
R03813,0,val
R03814,0,train
R03815,0,train
R03816,0,test
R03817,0,train
R03818,0,train
R03819,0,train
R03820,0,train
R03821,0,test
R03822,1,train
R03823,0,train
R03824,0,train
R03825,0,train
R03826,0,val
R03827,0,val
R03828,0,test
R03829,0,val
R03830,0,train
R03831,0,train
R03832,0,train
R03833,0,val
R03834,1,val
R03835,0,train
R03836,0,train
R03837,0,train
R03838,0,train
R03839,0,train
R03840,0,val
R03841,0,test
R03842,0,train
R03843,0,train
R03844,0,test
R03845,0,train
R03846,0,val
R03847,0,val
R03848,0,test
R03849,0,val
R03850,0,test
R03851,0,train
R03852,0,train
R03853,0,train
R03854,0,train
R03855,0,train
R03856,0,train
R03857,0,train
R03858,0,test
R03859,0,train
R03860,0,train
R03861,0,test
R03862,0,train
R03863,0,test
R03864,0,train
R03865,0,train
R03866,1,val
R03867,0,val
R03868,0,test
R03869,0,train
R03870,0,train
R03871,0,train
R03872,0,val
R03873,0,train
R03874,0,test
R03875,0,train
R03876,0,train
R03877,0,test
R03878,0,train
R03879,0,train
R03880,0,train
R03881,0,test
R03882,0,val
R03883,0,train
R03884,0,train
R03885,0,test
R03886,0,test
R03887,0,train
R03888,0,test
R03889,0,train
R03890,0,train
R03891,0,train
R03892,0,train
R03893,0,train
R03894,0,train
R03895,0,val
R03896,0,train
R03897,0,train
R03898,0,train
R03899,0,val
R03900,0,train
R03901,0,train
R03902,0,train
R03903,0,train
R03904,0,val
R03905,0,test
R03906,0,train
R03907,0,test
R03908,0,train
R03909,0,test
R03910,0,train
R03911,0,val
R03912,0,train
R03913,0,train
R03914,0,train
R03915,0,train
R03916,0,train
R03917,1,val
R03918,0,val
R03919,0,train
R03920,0,train
R03921,0,train
R03922,0,train
R03923,0,test
R03924,0,train
R03925,0,test
R03926,0,train
R03927,0,test
R03928,0,train
R03929,0,train
R03930,0,train
R03931,0,train
R03932,0,train
R03933,0,test
R03934,0,train
R03935,0,train
R03936,0,train
R03937,0,test
R03938,0,train
R03939,0,train
R03940,0,train
R03941,0,train
R03942,0,train
R03943,0,val
R03944,0,train
R03945,0,train
R03946,0,train
R03947,0,train
R03948,0,train
R03949,0,val
R03950,1,test
R03951,0,test
R03952,0,train
R03953,0,train
R03954,0,test
R03955,0,train
R03956,0,val
R03957,0,train
R03958,0,train
R03959,0,test
R03960,0,train
R03961,0,test
R03962,0,val
R03963,0,test
R03964,0,train
R03965,0,test
R03966,0,train
R03967,0,train
R03968,0,train
R03969,0,val
R03970,0,train
R03971,0,val
R03972,0,test
R03973,0,train
R03974,1,val
R03975,0,train
R03976,0,train
R03977,0,train
R03978,0,train
R03979,0,test
R03980,0,train
R03981,0,train
R03982,0,val
R03983,0,train
R03984,0,train
R03985,0,val
R03986,0,train
R03987,0,train
R03988,0,val
R03989,0,train
R03990,0,train
R03991,0,train
R03992,0,val
R03993,0,train
R03994,0,train
R03995,0,train
R03996,0,train
R03997,0,val
R03998,0,train
R03999,1,train
R04000,0,test
R04001,0,val
R04002,1,val
R04003,0,train
R04004,0,train
R04005,0,test
R04006,0,test
R04007,0,train
R04008,0,train
R04009,0,val
R04010,0,train
R04011,0,train
R04012,0,train
R04013,0,train
R04014,0,train
R04015,0,train
R04016,0,train
R04017,0,val
R04018,0,train
R04019,0,val
R04020,0,train
R04021,0,test
R04022,0,train
R04023,0,test
R04024,0,train
R04025,0,train
R04026,0,train
R04027,1,val
R04028,0,train
R04029,0,train
R04030,0,train
R04031,0,train
R04032,0,train
R04033,0,train
R04034,0,train
R04035,0,train
R04036,0,train
R04037,1,train
R04038,0,train
R04039,0,train
R04040,0,train
R04041,0,train
R04042,0,test
R04043,0,train
R04044,0,train
R04045,0,train
R04046,0,train
R04047,0,train
R04048,0,train
R04049,0,val
R04050,0,train
R04051,0,val
R04052,0,train
R04053,1,train
R04054,0,val
R04055,0,val
R04056,0,test
R04057,0,train
R04058,0,val
R04059,0,val
R04060,0,train
R04061,0,train
R04062,0,val
R04063,0,train
R04064,0,test
R04065,0,test
R04066,0,test
R04067,0,train
R04068,1,test
R04069,0,train
R04070,0,val
R04071,0,val
R04072,1,train
R04073,0,train
R04074,0,train
R04075,0,train
R04076,0,train
R04077,0,train
R04078,0,train
R04079,0,train
R04080,0,train
R04081,0,train
R04082,0,train
R04083,0,val
R04084,0,test
R04085,0,train
R04086,0,test
R04087,0,val
R04088,0,train
R04089,0,train
R04090,0,train
R04091,0,train
R04092,0,train
R04093,0,train
R04094,0,train
R04095,0,val
R04096,0,train
R04097,0,train
R04098,0,train
R04099,0,val
R04100,0,train
R04101,0,train
R04102,0,train
R04103,0,val
R04104,0,train
R04105,1,train
R04106,0,test
R04107,0,train
R04108,0,val
R04109,0,train
R04110,0,train
R04111,0,val
R04112,0,train
R04113,0,test
R04114,0,train
R04115,0,val
R04116,0,train
R04117,0,train
R04118,0,val
R04119,0,test
R04120,0,val
R04121,0,train
R04122,0,test
R04123,0,train
R04124,0,train
R04125,0,test
R04126,0,train
R04127,0,test
R04128,0,test
R04129,0,train
R04130,0,train
R04131,0,train
R04132,0,val
R04133,0,test
R04134,0,train
R04135,0,train
R04136,0,train
R04137,0,train
R04138,0,test
R04139,0,test
R04140,0,train
R04141,0,val
R04142,0,train
R04143,0,train
R04144,0,train
R04145,1,train
R04146,0,train
R04147,0,train
R04148,0,train
R04149,0,train
R04150,0,train
R04151,0,val
R04152,0,train
R04153,0,val
R04154,1,val
R04155,0,train
R04156,0,val
R04157,0,test
R04158,0,train
R04159,1,train
R04160,0,train
R04161,0,test
R04162,0,train
R04163,0,test
R04164,0,train
R04165,0,train
R04166,0,train
R04167,0,train
R04168,0,val
R04169,1,train
R04170,0,train
R04171,0,train
R04172,0,val
R04173,0,train
R04174,0,train
R04175,0,train
R04176,0,train
R04177,0,train
R04178,1,test
R04179,0,train
R04180,0,train
R04181,0,train
R04182,0,train
R04183,0,train
R04184,0,val
R04185,0,train
R04186,0,train
R04187,0,val
R04188,0,train
R04189,0,train
R04190,0,train
R04191,0,test
R04192,0,train
R04193,0,val
R04194,1,train
R04195,0,train
R04196,0,train
R04197,0,train
R04198,0,train
R04199,0,train
R04200,0,train
R04201,0,train
R04202,0,train
R04203,0,val
R04204,0,train
R04205,0,val
R04206,0,test
R04207,0,train
R04208,0,train
R04209,0,test
R04210,0,train
R04211,0,val
R04212,1,train
R04213,0,train
R04214,0,train
R04215,1,train
R04216,0,train
R04217,0,train
R04218,0,train
R04219,0,train
R04220,0,train
R04221,0,test
R04222,0,train
R04223,0,train
R04224,0,test
R04225,0,val
R04226,0,val
R04227,0,test
R04228,0,train
R04229,0,test
R04230,0,train
R04231,0,train
R04232,0,train
R04233,0,test
R04234,1,train
R04235,0,train
R04236,0,train
R04237,0,val
R04238,0,test
R04239,0,train
R04240,0,train
R04241,0,train
R04242,0,test
R04243,1,train
R04244,1,train
R04245,0,test
R04246,0,train
R04247,0,train
R04248,0,train
R04249,0,train
R04250,0,train
R04251,1,val
R04252,0,train
R04253,0,train
R04254,0,train
R04255,0,test
R04256,0,test
R04257,0,train
R04258,0,train
R04259,0,val
R04260,0,train
R04261,0,test
R04262,0,train
R04263,0,test
R04264,0,train
R04265,0,test
R04266,0,train
R04267,0,train
R04268,0,train
R04269,0,train
R04270,0,train
R04271,0,train
R04272,0,val
R04273,0,val
R04274,0,train
R04275,0,val
R04276,0,val
R04277,0,train
R04278,0,val
R04279,0,train
R04280,0,train
R04281,0,train
R04282,0,train
R04283,0,train
R04284,0,test
R04285,0,train
R04286,0,train
R04287,0,train
R04288,0,val
R04289,1,train
R04290,0,train
R04291,0,train
R04292,0,train
R04293,0,train
R04294,0,train
R04295,0,test
R04296,1,train
R04297,0,train
R04298,0,val
R04299,0,train
R04300,0,test
R04301,0,val
R04302,0,train
R04303,0,train
R04304,0,train
R04305,0,train
R04306,0,train
R04307,0,train
R04308,0,train
R04309,0,train
R04310,0,train
R04311,0,train
R04312,1,train
R04313,0,val
R04314,0,train
R04315,0,val
R04316,0,train
R04317,0,train
R04318,0,train
R04319,0,train
R04320,0,train
R04321,0,train
R04322,0,train
R04323,1,train
R04324,0,train
R04325,0,val
R04326,0,train
R04327,0,train
R04328,0,train
R04329,0,val
R04330,0,train
R04331,0,train
R04332,0,val
R04333,0,train
R04334,0,test
R04335,0,test
R04336,0,train
R04337,0,train
R04338,0,test
R04339,0,train
R04340,0,train
R04341,0,test
R04342,0,val
R04343,1,train
R04344,0,train
R04345,0,train
R04346,0,train
R04347,0,train
R04348,0,val
R04349,0,train
R04350,0,train
R04351,0,val
R04352,0,train
R04353,0,train
R04354,0,train
R04355,0,test
R04356,0,train
R04357,0,train
R04358,0,train
R04359,0,train
R04360,0,train
R04361,0,train
R04362,1,test
R04363,0,val
R04364,1,train
R04365,0,val
R04366,0,train
R04367,0,train
R04368,0,train
R04369,0,test
R04370,0,train
R04371,0,val
R04372,0,val
R04373,0,train
R04374,0,val
R04375,0,train
R04376,0,train
R04377,0,train
R04378,0,train
R04379,0,train
R04380,0,train
R04381,0,train
R04382,0,train
R04383,0,train
R04384,0,train
R04385,0,train
R04386,0,train
R04387,0,test
R04388,0,train
R04389,0,train
R04390,0,train
R04391,0,train
R04392,0,test
R04393,0,train
R04394,0,train
R04395,0,train
R04396,0,train
R04397,0,train
R04398,0,test
R04399,0,train
R04400,0,train
R04401,0,train
R04402,0,train
R04403,0,train
R04404,0,train
R04405,0,test
R04406,0,train
R04407,0,val
R04408,0,train
R04409,0,val
R04410,0,train
R04411,0,train
R04412,0,train
R04413,0,train
R04414,0,train
R04415,0,test
R04416,0,test
R04417,1,train
R04418,0,train
R04419,0,train
R04420,0,train
R04421,1,train
R04422,0,train
R04423,1,train
R04424,0,test
R04425,0,val
R04426,0,train
R04427,0,train
R04428,0,train
R04429,0,train
R04430,0,val
R04431,0,train
R04432,0,train
R04433,0,train
R04434,0,val
R04435,0,test
R04436,0,train
R04437,0,val
R04438,0,train
R04439,0,train
R04440,0,val
R04441,0,train
R04442,0,train
R04443,1,train
R04444,0,train
R04445,0,train
R04446,0,train
R04447,0,train
R04448,0,train
R04449,0,train
R04450,0,train
R04451,0,train
R04452,0,train
R04453,0,train
R04454,0,test
R04455,0,test
R04456,0,test
R04457,1,train
R04458,0,train
R04459,0,val
R04460,0,val
R04461,0,train
R04462,0,test
R04463,0,train
R04464,0,train
R04465,0,val
R04466,0,test
R04467,0,train
R04468,0,train
R04469,0,test
R04470,0,train
R04471,0,val
R04472,0,test
R04473,0,train
R04474,0,train
R04475,0,test
R04476,0,train
R04477,0,train
R04478,0,test
R04479,0,train
R04480,0,val
R04481,0,train
R04482,0,train
R04483,0,train
R04484,0,train
R04485,0,val
R04486,0,train
R04487,0,train
R04488,0,train
R04489,0,val
R04490,0,val
R04491,0,train
R04492,0,val
R04493,0,train
R04494,0,train
R04495,0,train
R04496,0,train
R04497,0,val
R04498,0,test
R04499,0,test
R04500,0,test
R04501,0,val
R04502,0,train
R04503,0,test
R04504,0,val
R04505,0,test
R04506,0,train
R04507,0,val
R04508,0,train
R04509,0,train
R04510,0,train
R04511,0,train
R04512,0,train
R04513,0,train
R04514,0,train
R04515,0,train
R04516,0,train
R04517,0,train
R04518,0,test
R04519,0,train
R04520,0,train
R04521,0,train
R04522,0,test
R04523,0,train
R04524,0,train
R04525,0,test
R04526,0,val
R04527,0,train
R04528,0,val
R04529,0,test
R04530,0,train
R04531,0,test
R04532,0,test
R04533,0,train
R04534,0,train
R04535,1,train
R04536,1,train
R04537,0,val
R04538,0,train
R04539,0,train
R04540,0,train
R04541,0,train
R04542,0,train
R04543,0,train
R04544,0,val
R04545,0,train
R04546,0,train
R04547,0,train
R04548,0,train
R04549,0,train
R04550,0,train
R04551,0,train
R04552,0,train
R04553,0,train
R04554,0,train
R04555,0,val
R04556,0,val
R04557,0,train
R04558,0,train
R04559,0,train
R04560,0,train
R04561,0,train
R04562,0,test
R04563,0,test
R04564,0,train
R04565,0,train
R04566,0,train
R04567,0,train
R04568,0,train
R04569,0,train
R04570,0,train
R04571,0,test
R04572,0,val
R04573,0,train
R04574,0,val
R04575,0,val
R04576,0,train
R04577,0,test
R04578,0,train
R04579,0,train
R04580,0,train
R04581,0,train
R04582,0,train
R04583,0,train
R04584,1,train
R04585,0,train
R04586,0,test
R04587,0,train
R04588,0,train
R04589,1,train
R04590,0,val
R04591,0,train
R04592,0,test
R04593,0,train
R04594,0,train
R04595,0,train
R04596,0,train
R04597,0,train
R04598,0,train
R04599,0,test
R04600,0,val
R04601,0,train
R04602,0,train
R04603,0,test
R04604,0,test
R04605,0,test
R04606,1,train
R04607,0,train
R04608,0,test
R04609,0,train
R04610,0,test
R04611,0,train
R04612,0,train
R04613,0,train
R04614,0,test
R04615,0,val
R04616,1,train
R04617,0,val
R04618,0,train
R04619,0,train
R04620,0,train
R04621,0,train
R04622,1,train
R04623,0,train
R04624,0,val
R04625,0,train
R04626,0,train
R04627,0,train
R04628,0,test
R04629,0,val
R04630,0,train
R04631,0,train
R04632,0,val
R04633,0,val
R04634,0,train
R04635,0,train
R04636,0,train
R04637,0,val
R04638,0,train
R04639,0,test
R04640,0,train
R04641,0,train
R04642,0,train
R04643,0,test
R04644,0,test
R04645,0,train
R04646,0,val
R04647,0,train
R04648,0,train
R04649,0,val
R04650,0,train
R04651,0,train
R04652,0,test
R04653,0,train
R04654,0,train
R04655,0,test
R04656,0,test
R04657,1,train
R04658,0,train
R04659,0,train
R04660,0,train
R04661,0,val
R04662,0,val
R04663,0,val
R04664,0,test
R04665,0,train
R04666,0,val
R04667,0,train
R04668,0,val
R04669,0,train
R04670,0,test
R04671,0,train
R04672,0,train
R04673,0,train
R04674,0,train
R04675,0,train
R04676,0,train
R04677,0,val
R04678,0,train
R04679,0,train
R04680,0,train
R04681,0,train
R04682,0,train
R04683,0,train
R04684,0,test
R04685,0,train
R04686,0,train
R04687,0,train
R04688,0,train
R04689,0,val
R04690,0,train
R04691,0,train
R04692,0,train
R04693,0,train
R04694,0,train
R04695,0,train
R04696,0,train
R04697,0,train
R04698,1,train
R04699,0,train
R04700,0,train
R04701,0,train
R04702,0,train
R04703,0,train
R04704,0,val
R04705,0,val
R04706,0,train
R04707,0,train
R04708,0,train
R04709,0,train
R04710,0,train
R04711,0,train
R04712,0,train
R04713,1,test
R04714,1,train
R04715,0,train
R04716,0,train
R04717,0,val
R04718,0,test
R04719,0,train
R04720,0,train
R04721,1,train
R04722,0,val
R04723,0,val
R04724,0,train
R04725,0,val
R04726,0,train
R04727,0,test
R04728,0,train
R04729,1,train
R04730,0,train
R04731,1,val
R04732,0,test
R04733,0,train
R04734,0,train
R04735,0,train
R04736,0,train
R04737,0,test
R04738,0,val
R04739,0,train
R04740,0,train
R04741,0,test
R04742,0,train
R04743,0,train
R04744,0,train
R04745,0,train
R04746,0,train
R04747,0,train
R04748,0,train
R04749,0,val
R04750,0,test
R04751,0,train
R04752,0,train
R04753,0,test
R04754,0,train
R04755,0,train
R04756,0,train
R04757,0,train
R04758,0,train
R04759,0,train
R04760,0,train
R04761,1,train
R04762,0,val
R04763,0,train
R04764,0,train
R04765,0,train
R04766,0,train
R04767,0,train
R04768,0,train
R04769,0,train
R04770,0,train
R04771,0,train
R04772,0,train
R04773,1,train
R04774,0,train
R04775,0,train
R04776,0,val
R04777,0,train
R04778,0,train
R04779,0,train
R04780,0,train
R04781,0,val
R04782,0,train
R04783,0,train
R04784,0,train
R04785,0,train
R04786,0,val
R04787,0,train
R04788,0,train
R04789,1,train
R04790,0,train
R04791,0,train
R04792,0,test
R04793,0,val
R04794,0,train
R04795,0,train
R04796,0,val
R04797,0,train
R04798,0,train
R04799,0,test
R04800,0,val
R04801,0,train
R04802,0,val
R04803,0,train
R04804,0,train
R04805,0,train
R04806,0,val
R04807,0,train
R04808,0,train
R04809,0,train
R04810,0,train
R04811,0,train
R04812,0,train
R04813,0,val
R04814,0,train
R04815,0,train
R04816,0,test
R04817,0,test
R04818,0,train
R04819,0,train
R04820,0,train
R04821,0,train
R04822,0,train
R04823,0,train
R04824,0,train
R04825,0,train
R04826,0,train
R04827,0,train
R04828,0,train
R04829,0,train
R04830,0,train
R04831,0,train
R04832,0,train
R04833,0,train
R04834,0,train
R04835,0,train
R04836,0,train
R04837,0,train
R04838,0,train
R04839,0,train
R04840,0,train
R04841,0,train
R04842,0,test
R04843,1,val
R04844,0,test
R04845,0,train
R04846,0,val
R04847,0,val
R04848,0,test
R04849,0,train
R04850,0,train
R04851,0,train
R04852,0,test
R04853,0,train
R04854,0,test
R04855,0,val
R04856,0,train
R04857,0,train
R04858,0,train
R04859,0,train
R04860,0,train
R04861,0,test
R04862,0,val
R04863,0,train
R04864,0,test
R04865,0,train
R04866,0,train
R04867,0,test
R04868,0,train
R04869,0,test
R04870,0,test
R04871,0,train
R04872,0,train
R04873,0,test
R04874,0,train
R04875,0,val
R04876,0,train
R04877,0,train
R04878,0,train
R04879,0,train
R04880,0,train
R04881,1,train
R04882,0,train
R04883,0,train
R04884,0,test
R04885,0,train
R04886,0,test
R04887,0,test
R04888,0,train
R04889,0,train
R04890,0,train
R04891,0,train
R04892,0,train
R04893,0,val
R04894,0,train
R04895,0,train
R04896,1,train
R04897,0,val
R04898,0,train
R04899,0,train
R04900,0,train
R04901,0,val
R04902,0,train
R04903,0,train
R04904,0,train
R04905,0,train
R04906,0,train
R04907,0,train
R04908,0,val
R04909,0,train
R04910,0,train
R04911,1,train
R04912,0,train
R04913,0,train
R04914,0,test
R04915,0,test
R04916,0,val
R04917,0,train
R04918,0,val
R04919,0,val
R04920,0,train
R04921,0,train
R04922,0,train
R04923,0,val
R04924,0,train
R04925,0,train
R04926,0,train
R04927,1,train
R04928,0,train
R04929,0,val
R04930,0,train
R04931,0,train
R04932,0,val
R04933,0,test
R04934,0,train
R04935,0,train
R04936,0,train
R04937,0,train
R04938,0,train
R04939,0,val
R04940,0,test
R04941,0,train
R04942,1,train
R04943,0,val
R04944,0,train
R04945,1,test
R04946,0,train
R04947,0,val
R04948,0,train
R04949,0,train
R04950,0,test
R04951,0,train
R04952,0,train
R04953,0,train
R04954,0,test
R04955,0,train
R04956,0,train
R04957,0,train
R04958,0,train
R04959,0,train
R04960,0,train
R04961,1,train
R04962,0,train
R04963,0,train
R04964,0,train
R04965,0,train
R04966,0,val
R04967,0,train
R04968,0,test
R04969,0,train
R04970,0,val
R04971,0,train
R04972,0,train
R04973,0,train
R04974,0,val
R04975,0,train
R04976,0,train
R04977,1,train
R04978,1,test
R04979,0,train
R04980,0,train
R04981,0,train
R04982,0,train
R04983,0,train
R04984,0,train
R04985,0,train
R04986,0,test
R04987,0,train
R04988,0,train
R04989,0,train
R04990,0,train
R04991,0,train
R04992,0,train
R04993,0,val
R04994,1,test
R04995,0,train
R04996,0,test
R04997,0,val
R04998,0,train
R04999,0,train
R05000,0,train
R05001,0,train
R05002,0,train
R05003,1,train
R05004,0,train
R05005,0,train
R05006,0,test
R05007,0,val
R05008,0,test
R05009,0,train
R05010,0,train
R05011,0,test
R05012,0,test
R05013,0,val
R05014,1,val
R05015,0,train
R05016,0,val
R05017,0,test
R05018,0,test
R05019,0,val
R05020,0,train
R05021,0,train
R05022,0,train
R05023,0,train
R05024,0,train
R05025,0,train
R05026,0,val
R05027,0,train
R05028,1,train
R05029,0,test
R05030,0,train
R05031,0,train
R05032,1,train
R05033,0,train
R05034,0,val
R05035,0,train
R05036,0,train
R05037,0,train
R05038,0,train
R05039,1,test
R05040,0,test
R05041,0,test
R05042,0,train
R05043,0,train
R05044,0,train
R05045,0,train
R05046,0,train
R05047,0,train
R05048,0,val
R05049,0,train
R05050,0,val
R05051,0,train
R05052,0,train
R05053,0,val
R05054,0,train
R05055,0,train
R05056,0,train
R05057,0,train
R05058,1,train
R05059,0,val
R05060,0,test
R05061,0,train
R05062,0,train
R05063,0,test
R05064,0,train
R05065,0,train
R05066,0,train
R05067,1,test
R05068,0,train
R05069,0,train
R05070,0,train
R05071,0,train
R05072,0,val
R05073,0,test
R05074,0,val
R05075,0,val
R05076,0,val
R05077,0,train
R05078,0,train
R05079,0,test
R05080,0,val
R05081,0,val
R05082,0,train
R05083,0,train
R05084,0,train
R05085,0,test
R05086,0,train
R05087,0,train
R05088,0,train
R05089,0,val
R05090,0,train
R05091,0,train
R05092,0,train
R05093,0,val
R05094,0,test
R05095,0,test
R05096,0,val
R05097,0,train
R05098,0,test
R05099,0,train
R05100,0,train
R05101,0,train
R05102,0,train
R05103,0,train
R05104,0,train
R05105,0,train
R05106,0,test
R05107,0,train
R05108,0,train
R05109,0,train
R05110,0,train
R05111,0,train
R05112,0,train
R05113,0,train
R05114,0,test
R05115,0,train
R05116,0,train
R05117,0,train
R05118,0,val
R05119,0,val
R05120,0,test
R05121,0,train
R05122,0,train
R05123,0,train
R05124,0,train
R05125,0,train
R05126,0,train
R05127,0,train
R05128,0,train
R05129,0,val
R05130,0,train
R05131,0,test
R05132,0,train
R05133,0,train
R05134,0,train
R05135,0,train
R05136,1,val
R05137,1,train
R05138,0,train
R05139,0,test
R05140,0,test
R05141,0,train
R05142,0,train
R05143,0,train
R05144,0,train
R05145,0,val
R05146,0,train
R05147,0,val
R05148,0,val
R05149,0,train
R05150,0,train
R05151,0,train
R05152,1,train
R05153,0,val
R05154,0,train
R05155,0,test
R05156,0,train
R05157,0,train
R05158,0,test
R05159,0,train
R05160,0,train
R05161,0,train
R05162,0,train
R05163,1,test
R05164,0,train
R05165,0,train
R05166,0,val
R05167,0,val
R05168,1,train
R05169,0,test
R05170,1,train
R05171,0,val
R05172,0,train
R05173,0,train
R05174,0,train
R05175,1,train
R05176,0,train
R05177,0,test
R05178,0,val
R05179,0,train
R05180,0,train
R05181,0,train
R05182,0,test
R05183,0,test
R05184,1,train
R05185,0,val
R05186,0,val
R05187,0,train
R05188,0,train
R05189,0,train
R05190,0,val
R05191,0,val
R05192,0,val
R05193,0,train
R05194,0,train
R05195,1,train
R05196,0,train
R05197,0,train
R05198,0,train
R05199,0,train
R05200,0,test
R05201,0,train
R05202,0,test
R05203,0,test
R05204,0,train
R05205,0,val
R05206,0,test
R05207,0,test
R05208,0,train
R05209,0,val
R05210,0,test
R05211,0,train
R05212,0,train
R05213,0,val
R05214,0,test
R05215,0,train
R05216,1,train
R05217,0,train
R05218,0,test
R05219,0,train
R05220,0,test
R05221,0,val
R05222,1,train
R05223,0,train
R05224,1,train
R05225,0,test
R05226,0,train
R05227,0,train
R05228,0,test
R05229,0,train
R05230,1,train
R05231,0,train
R05232,1,train
R05233,0,train
R05234,0,train
R05235,1,train
R05236,0,train
R05237,0,val
R05238,0,train
R05239,0,train
R05240,0,test
R05241,0,val
R05242,0,train
R05243,0,train
R05244,0,train
R05245,0,val
R05246,0,train
R05247,0,train
R05248,0,train
R05249,0,train
R05250,0,train
R05251,0,train
R05252,0,train
R05253,0,val
R05254,0,train
R05255,0,train
R05256,0,train
R05257,0,train
R05258,0,test
R05259,0,train
R05260,0,train
R05261,0,train
R05262,0,train
R05263,0,train
R05264,0,train
R05265,0,train
R05266,0,val
R05267,0,train
R05268,0,val
R05269,0,train
R05270,0,train
R05271,0,train
R05272,0,train
R05273,0,train
R05274,0,val
R05275,1,val
R05276,0,train
R05277,0,val
R05278,0,test
R05279,0,test
R05280,0,train
R05281,0,val
R05282,0,train
R05283,0,train
R05284,0,train
R05285,0,train
R05286,0,train
R05287,0,train
R05288,0,train
R05289,0,train
R05290,0,train
R05291,0,test
R05292,0,test
R05293,0,train
R05294,0,train
R05295,0,val
R05296,0,train
R05297,0,val
R05298,0,train
R05299,0,train
R05300,0,train
R05301,0,train
R05302,0,train
R05303,0,test
R05304,0,train
R05305,0,train
R05306,0,train
R05307,1,train
R05308,0,val
R05309,0,test
R05310,1,train
R05311,0,test
R05312,0,train
R05313,0,train
R05314,0,train
R05315,1,train
R05316,0,train
R05317,0,train
R05318,0,val
R05319,0,test
R05320,1,test
R05321,0,test
R05322,0,train
R05323,0,train
R05324,0,train
R05325,0,train
R05326,0,train
R05327,0,train
R05328,0,test
R05329,0,val
R05330,0,val
R05331,0,val
R05332,0,train
R05333,0,train
R05334,0,test
R05335,1,test
R05336,0,train
R05337,0,train
R05338,0,train
R05339,0,test
R05340,0,train
R05341,0,train
R05342,1,train
R05343,0,val
R05344,0,test
R05345,0,train
R05346,0,val
R05347,0,train
R05348,0,train
R05349,0,test
R05350,0,train
R05351,0,val
R05352,0,train
R05353,0,train
R05354,0,train
R05355,0,train
R05356,0,train
R05357,0,test
R05358,0,test
R05359,0,train
R05360,0,train
R05361,1,train
R05362,0,train
R05363,0,test
R05364,0,train
R05365,0,train
R05366,0,train
R05367,0,train
R05368,0,train
R05369,1,val
R05370,0,train
R05371,0,train
R05372,0,train
R05373,0,train
R05374,0,test
R05375,0,train
R05376,0,train
R05377,0,train
R05378,1,train
R05379,0,test
R05380,0,train
R05381,0,train
R05382,0,val
R05383,0,train
R05384,0,train
R05385,0,val
R05386,0,train
R05387,0,train
R05388,0,train
R05389,0,train
R05390,0,train
R05391,0,test
R05392,0,train
R05393,0,train
R05394,0,test
R05395,1,test
R05396,0,test
R05397,0,train
R05398,0,train
R05399,0,val
R05400,0,train
R05401,0,train
R05402,0,train
R05403,0,train
R05404,0,train
R05405,0,train
R05406,0,test
R05407,0,test
R05408,0,train
R05409,1,train
R05410,0,test
R05411,0,train
R05412,0,train
R05413,0,train
R05414,0,train
R05415,0,train
R05416,0,train
R05417,0,val
R05418,0,train
R05419,0,train
R05420,0,train
R05421,0,train
R05422,0,train
R05423,0,train
R05424,0,train
R05425,0,train
R05426,0,val
R05427,1,train
R05428,0,train
R05429,0,val
R05430,0,train
R05431,0,train
R05432,0,train
R05433,0,val
R05434,0,test
R05435,0,train
R05436,0,val
R05437,0,val
R05438,0,val
R05439,0,test
R05440,1,train
R05441,0,train
R05442,1,train
R05443,0,train
R05444,0,val
R05445,0,train
R05446,0,train
R05447,0,train
R05448,0,test
R05449,0,train
R05450,0,train
R05451,0,test
R05452,0,train
R05453,0,val
R05454,0,train
R05455,0,test
R05456,1,train
R05457,0,train
R05458,0,train
R05459,0,train
R05460,0,train
R05461,0,train
R05462,0,train
R05463,0,train
R05464,0,test
R05465,0,train
R05466,0,train
R05467,0,train
R05468,0,train
R05469,0,train
R05470,0,train
R05471,0,val
R05472,0,test
R05473,0,train
R05474,0,train
R05475,0,train
R05476,0,train
R05477,0,test
R05478,0,train
R05479,0,train
R05480,0,train
R05481,1,train
R05482,0,train
R05483,0,test
R05484,0,train
R05485,0,train
R05486,0,train
R05487,0,train
R05488,0,train
R05489,0,train
R05490,0,train
R05491,0,train
R05492,0,train
R05493,0,train
R05494,0,train
R05495,0,train
R05496,0,val
R05497,0,train
R05498,0,train
R05499,0,test
R05500,0,train
R05501,0,train
R05502,0,train
R05503,0,val
R05504,0,train
R05505,0,train
R05506,0,train
R05507,0,train
R05508,1,train
R05509,0,train
R05510,0,train
R05511,0,train
R05512,0,val
R05513,0,test
R05514,0,test
R05515,0,val
R05516,0,test
R05517,0,train
R05518,0,train
R05519,0,train
R05520,0,train
R05521,0,val
R05522,0,test
R05523,1,train
R05524,0,train
R05525,0,train
R05526,0,train
R05527,0,train
R05528,0,test
R05529,0,train
R05530,0,val
R05531,1,train
R05532,0,val
R05533,0,train
R05534,0,train
R05535,0,train
R05536,0,test
R05537,0,train
R05538,0,train
R05539,0,val
R05540,0,train
R05541,0,val
R05542,0,train
R05543,0,test
R05544,0,test
R05545,0,train
R05546,0,train
R05547,0,train
R05548,0,test
R05549,0,train
R05550,0,train
R05551,0,train
R05552,0,train
R05553,0,train
R05554,0,train
R05555,0,test
R05556,0,test
R05557,0,train
R05558,1,train
R05559,0,val
R05560,0,train
R05561,0,train
R05562,0,train
R05563,0,train
R05564,0,train
R05565,0,train
R05566,0,train
R05567,0,train
R05568,0,test
R05569,0,train
R05570,0,train
R05571,0,train
R05572,0,train
R05573,0,train
R05574,0,train
R05575,0,train
R05576,0,test
R05577,0,val
R05578,0,train
R05579,1,train
R05580,0,train
R05581,0,train
R05582,0,train
R05583,0,val
R05584,0,train
R05585,0,train
R05586,0,val
R05587,0,train
R05588,0,train
R05589,0,train
R05590,0,train
R05591,0,train
R05592,0,train
R05593,0,val
R05594,0,train
R05595,0,train
R05596,0,train
R05597,0,train
R05598,0,train
R05599,0,train
R05600,0,train
R05601,0,val
R05602,0,train
R05603,0,train
R05604,0,train
R05605,0,val
R05606,0,train
R05607,0,test
R05608,0,test
R05609,0,train
R05610,0,train
R05611,0,val
R05612,0,val
R05613,0,train
R05614,0,train
R05615,0,train
R05616,0,train
R05617,0,val
R05618,0,val
R05619,0,test
R05620,0,train
R05621,0,test
R05622,0,train
R05623,0,train
R05624,0,test
R05625,0,test
R05626,0,train
R05627,0,train
R05628,0,val
R05629,0,train
R05630,0,train
R05631,1,train
R05632,0,val
R05633,0,train
R05634,0,val
R05635,0,val
R05636,0,train
R05637,0,test
R05638,0,train
R05639,0,train
R05640,0,train
R05641,0,train
R05642,0,train
R05643,0,train
R05644,0,train
R05645,0,train
R05646,0,val
R05647,0,train
R05648,0,train
R05649,0,train
R05650,0,train
R05651,0,train
R05652,0,test
R05653,0,val
R05654,0,train
R05655,0,train
R05656,0,train
R05657,0,train
R05658,0,train
R05659,0,train
R05660,0,val
R05661,0,train
R05662,0,train
R05663,0,train
R05664,0,val
R05665,0,train
R05666,0,test
R05667,1,val
R05668,0,train
R05669,0,train
R05670,0,train
R05671,0,train
R05672,0,test
R05673,0,train
R05674,0,train
R05675,0,test
R05676,0,train
R05677,0,train
R05678,0,test
R05679,0,train
R05680,0,train
R05681,0,test
R05682,0,val
R05683,0,train
R05684,0,train
R05685,0,train
R05686,0,train
R05687,0,train
R05688,0,train
R05689,0,train
R05690,0,val
R05691,0,train
R05692,0,train
R05693,0,val
R05694,0,train
R05695,0,train
R05696,0,train
R05697,0,train
R05698,0,train
R05699,0,val
R05700,0,val
R05701,0,train
R05702,1,test
R05703,0,train
R05704,0,train
R05705,0,train
R05706,0,train
R05707,0,train
R05708,0,test
R05709,0,train
R05710,0,train
R05711,1,train
R05712,0,train
R05713,0,val
R05714,0,train
R05715,0,train
R05716,0,train
R05717,0,test
R05718,0,train
R05719,0,val
R05720,1,val
R05721,0,val
R05722,0,train
R05723,0,train
R05724,0,test
R05725,0,train
R05726,0,test
R05727,0,train
R05728,0,test
R05729,0,train
R05730,0,train
R05731,0,train
R05732,0,train
R05733,0,train
R05734,0,val
R05735,0,val
R05736,0,train
R05737,0,train
R05738,1,train
R05739,0,val
R05740,1,train
R05741,0,val
R05742,0,test
R05743,0,train
R05744,0,train
R05745,0,train
R05746,0,train
R05747,0,train
R05748,0,train
R05749,0,train
R05750,0,train
R05751,0,train
R05752,0,train
R05753,0,train
R05754,0,train
R05755,0,train
R05756,1,val
R05757,0,train
R05758,0,val
R05759,0,train
R05760,0,train
R05761,0,test
R05762,0,val
R05763,0,train
R05764,0,train
R05765,0,train
R05766,0,train
R05767,1,train
R05768,0,train
R05769,0,train
R05770,0,test
R05771,0,train
R05772,0,train
R05773,0,train
R05774,0,train
R05775,0,val
R05776,0,train
R05777,0,train
R05778,0,train
R05779,0,train
R05780,0,train
R05781,0,train
R05782,0,train
R05783,0,train
R05784,0,train
R05785,0,val
R05786,0,train
R05787,1,train
R05788,0,train
R05789,0,train
R05790,0,train
R05791,0,val
R05792,0,train
R05793,0,train
R05794,0,train
R05795,0,train
R05796,0,test
R05797,1,train
R05798,0,train
R05799,0,train
R05800,0,train
R05801,0,train
R05802,0,train
R05803,0,train
R05804,0,test
R05805,0,train
R05806,0,train
R05807,0,test
R05808,0,test
R05809,0,train
R05810,0,val
R05811,0,train
R05812,0,val
R05813,0,test
R05814,0,val
R05815,0,test
R05816,0,train
R05817,0,test
R05818,0,train
R05819,1,test
R05820,0,test
R05821,0,train
R05822,0,train
R05823,1,val
R05824,0,train
R05825,0,val
R05826,0,test
R05827,0,train
R05828,0,train
R05829,0,test
R05830,0,test
R05831,0,train
R05832,0,train
R05833,1,train
R05834,0,test
R05835,0,train
R05836,0,train
R05837,0,test
R05838,0,test
R05839,0,train
R05840,0,train
R05841,0,train
R05842,0,train
R05843,0,train
R05844,0,val
R05845,0,train
R05846,0,val
R05847,0,train
R05848,0,train
R05849,0,train
R05850,0,train
R05851,1,train
R05852,0,train
R05853,0,train
R05854,0,train
R05855,0,train
R05856,0,train
R05857,0,test
R05858,1,train
R05859,0,train
R05860,0,train
R05861,0,train
R05862,0,train
R05863,0,train
R05864,0,train
R05865,0,test
R05866,1,test
R05867,0,train
R05868,0,train
R05869,0,train
R05870,0,train
R05871,0,val
R05872,0,train
R05873,0,train
R05874,0,train
R05875,0,train
R05876,0,train
R05877,0,val
R05878,0,train
R05879,0,test
R05880,0,val
R05881,0,test
R05882,0,train
R05883,0,train
R05884,0,train
R05885,0,train
R05886,0,train
R05887,0,train
R05888,0,train
R05889,0,train
R05890,0,train
R05891,0,val
R05892,0,train
R05893,0,val
R05894,0,test
R05895,0,val
R05896,0,train
R05897,0,train
R05898,0,train
R05899,0,test
R05900,0,train
R05901,0,train
R05902,0,train
R05903,0,test
R05904,0,test
R05905,0,train
R05906,0,test
R05907,0,test
R05908,0,test
R05909,0,val
R05910,1,train
R05911,0,train
R05912,0,val
R05913,1,train
R05914,0,train
R05915,0,train
R05916,0,val
R05917,0,train
R05918,0,train
R05919,0,train
R05920,0,train
R05921,0,train
R05922,0,val
R05923,0,train
R05924,0,train
R05925,0,val
R05926,0,train
R05927,0,val
R05928,0,train
R05929,0,train
R05930,0,train
R05931,0,train
R05932,0,train
R05933,0,train
R05934,0,train
R05935,0,test
R05936,0,train
R05937,0,train
R05938,0,test
R05939,0,test
R05940,0,val
R05941,0,train
R05942,0,train
R05943,0,train
R05944,0,train
R05945,0,train
R05946,0,train
R05947,0,val
R05948,0,val
R05949,0,test
R05950,0,test
R05951,0,train
R05952,0,train
R05953,0,train
R05954,0,train
R05955,0,train
R05956,0,train
R05957,0,train
R05958,0,train
R05959,0,val
R05960,0,train
R05961,0,val
R05962,0,train
R05963,0,val
R05964,0,train
R05965,0,train
R05966,0,train
R05967,0,train
R05968,0,test
R05969,0,train
R05970,0,train
R05971,0,train
R05972,0,train
R05973,0,val
R05974,0,train
R05975,0,train
R05976,0,val
R05977,0,train
R05978,0,val
R05979,0,train
R05980,0,train
R05981,0,train
R05982,0,train
R05983,0,train
R05984,0,train
R05985,0,test
R05986,0,train
R05987,0,val
R05988,0,val
R05989,0,train
R05990,0,val
R05991,0,train
R05992,0,train
R05993,0,train
R05994,0,train
R05995,0,test
R05996,0,train
R05997,0,train
R05998,0,val
R05999,0,val
R06000,0,train
R06001,0,train
R06002,1,train
R06003,0,test
R06004,0,test
R06005,0,train
R06006,0,train
R06007,0,train
R06008,0,train
R06009,0,val
R06010,0,train
R06011,0,train
R06012,0,train
R06013,0,train
R06014,0,train
R06015,0,val
R06016,0,train
R06017,0,train
R06018,0,val
R06019,0,train
R06020,0,train
R06021,0,train
R06022,0,train
R06023,0,train
R06024,0,train
R06025,0,train
R06026,0,train
R06027,0,train
R06028,0,test
R06029,0,train
R06030,0,train
R06031,1,val
R06032,0,train
R06033,0,train
R06034,0,train
R06035,0,train
R06036,0,train
R06037,0,train
R06038,0,train
R06039,0,train
R06040,0,train
R06041,0,train
R06042,0,train
R06043,0,train
R06044,0,train
R06045,0,train
R06046,0,train
R06047,0,train
R06048,0,test
R06049,0,train
R06050,0,train
R06051,0,train
R06052,0,train
R06053,1,train
R06054,0,train
R06055,0,train
R06056,0,train
R06057,0,val
R06058,0,train
R06059,0,train
R06060,1,train
R06061,0,train
R06062,0,train
R06063,0,train
R06064,0,train
R06065,0,train
R06066,0,train
R06067,0,train
R06068,0,val
R06069,0,val
R06070,0,train
R06071,0,val
R06072,0,train
R06073,1,train
R06074,0,train
R06075,0,train
R06076,1,train
R06077,0,train
R06078,0,train
R06079,0,train
R06080,0,train
R06081,0,val
R06082,0,train
R06083,0,train
R06084,0,train
R06085,0,test
R06086,0,train
R06087,0,train
R06088,0,train
R06089,0,test
R06090,0,test
R06091,0,train
R06092,0,train
R06093,0,train
R06094,0,test
R06095,0,train
R06096,0,train
R06097,0,train
R06098,0,val
R06099,0,val
R06100,1,train
R06101,0,train
R06102,0,val
R06103,0,val
R06104,0,train
R06105,0,val
R06106,0,test
R06107,0,train
R06108,0,val
R06109,0,train
R06110,1,train
R06111,0,train
R06112,0,test
R06113,0,train
R06114,0,test
R06115,0,test
R06116,0,val
R06117,0,train
R06118,1,test
R06119,0,val
R06120,0,train
R06121,0,train
R06122,0,val
R06123,0,val
R06124,0,train
R06125,0,train
R06126,0,train
R06127,0,train
R06128,0,train
R06129,0,train
R06130,0,val
R06131,0,train
R06132,0,val
R06133,0,val
R06134,0,train
R06135,1,train
R06136,0,train
R06137,0,train
R06138,0,train
R06139,0,val
R06140,0,train
R06141,0,val
R06142,0,train
R06143,0,train
R06144,0,train
R06145,0,train
R06146,0,val
R06147,0,train
R06148,0,test
R06149,1,val
R06150,0,train
R06151,0,train
R06152,0,train
R06153,0,train
R06154,1,test
R06155,0,test
R06156,0,train
R06157,0,test
R06158,1,train
R06159,0,test
R06160,0,train
R06161,0,train
R06162,0,train
R06163,0,train
R06164,0,train
R06165,0,train
R06166,0,train
R06167,0,test
R06168,0,train
R06169,0,train
R06170,0,train
R06171,0,train
R06172,0,val
R06173,0,test
R06174,0,val
R06175,0,train
R06176,0,train
R06177,0,train
R06178,0,test
R06179,0,train
R06180,0,val
R06181,0,val
R06182,0,train
R06183,0,train
R06184,0,val
R06185,0,val
R06186,0,train
R06187,0,train
R06188,0,train
R06189,0,train
R06190,0,train
R06191,0,val
R06192,0,train
R06193,0,train
R06194,0,val
R06195,0,test
R06196,0,train
R06197,0,val
R06198,0,train
R06199,0,train
R06200,0,train
R06201,1,train
R06202,0,val
R06203,0,train
R06204,1,test
R06205,0,val
R06206,0,train
R06207,0,train
R06208,0,train
R06209,0,train
R06210,0,train
R06211,0,test
R06212,0,train
R06213,1,val
R06214,0,test
R06215,0,train
R06216,0,train
R06217,0,train
R06218,0,train
R06219,0,train
R06220,0,train
R06221,0,train
R06222,0,train
R06223,0,val
R06224,0,train
R06225,0,train
R06226,0,val
R06227,0,train
R06228,0,test
R06229,0,train
R06230,0,train
R06231,0,train
R06232,0,val
R06233,0,train
R06234,0,train
R06235,0,val
R06236,0,train
R06237,0,train
R06238,0,val
R06239,0,train
R06240,0,train
R06241,0,train
R06242,0,train
R06243,0,test
R06244,0,train
R06245,0,train
R06246,0,train
R06247,0,train
R06248,0,test
R06249,0,train
R06250,0,val
R06251,0,val
R06252,0,test
R06253,0,train
R06254,0,train
R06255,0,train
R06256,0,train
R06257,0,train
R06258,0,train
R06259,0,train
R06260,0,test
R06261,0,train
R06262,0,val
R06263,0,test
R06264,0,val
R06265,0,train
R06266,0,train
R06267,0,test
R06268,0,train
R06269,1,val
R06270,0,test
R06271,0,train
R06272,0,train
R06273,0,val
R06274,0,train
R06275,0,train
R06276,0,train
R06277,0,train
R06278,0,train
R06279,0,val
R06280,0,train
R06281,0,train
R06282,0,test
R06283,0,train
R06284,0,train
R06285,0,test
R06286,0,train
R06287,0,train
R06288,0,train
R06289,0,test
R06290,0,train
R06291,0,train
R06292,0,val
R06293,0,train
R06294,0,train
R06295,0,test
R06296,0,train
R06297,0,train
R06298,0,val
R06299,0,val
R06300,0,train
R06301,0,train
R06302,0,test
R06303,0,train
R06304,0,train
R06305,0,test
R06306,0,test
R06307,0,train
R06308,0,val
R06309,0,val
R06310,0,train
R06311,0,test
R06312,0,train
R06313,0,train
R06314,0,train
R06315,0,train
R06316,0,val
R06317,0,train
R06318,0,test
R06319,0,train
R06320,0,train
R06321,0,train
R06322,0,val
R06323,0,train
R06324,0,train
R06325,0,train
R06326,0,train
R06327,0,train
R06328,0,train
R06329,0,train
R06330,0,val
R06331,0,train
R06332,0,val
R06333,0,test
R06334,0,val
R06335,0,train
R06336,0,train
R06337,0,train
R06338,0,train
R06339,0,train
R06340,0,train
R06341,0,train
R06342,0,train
R06343,0,train
R06344,0,train
R06345,0,train
R06346,0,train
R06347,0,val
R06348,0,train
R06349,0,train
R06350,0,test
R06351,0,train
R06352,0,train
R06353,0,train
R06354,0,train
R06355,0,train
R06356,0,val
R06357,0,train
R06358,0,train
R06359,0,train
R06360,0,train
R06361,0,train
R06362,0,train
R06363,1,test
R06364,0,val
R06365,0,train
R06366,0,val
R06367,0,train
R06368,0,val
R06369,0,train
R06370,0,train
R06371,0,train
R06372,0,train
R06373,0,val
R06374,0,train
R06375,0,train
R06376,0,train
R06377,0,val
R06378,0,train
R06379,0,test
R06380,0,test
R06381,0,val
R06382,0,train
R06383,0,val
R06384,0,val
R06385,0,train
R06386,0,train
R06387,0,train
R06388,0,val
R06389,0,train
R06390,0,test
R06391,0,test
R06392,0,train
R06393,1,train
R06394,0,train
R06395,0,train
R06396,1,train
R06397,1,val
R06398,0,train
R06399,1,train
R06400,0,val
R06401,0,test
R06402,0,train
R06403,0,test
R06404,0,test
R06405,0,val
R06406,0,test
R06407,0,test
R06408,0,train
R06409,0,test
R06410,0,train
R06411,0,train
R06412,0,train
R06413,0,val
R06414,0,train
R06415,0,val
R06416,0,train
R06417,1,test
R06418,0,train
R06419,0,test
R06420,0,train
R06421,0,test
R06422,0,train
R06423,0,train
R06424,0,train
R06425,0,train
R06426,0,val
R06427,0,train
R06428,0,train
R06429,0,train
R06430,0,train
R06431,0,test
R06432,0,test
R06433,0,train
R06434,0,train
R06435,0,train
R06436,0,train
R06437,0,train
R06438,0,train
R06439,0,train
R06440,0,train
R06441,0,test
R06442,0,test
R06443,0,train
R06444,0,train
R06445,0,train
R06446,0,val
R06447,0,train
R06448,0,train
R06449,0,test
R06450,0,test
R06451,0,test
R06452,0,train
R06453,0,train
R06454,0,train
R06455,0,test
R06456,0,train
R06457,0,train
R06458,0,train
R06459,0,test
R06460,0,train
R06461,0,train
R06462,0,train
R06463,0,train
R06464,0,train
R06465,0,train
R06466,0,train
R06467,0,test
R06468,0,train
R06469,0,val
R06470,0,val
R06471,0,train
R06472,0,val
R06473,0,train
R06474,0,train
R06475,0,train
R06476,0,train
R06477,0,train
R06478,0,train
R06479,0,train
R06480,0,train
R06481,1,val
R06482,0,train
R06483,0,train
R06484,0,train
R06485,0,train
R06486,0,val
R06487,0,val
R06488,0,train
R06489,0,train
R06490,0,train
R06491,0,val
R06492,0,test
R06493,0,train
R06494,0,val
R06495,0,train
R06496,0,val
R06497,0,train
R06498,0,train
R06499,0,train
R06500,0,train
R06501,0,train
R06502,0,train
R06503,0,train
R06504,0,test
R06505,0,train
R06506,0,train
R06507,0,train
R06508,1,train
R06509,0,test
R06510,0,train
R06511,0,val
R06512,0,train
R06513,0,train
R06514,0,test
R06515,0,train
R06516,0,val
R06517,0,train
R06518,0,test
R06519,0,test
R06520,0,train
R06521,0,train
R06522,0,train
R06523,0,train
R06524,0,train
R06525,0,train
R06526,0,train
R06527,0,train
R06528,0,test
R06529,0,train
R06530,0,train
R06531,0,test
R06532,0,val
R06533,0,train
R06534,0,train
R06535,0,train
R06536,0,train
R06537,0,val
R06538,1,train
R06539,0,test
R06540,1,train
R06541,0,test
R06542,0,train
R06543,0,train
R06544,0,val
R06545,0,train
R06546,1,train
R06547,1,train
R06548,0,train
R06549,1,train
R06550,0,train
R06551,0,test
R06552,0,val
R06553,0,test
R06554,0,val
R06555,1,train
R06556,0,val
R06557,0,train
R06558,1,train
R06559,0,train
R06560,0,train
R06561,0,train
R06562,0,train
R06563,0,train
R06564,0,test
R06565,0,val
R06566,0,train
R06567,0,train
R06568,0,train
R06569,0,val
R06570,0,val
R06571,0,test
R06572,0,train
R06573,0,train
R06574,0,test
R06575,0,train
R06576,0,train
R06577,0,train
R06578,0,train
R06579,0,train
R06580,0,test
R06581,0,train
R06582,0,train
R06583,0,val
R06584,0,train
R06585,0,train
R06586,0,test
R06587,0,train
R06588,0,train
R06589,0,train
R06590,0,train
R06591,0,train
R06592,0,train
R06593,0,train
R06594,0,train
R06595,0,train
R06596,0,train
R06597,0,test
R06598,0,train
R06599,0,test
R06600,0,test
R06601,0,train
R06602,0,train
R06603,0,train
R06604,0,val
R06605,0,train
R06606,0,train
R06607,1,train
R06608,1,train
R06609,0,test
R06610,0,train
R06611,0,train
R06612,0,train
R06613,0,val
R06614,0,train
R06615,0,train
R06616,0,train
R06617,0,train
R06618,1,train
R06619,0,val
R06620,0,train
R06621,0,train
R06622,0,train
R06623,0,train
R06624,0,train
R06625,0,test
R06626,0,train
R06627,0,val
R06628,0,val
R06629,0,train
R06630,0,test
R06631,0,train
R06632,0,train
R06633,0,train
R06634,0,train
R06635,0,train
R06636,0,train
R06637,0,train
R06638,0,train
R06639,0,train
R06640,0,train
R06641,0,train
R06642,0,train
R06643,0,train
R06644,0,train
R06645,0,train
R06646,0,train
R06647,0,train
R06648,0,train
R06649,1,train
R06650,1,train
R06651,0,train
R06652,0,train
R06653,0,train
R06654,0,test
R06655,0,train
R06656,0,train
R06657,0,train
R06658,0,train
R06659,0,val
R06660,0,train
R06661,0,train
R06662,0,train
R06663,0,test
R06664,0,test
R06665,0,test
R06666,0,train
R06667,1,train
R06668,0,val
R06669,0,train
R06670,0,val
R06671,0,train
R06672,1,val
R06673,0,test
R06674,0,train
R06675,0,train
R06676,0,train
R06677,1,train
R06678,0,train
R06679,0,val
R06680,0,train
R06681,0,val
R06682,0,train
R06683,0,train
R06684,0,train
R06685,0,test
R06686,0,train
R06687,0,train
R06688,0,test
R06689,0,val
R06690,0,train
R06691,0,train
R06692,0,val
R06693,0,train
R06694,0,train
R06695,0,test
R06696,0,val
R06697,0,test
R06698,0,train
R06699,0,val
R06700,0,val
R06701,0,train
R06702,0,train
R06703,0,train
R06704,0,train
R06705,0,test
R06706,0,test
R06707,0,train
R06708,0,train
R06709,0,train
R06710,0,test
R06711,0,test
R06712,0,train
R06713,0,train
R06714,0,train
R06715,0,train
R06716,0,train
R06717,0,train
R06718,0,train
R06719,0,train
R06720,0,train
R06721,0,train
R06722,0,train
R06723,0,train
R06724,0,train
R06725,0,train
R06726,0,train
R06727,0,train
R06728,0,val
R06729,0,train
R06730,0,val
R06731,0,train
R06732,0,train
R06733,0,test
R06734,0,val
R06735,0,train
R06736,0,train
R06737,0,train
R06738,0,train
R06739,1,test
R06740,0,train
R06741,0,val
R06742,0,train
R06743,0,val
R06744,0,train
R06745,0,train
R06746,0,train
R06747,0,train
R06748,0,train
R06749,0,train
R06750,0,test
R06751,0,train
R06752,0,train
R06753,0,val
R06754,0,train
R06755,0,train
R06756,0,train
R06757,0,train
R06758,0,train
R06759,0,val
R06760,0,test
R06761,0,train
R06762,0,test
R06763,0,val
R06764,0,train
R06765,1,test
R06766,0,train
R06767,0,train
R06768,0,train
R06769,1,test
R06770,0,train
R06771,0,val
R06772,0,train
R06773,0,train
R06774,0,train
R06775,0,train
R06776,0,train
R06777,0,test
R06778,0,train
R06779,0,test
R06780,0,test
R06781,0,test
R06782,0,train
R06783,0,train
R06784,0,train
R06785,0,val
R06786,0,train
R06787,0,train
R06788,0,train
R06789,0,test
R06790,0,train
R06791,0,train
R06792,0,train
R06793,0,train
R06794,0,train
R06795,0,train
R06796,0,train
R06797,0,train
R06798,0,val
R06799,0,train
R06800,0,val
R06801,0,train
R06802,0,train
R06803,0,train
R06804,0,test
R06805,0,train
R06806,0,train
R06807,0,train
R06808,0,val
R06809,0,train
R06810,0,train
R06811,0,train
R06812,0,val
R06813,0,train
R06814,0,train
R06815,0,train
R06816,0,train
R06817,0,test
R06818,0,train
R06819,0,train
R06820,0,val
R06821,0,val
R06822,0,train
R06823,0,train
R06824,0,val
R06825,0,train
R06826,0,val
R06827,0,train
R06828,0,val
R06829,0,test
R06830,0,train
R06831,0,test
R06832,0,val
R06833,0,train
R06834,0,train
R06835,0,train
R06836,0,train
R06837,0,train
R06838,0,test
R06839,0,test
R06840,0,train
R06841,0,train
R06842,0,val
R06843,0,train
R06844,0,train
R06845,0,train
R06846,0,val
R06847,0,test
R06848,0,train
R06849,0,train
R06850,0,train
R06851,0,train
R06852,0,train
R06853,0,train
R06854,0,val
R06855,0,train
R06856,0,val
R06857,0,train
R06858,0,train
R06859,0,train
R06860,0,test
R06861,0,train
R06862,0,train
R06863,0,train
R06864,0,train
R06865,0,train
R06866,0,train
R06867,0,train
R06868,0,train
R06869,0,train
R06870,0,test
R06871,0,train
R06872,0,test
R06873,0,train
R06874,0,train
R06875,0,val
R06876,1,train
R06877,0,train
R06878,0,test
R06879,0,train
R06880,0,train
R06881,0,val
R06882,0,train
R06883,1,train
R06884,1,train
R06885,0,train
R06886,0,test
R06887,0,train
R06888,0,val
R06889,0,train
R06890,0,test
R06891,0,test
R06892,0,train
R06893,0,train
R06894,0,val
R06895,0,test
R06896,0,train
R06897,0,train
R06898,0,val
R06899,0,train
R06900,0,train
R06901,0,train
R06902,0,test
R06903,0,val
R06904,0,val
R06905,0,train
R06906,0,val
R06907,1,val
R06908,0,train
R06909,0,train
R06910,0,train
R06911,0,train
R06912,0,train
R06913,0,train
R06914,0,train
R06915,0,val
R06916,0,train
R06917,0,train
R06918,0,train
R06919,0,val
R06920,0,train
R06921,0,val
R06922,0,train
R06923,0,test
R06924,0,train
R06925,0,train
R06926,0,test
R06927,0,train
R06928,0,test
R06929,0,train
R06930,0,train
R06931,0,train
R06932,0,val
R06933,0,train
R06934,0,train
R06935,0,train
R06936,0,val
R06937,0,train
R06938,0,train
R06939,1,train
R06940,0,train
R06941,0,val
R06942,1,train
R06943,0,train
R06944,0,val
R06945,0,train
R06946,0,val
R06947,0,train
R06948,0,train
R06949,0,val
R06950,0,val
R06951,1,val
R06952,0,test
R06953,0,train
R06954,0,test
R06955,0,val
R06956,0,train
R06957,0,train
R06958,0,val
R06959,0,train
R06960,0,train
R06961,0,test
R06962,0,train
R06963,0,train
R06964,0,train
R06965,1,train
R06966,0,train
R06967,0,train
R06968,0,train
R06969,0,train
R06970,0,train
R06971,0,train
R06972,0,train
R06973,0,train
R06974,0,test
R06975,0,val
R06976,0,test
R06977,0,train
R06978,0,train
R06979,0,train
R06980,0,train
R06981,0,train
R06982,0,train
R06983,0,test
R06984,0,val
R06985,0,val
R06986,0,train
R06987,0,train
R06988,0,train
R06989,0,train
R06990,1,train
R06991,1,test
R06992,0,train
R06993,0,train
R06994,0,train
R06995,0,train
R06996,0,train
R06997,0,train
R06998,0,test
R06999,0,train
R07000,0,train
R07001,0,val
R07002,0,train
R07003,0,train
R07004,0,train
R07005,0,train
R07006,0,train
R07007,0,test
R07008,0,train
R07009,1,val
R07010,0,train
R07011,0,train
R07012,0,train
R07013,0,train
R07014,0,train
R07015,0,train
R07016,0,train
R07017,0,train
R07018,0,train
R07019,0,test
R07020,0,val
R07021,0,train
R07022,0,train
R07023,0,train
R07024,0,train
R07025,0,train
R07026,0,val
R07027,0,train
R07028,0,test
R07029,0,train
R07030,0,val
R07031,0,train
R07032,0,train
R07033,0,test
R07034,0,train
R07035,0,train
R07036,1,val
R07037,0,train
R07038,0,val
R07039,0,train
R07040,0,train
R07041,0,train
R07042,0,train
R07043,0,test
R07044,0,train
R07045,0,train
R07046,0,test
R07047,0,test
R07048,0,train
R07049,0,train
R07050,0,test
R07051,0,test
R07052,0,val
R07053,0,train
R07054,0,val
R07055,0,train
R07056,0,train
R07057,0,train
R07058,0,test
R07059,0,train
R07060,0,train
R07061,0,train
R07062,0,train
R07063,0,train
R07064,0,test
R07065,0,train
R07066,0,test
R07067,0,train
R07068,0,test
R07069,0,train
R07070,0,train
R07071,0,train
R07072,0,train
R07073,0,train
R07074,0,train
R07075,0,val
R07076,0,train
R07077,0,train
R07078,0,train
R07079,0,test
R07080,0,val
R07081,0,train
R07082,0,test
R07083,0,train
R07084,0,train
R07085,0,train
R07086,0,test
R07087,0,train
R07088,0,val
R07089,1,test
R07090,0,train
R07091,0,train
R07092,0,train
R07093,0,train
R07094,0,train
R07095,0,train
R07096,0,test
R07097,0,train
R07098,0,val
R07099,0,val
R07100,0,train
R07101,0,train
R07102,0,train
R07103,0,train
R07104,0,train
R07105,0,train
R07106,0,val
R07107,0,test
R07108,0,train
R07109,0,train
R07110,0,train
R07111,0,train
R07112,0,train
R07113,0,test
R07114,0,train
R07115,0,train
R07116,0,train
R07117,0,val
R07118,0,train
R07119,0,train
R07120,0,train
R07121,0,train
R07122,0,test
R07123,0,train
R07124,0,test
R07125,0,test
R07126,1,train
R07127,0,train
R07128,0,train
R07129,0,train
R07130,0,val
R07131,0,val
R07132,0,train
R07133,0,train
R07134,0,train
R07135,0,train
R07136,0,test
R07137,0,train
R07138,1,train
R07139,0,train
R07140,0,test
R07141,0,train
R07142,0,train
R07143,0,test
R07144,0,train
R07145,0,train
R07146,0,train
R07147,0,train
R07148,0,train
R07149,0,train
R07150,0,test
R07151,0,val
R07152,0,test
R07153,0,test
R07154,0,train
R07155,1,train
R07156,1,train
R07157,0,test
R07158,0,val
R07159,0,train
R07160,0,train
R07161,0,train
R07162,0,train
R07163,0,train
R07164,0,test
R07165,0,train
R07166,0,val
R07167,0,train
R07168,0,train
R07169,0,val
R07170,0,val
R07171,0,train
R07172,0,train
R07173,0,train
R07174,0,train
R07175,0,train
R07176,0,train
R07177,0,test
R07178,0,train
R07179,0,test
R07180,0,test
R07181,0,train
R07182,0,train
R07183,0,train
R07184,1,val
R07185,0,train
R07186,0,test
R07187,1,train
R07188,0,test
R07189,1,val
R07190,0,train
R07191,0,train
R07192,0,test
R07193,0,train
R07194,0,train
R07195,0,test
R07196,0,train
R07197,0,train
R07198,0,test
R07199,0,test
R07200,0,train
R07201,0,val
R07202,0,train
R07203,0,train
R07204,0,train
R07205,0,train
R07206,0,train
R07207,0,test
R07208,0,train
R07209,0,train
R07210,0,train
R07211,0,train
R07212,0,test
R07213,0,train
R07214,0,test
R07215,0,train
R07216,0,test
R07217,0,train
R07218,0,train
R07219,0,train
R07220,0,test
R07221,0,train
R07222,0,train
R07223,0,train
R07224,0,train
R07225,0,train
R07226,0,test
R07227,0,test
R07228,0,train
R07229,0,train
R07230,0,train
R07231,0,train
R07232,0,train
R07233,0,train
R07234,0,train
R07235,0,train
R07236,0,train
R07237,0,train
R07238,0,train
R07239,1,train
R07240,0,train
R07241,0,test
R07242,0,train
R07243,0,train
R07244,0,train
R07245,0,test
R07246,0,train
R07247,0,train
R07248,0,test
R07249,0,train
R07250,0,train
R07251,0,train
R07252,0,train
R07253,0,train
R07254,0,val
R07255,0,train
R07256,0,train
R07257,1,val
R07258,0,train
R07259,0,train
R07260,0,train
R07261,0,test
R07262,0,test
R07263,0,train
R07264,0,val
R07265,0,train
R07266,1,train
R07267,0,train
R07268,0,train
R07269,0,train
R07270,0,train
R07271,0,train
R07272,0,train
R07273,1,test
R07274,0,val
R07275,0,test
R07276,0,train
R07277,0,val
R07278,0,train
R07279,0,train
R07280,0,train
R07281,0,train
R07282,0,train
R07283,0,val
R07284,0,val
R07285,0,test
R07286,0,train
R07287,0,test
R07288,1,train
R07289,1,train
R07290,0,test
R07291,0,val
R07292,0,train
R07293,0,train
R07294,0,train
R07295,0,train
R07296,0,train
R07297,0,train
R07298,0,train
R07299,0,test
R07300,0,train
R07301,0,train
R07302,0,val
R07303,0,test
R07304,0,train
R07305,0,val
R07306,0,train
R07307,0,train
R07308,0,train
R07309,0,test
R07310,0,train
R07311,0,test
R07312,0,val
R07313,0,train
R07314,0,train
R07315,0,train
R07316,0,train
R07317,0,train
R07318,0,train
R07319,0,train
R07320,1,train
R07321,0,train
R07322,0,test
R07323,0,train
R07324,0,val
R07325,0,train
R07326,0,val
R07327,0,train
R07328,0,train
R07329,0,val
R07330,1,train
R07331,0,train
R07332,0,train
R07333,0,train
R07334,0,train
R07335,0,train
R07336,0,train
R07337,0,train
R07338,0,train
R07339,0,train
R07340,0,train
R07341,0,train
R07342,0,train
R07343,0,val
R07344,0,train
R07345,0,test
R07346,0,train
R07347,0,train
R07348,0,train
R07349,0,train
R07350,0,train
R07351,0,val
R07352,0,train
R07353,0,train
R07354,0,test
R07355,0,train
R07356,1,train
R07357,0,train
R07358,0,train
R07359,0,test
R07360,0,val
R07361,0,train
R07362,0,train
R07363,0,test
R07364,0,val
R07365,0,val
R07366,0,train
R07367,0,test
R07368,0,train
R07369,0,train
R07370,0,train
R07371,0,train
R07372,0,train
R07373,0,train
R07374,0,test
R07375,0,val
R07376,0,val
R07377,0,train
R07378,0,train
R07379,0,train
R07380,0,train
R07381,0,val
R07382,0,train
R07383,1,val
R07384,0,test
R07385,0,train
R07386,0,train
R07387,0,train
R07388,0,train
R07389,0,train
R07390,0,train
R07391,0,train
R07392,0,train
R07393,0,train
R07394,1,train
R07395,0,train
R07396,0,train
R07397,0,test
R07398,0,train
R07399,0,train
R07400,0,test
R07401,0,val
R07402,0,train
R07403,0,train
R07404,0,train
R07405,0,train
R07406,0,train
R07407,0,train
R07408,0,train
R07409,0,train
R07410,1,train
R07411,0,val
R07412,0,val
R07413,0,train
R07414,0,train
R07415,0,train
R07416,0,train
R07417,0,train
R07418,0,train
R07419,0,test
R07420,0,train
R07421,0,train
R07422,0,val
R07423,0,test
R07424,0,train
R07425,1,test
R07426,0,train
R07427,0,train
R07428,0,train
R07429,0,test
R07430,0,test
R07431,0,train
R07432,1,train
R07433,0,val
R07434,0,train
R07435,0,train
R07436,0,val
R07437,0,train
R07438,0,test
R07439,0,test
R07440,0,val
R07441,0,train
R07442,0,train
R07443,0,train
R07444,0,val
R07445,0,val
R07446,0,test
R07447,0,train
R07448,0,train
R07449,0,train
R07450,1,train
R07451,1,train
R07452,0,val
R07453,0,val
R07454,0,train
R07455,0,train
R07456,0,train
R07457,0,train
R07458,0,train
R07459,0,train
R07460,0,train
R07461,0,val
R07462,0,train
R07463,0,train
R07464,0,train
R07465,0,train
R07466,0,train
R07467,0,val
R07468,0,train
R07469,0,train
R07470,0,train
R07471,0,train
R07472,0,train
R07473,0,train
R07474,0,train
R07475,0,train
R07476,0,train
R07477,0,train
R07478,0,train
R07479,0,train
R07480,0,test
R07481,0,train
R07482,0,train
R07483,0,val
R07484,0,train
R07485,0,val
R07486,0,test
R07487,0,train
R07488,0,train
R07489,0,train
R07490,0,train
R07491,0,train
R07492,0,train
R07493,1,test
R07494,0,test
R07495,0,train
R07496,0,train
R07497,0,train
R07498,0,train
R07499,0,test
R07500,0,train
R07501,0,train
R07502,0,test
R07503,0,train
R07504,0,train
R07505,1,val
R07506,0,train
R07507,0,train
R07508,0,train
R07509,0,train
R07510,0,train
R07511,0,train
R07512,1,train
R07513,0,val
R07514,1,train
R07515,0,test
R07516,0,train
R07517,0,train
R07518,0,train
R07519,0,test
R07520,0,train
R07521,0,val
R07522,0,val
R07523,0,train
R07524,1,train
R07525,0,train
R07526,0,val
R07527,1,train
R07528,0,train
R07529,0,train
R07530,0,train
R07531,0,val
R07532,1,train
R07533,0,train
R07534,0,train
R07535,0,test
R07536,1,train
R07537,0,train
R07538,0,train
R07539,0,train
R07540,0,test
R07541,0,train
R07542,0,train
R07543,0,train
R07544,0,train
R07545,0,test
R07546,0,test
R07547,0,train
R07548,0,train
R07549,0,val
R07550,0,train
R07551,0,train
R07552,0,train
R07553,0,train
R07554,0,train
R07555,0,test
R07556,0,test
R07557,0,train
R07558,0,train
R07559,0,train
R07560,0,train
R07561,0,train
R07562,0,train
R07563,0,train
R07564,0,train
R07565,0,train
R07566,0,train
R07567,0,train
R07568,0,train
R07569,0,val
R07570,0,train
R07571,0,train
R07572,0,test
R07573,0,train
R07574,0,train
R07575,0,test
R07576,0,train
R07577,0,val
R07578,0,train
R07579,0,val
R07580,0,train
R07581,0,val
R07582,0,train
R07583,0,train
R07584,0,train
R07585,0,train
R07586,0,train
R07587,0,train
R07588,0,train
R07589,0,train
R07590,0,val
R07591,0,val
R07592,0,test
R07593,0,train
R07594,0,train
R07595,1,train
R07596,0,train
R07597,0,train
R07598,0,train
R07599,0,train
R07600,0,train
R07601,0,train
R07602,0,train
R07603,0,test
R07604,0,train
R07605,0,train
R07606,0,train
R07607,0,train
R07608,1,test
R07609,0,val
R07610,0,train
R07611,0,test
R07612,0,train
R07613,0,test
R07614,0,train
R07615,0,test
R07616,0,train
R07617,1,train
R07618,0,train
R07619,0,train
R07620,0,val
R07621,0,train
R07622,0,train
R07623,0,train
R07624,0,train
R07625,0,train
R07626,0,train
R07627,0,train
R07628,0,train
R07629,0,train
R07630,0,val
R07631,0,train
R07632,0,train
R07633,0,train
R07634,0,train
R07635,0,train
R07636,0,test
R07637,0,train
R07638,0,train
R07639,0,train
R07640,0,train
R07641,0,train
R07642,0,train
R07643,1,train
R07644,0,train
R07645,1,train
R07646,0,train
R07647,0,train
R07648,0,train
R07649,0,test
R07650,0,val
R07651,0,test
R07652,0,train
R07653,0,val
R07654,0,val
R07655,0,val
R07656,0,test
R07657,0,test
R07658,0,val
R07659,0,train
R07660,0,train
R07661,0,test
R07662,0,test
R07663,0,train
R07664,0,train
R07665,0,train
R07666,0,train
R07667,0,val
R07668,1,train
R07669,0,train
R07670,0,test
R07671,1,val
R07672,0,train
R07673,1,val
R07674,0,train
R07675,0,train
R07676,0,train
R07677,1,train
R07678,0,train
R07679,0,val
R07680,0,train
R07681,0,train
R07682,1,train
R07683,0,val
R07684,0,train
R07685,0,test
R07686,0,test
R07687,0,train
R07688,1,train
R07689,1,train
R07690,0,val
R07691,0,val
R07692,0,train
R07693,0,train
R07694,0,val
R07695,0,test
R07696,0,train
R07697,0,train
R07698,0,test
R07699,0,train
R07700,0,val
R07701,0,test
R07702,0,test
R07703,0,train
R07704,1,test
R07705,0,train
R07706,0,train
R07707,0,test
R07708,0,train
R07709,0,test
R07710,0,test
R07711,1,train
R07712,0,train
R07713,0,train
R07714,0,train
R07715,0,train
R07716,0,train
R07717,0,val
R07718,0,train
R07719,0,val
R07720,0,train
R07721,0,train
R07722,0,train
R07723,0,train
R07724,0,test
R07725,0,train
R07726,0,train
R07727,1,val
R07728,1,train
R07729,0,test
R07730,0,train
R07731,0,val
R07732,0,train
R07733,0,train
R07734,0,train
R07735,0,train
R07736,0,val
R07737,0,train
R07738,0,val
R07739,0,train
R07740,0,test
R07741,0,test
R07742,0,train
R07743,0,val
R07744,0,train
R07745,0,train
R07746,0,train
R07747,0,train
R07748,0,train
R07749,0,train
R07750,0,test
R07751,0,val
R07752,0,train
R07753,0,train
R07754,0,val
R07755,0,train
R07756,0,train
R07757,0,train
R07758,0,train
R07759,0,test
R07760,0,train
R07761,1,train
R07762,0,train
R07763,0,train
R07764,0,train
R07765,0,train
R07766,0,test
R07767,0,train
R07768,0,train
R07769,0,test
R07770,0,test
R07771,0,train
R07772,0,val
R07773,0,train
R07774,0,val
R07775,0,train
R07776,0,test
R07777,0,train
R07778,0,train
R07779,0,train
R07780,0,val
R07781,0,train
R07782,0,train
R07783,0,train
R07784,0,train
R07785,0,train
R07786,0,train
R07787,1,train
R07788,1,train
R07789,0,train
R07790,0,train
R07791,0,train
R07792,0,val
R07793,0,train
R07794,0,train
R07795,0,train
R07796,0,train
R07797,0,val
R07798,0,train
R07799,0,train
R07800,0,train
R07801,0,train
R07802,0,train
R07803,0,train
R07804,0,test
R07805,0,train
R07806,0,train
R07807,0,train
R07808,0,train
R07809,0,train
R07810,0,train
R07811,0,train
R07812,0,test
R07813,0,train
R07814,0,train
R07815,0,train
R07816,0,val
R07817,0,train
R07818,0,train
R07819,0,train
R07820,0,train
R07821,0,val
R07822,0,train
R07823,0,train
R07824,0,train
R07825,0,test
R07826,0,train
R07827,0,test
R07828,0,train
R07829,0,train
R07830,0,train
R07831,0,train
R07832,0,train
R07833,0,test
R07834,0,train
R07835,0,train
R07836,0,train
R07837,0,train
R07838,0,test
R07839,0,val
R07840,1,test
R07841,0,val
R07842,0,test
R07843,0,train
R07844,0,test
R07845,0,train
R07846,0,train
R07847,0,test
R07848,0,val
R07849,0,train
R07850,0,train
R07851,0,train
R07852,0,train
R07853,1,train
R07854,0,train
R07855,0,train
R07856,0,test
R07857,0,train
R07858,0,test
R07859,0,train
R07860,0,val
R07861,0,train
R07862,0,test
R07863,0,train
R07864,0,train
R07865,0,train
R07866,0,val
R07867,0,val
R07868,1,train
R07869,0,train
R07870,0,train
R07871,0,train
R07872,0,train
R07873,0,test
R07874,0,train
R07875,0,train
R07876,0,train
R07877,0,train
R07878,0,val
R07879,0,train
R07880,0,train
R07881,0,train
R07882,0,train
R07883,0,test
R07884,0,train
R07885,0,val
R07886,0,train
R07887,0,train
R07888,0,train
R07889,0,train
R07890,0,train
R07891,0,train
R07892,0,train
R07893,0,train
R07894,0,train
R07895,0,train
R07896,0,train
R07897,0,train
R07898,0,train
R07899,0,train
R07900,0,train
R07901,0,train
R07902,0,train
R07903,0,test
R07904,0,train
R07905,0,val
R07906,0,train
R07907,0,val
R07908,0,train
R07909,0,train
R07910,0,train
R07911,0,train
R07912,0,train
R07913,0,train
R07914,0,train
R07915,1,train
R07916,1,val
R07917,0,train
R07918,0,train
R07919,0,test
R07920,0,test
R07921,0,train
R07922,0,train
R07923,0,train
R07924,0,train
R07925,0,train
R07926,1,train
R07927,0,train
R07928,0,train
R07929,0,train
R07930,0,val
R07931,0,train
R07932,0,train
R07933,0,test
R07934,0,train
R07935,0,test
R07936,0,train
R07937,0,train
R07938,0,val
R07939,0,test
R07940,1,train
R07941,0,train
R07942,0,train
R07943,0,train
R07944,0,val
R07945,0,test
R07946,0,train
R07947,0,val
R07948,0,train
R07949,0,val
R07950,0,train
R07951,0,train
R07952,1,val
R07953,0,val
R07954,0,val
R07955,0,test
R07956,0,train
R07957,1,train
R07958,0,train
R07959,0,train
R07960,0,train
R07961,0,train
R07962,0,val
R07963,0,val
R07964,0,train
R07965,0,test
R07966,0,train
R07967,0,train
R07968,1,train
R07969,0,train
R07970,1,train
R07971,0,train
R07972,0,train
R07973,0,train
R07974,0,train
R07975,0,test
R07976,0,test
R07977,0,val
R07978,0,val
R07979,0,train
R07980,0,val
R07981,0,train
R07982,0,train
R07983,1,val
R07984,0,test
R07985,0,train
R07986,1,train
R07987,0,train
R07988,0,train
R07989,0,train
R07990,0,train
R07991,0,train
R07992,0,train
R07993,0,train
R07994,0,train
R07995,0,train
R07996,0,train
R07997,0,train
R07998,0,train
R07999,0,train
R08000,0,train
R08001,0,train
R08002,0,train
R08003,0,val
R08004,0,val
R08005,0,train
R08006,0,val
R08007,0,test
R08008,1,train
R08009,0,val
R08010,0,val
R08011,0,train
R08012,0,test
R08013,0,train
R08014,0,train
R08015,0,train
R08016,0,train
R08017,0,train
R08018,0,train
R08019,0,val
R08020,0,train
R08021,1,test
R08022,1,train
R08023,0,train
R08024,0,train
R08025,0,val
R08026,0,train
R08027,0,train
R08028,1,train
R08029,0,train
R08030,0,train
R08031,0,train
R08032,0,val
R08033,0,train
R08034,0,train
R08035,0,train
R08036,0,val
R08037,0,test
R08038,0,train
R08039,1,train
R08040,0,train
R08041,0,train
R08042,0,train
R08043,0,val
R08044,0,train
R08045,0,train
R08046,0,train
R08047,0,train
R08048,0,val
R08049,0,train
R08050,0,test
R08051,0,train
R08052,0,train
R08053,0,train
R08054,0,train
R08055,0,train
R08056,0,val
R08057,0,train
R08058,0,train
R08059,1,val
R08060,0,train
R08061,0,test
R08062,0,val
R08063,0,train
R08064,0,val
R08065,0,train
R08066,0,val
R08067,0,train
R08068,0,train
R08069,0,train
R08070,0,val
R08071,0,val
R08072,0,val
R08073,0,train
R08074,0,train
R08075,0,train
R08076,0,train
R08077,0,val
R08078,0,train
R08079,0,val
R08080,0,train
R08081,0,train
R08082,1,train
R08083,0,train
R08084,0,train
R08085,0,train
R08086,0,train
R08087,0,train
R08088,0,train
R08089,0,test
R08090,0,train
R08091,0,train
R08092,0,train
R08093,0,train
R08094,0,val
R08095,0,train
R08096,0,val
R08097,0,train
R08098,1,train
R08099,0,train
R08100,0,train
R08101,0,val
R08102,0,train
R08103,0,train
R08104,0,train
R08105,0,train
R08106,0,train
R08107,0,train
R08108,0,train
R08109,0,train
R08110,0,train
R08111,0,test
R08112,0,train
R08113,0,train
R08114,0,train
R08115,1,train
R08116,0,train
R08117,0,train
R08118,0,train
R08119,0,train
R08120,0,test
R08121,0,train
R08122,0,train
R08123,0,train
R08124,0,train
R08125,1,train
R08126,0,train
R08127,0,train
R08128,0,train
R08129,0,train
R08130,0,val
R08131,1,train
R08132,0,train
R08133,0,train
R08134,0,train
R08135,0,test
R08136,0,train
R08137,0,train
R08138,0,train
R08139,0,train
R08140,0,train
R08141,0,train
R08142,0,train
R08143,0,val
R08144,0,val
R08145,0,test
R08146,0,train
R08147,0,test
R08148,0,train
R08149,0,val
R08150,0,train
R08151,0,test
R08152,0,train
R08153,0,test
R08154,0,val
R08155,0,train
R08156,0,train
R08157,0,train
R08158,0,train
R08159,0,train
R08160,0,test
R08161,0,train
R08162,0,train
R08163,0,train
R08164,0,train
R08165,1,train
R08166,0,train
R08167,0,train
R08168,0,val
R08169,0,train
R08170,0,train
R08171,0,train
R08172,0,val
R08173,0,test
R08174,0,test
R08175,1,train
R08176,0,train
R08177,0,train
R08178,1,train
R08179,0,train
R08180,0,train
R08181,0,test
R08182,0,test
R08183,0,train
R08184,0,train
R08185,0,train
R08186,0,train
R08187,0,test
R08188,0,test
R08189,0,train
R08190,0,train
R08191,0,train
R08192,0,train
R08193,0,train
R08194,0,test
R08195,0,train
R08196,0,train
R08197,0,train
R08198,0,train
R08199,0,train
R08200,0,test
R08201,0,train
R08202,0,test
R08203,0,test
R08204,0,train
R08205,0,train
R08206,0,train
R08207,0,val
R08208,0,test
R08209,0,val
R08210,0,train
R08211,0,train
R08212,0,test
R08213,0,train
R08214,0,train
R08215,0,test
R08216,0,train
R08217,1,train
R08218,0,train
R08219,0,train
R08220,0,train
R08221,0,train
R08222,0,train
R08223,0,train
R08224,0,train
R08225,0,test
R08226,0,train
R08227,0,train
R08228,0,train
R08229,0,train
R08230,0,test
R08231,0,train
R08232,0,train
R08233,0,train
R08234,0,train
R08235,0,val
R08236,0,train
R08237,0,test
R08238,1,train
R08239,0,test
R08240,0,train
R08241,0,test
R08242,0,val
R08243,0,train
R08244,0,train
R08245,0,train
R08246,0,val
R08247,0,test
R08248,0,train
R08249,0,test
R08250,0,train
R08251,0,train
R08252,0,train
R08253,0,test
R08254,0,train
R08255,0,train
R08256,0,train
R08257,0,train
R08258,0,train
R08259,0,train
R08260,1,val
R08261,0,val
R08262,0,val
R08263,0,train
R08264,1,train
R08265,0,train
R08266,0,test
R08267,0,train
R08268,0,train
R08269,0,test
R08270,0,train
R08271,0,test
R08272,0,val
R08273,0,train
R08274,0,test
R08275,0,test
R08276,0,train
R08277,0,train
R08278,0,val
R08279,0,train
R08280,0,train
R08281,0,train
R08282,0,train
R08283,0,train
R08284,0,val
R08285,0,train
R08286,0,train
R08287,0,train
R08288,0,train
R08289,0,train
R08290,0,val
R08291,0,train
R08292,0,val
R08293,0,test
R08294,1,val
R08295,0,train
R08296,0,train
R08297,0,train
R08298,0,train
R08299,0,train
R08300,0,train
R08301,0,train
R08302,0,test
R08303,0,val
R08304,0,train
R08305,0,test
R08306,0,train
R08307,0,train
R08308,0,train
R08309,0,train
R08310,0,train
R08311,0,train
R08312,0,train
R08313,0,train
R08314,0,train
R08315,0,train
R08316,0,train
R08317,0,train
R08318,0,train
R08319,0,test
R08320,0,test
R08321,0,train
R08322,1,train
R08323,0,test
R08324,0,train
R08325,0,val
R08326,0,test
R08327,0,train
R08328,0,test
R08329,0,train
R08330,0,train
R08331,0,train
R08332,1,train
R08333,0,test
R08334,0,train
R08335,0,train
R08336,0,train
R08337,1,val
R08338,0,train
R08339,0,train
R08340,0,train
R08341,0,train
R08342,0,train
R08343,0,train
R08344,1,test
R08345,0,val
R08346,0,train
R08347,0,train
R08348,0,val
R08349,0,test
R08350,0,train
R08351,0,train
R08352,0,train
R08353,0,train
R08354,0,test
R08355,0,val
R08356,0,train
R08357,0,test
R08358,0,train
R08359,0,train
R08360,0,train
R08361,0,train
R08362,1,val
R08363,0,train
R08364,0,val
R08365,0,val
R08366,0,val
R08367,0,train
R08368,0,val
R08369,0,train
R08370,0,train
R08371,0,train
R08372,0,test
R08373,0,train
R08374,0,train
R08375,0,train
R08376,0,train
R08377,0,train
R08378,0,train
R08379,0,train
R08380,0,train
R08381,0,train
R08382,1,val
R08383,0,train
R08384,0,train
R08385,0,train
R08386,0,test
R08387,0,test
R08388,0,train
R08389,0,train
R08390,0,train
R08391,0,train
R08392,0,train
R08393,0,train
R08394,0,train
R08395,0,train
R08396,0,test
R08397,0,val
R08398,0,train
R08399,0,val
R08400,0,test
R08401,0,train
R08402,0,train
R08403,0,train
R08404,0,test
R08405,0,train
R08406,0,test
R08407,0,train
R08408,0,val
R08409,0,train
R08410,0,train
R08411,0,train
R08412,0,train
R08413,0,test
R08414,0,train
R08415,0,train
R08416,0,train
R08417,0,train
R08418,0,train
R08419,0,train
R08420,0,train
R08421,0,train
R08422,0,train
R08423,0,test
R08424,0,train
R08425,0,train
R08426,0,val
R08427,0,train
R08428,0,train
R08429,0,train
R08430,0,test
R08431,0,train
R08432,0,test
R08433,0,train
R08434,0,train
R08435,0,train
R08436,1,train
R08437,0,train
R08438,0,train
R08439,0,test
R08440,0,train
R08441,0,train
R08442,0,train
R08443,1,train
R08444,1,train
R08445,0,train
R08446,0,test
R08447,0,train
R08448,0,train
R08449,0,test
R08450,0,train
R08451,0,train
R08452,0,train
R08453,1,train
R08454,1,train
R08455,0,train
R08456,1,train
R08457,0,train
R08458,0,test
R08459,0,test
R08460,0,train
R08461,0,train
R08462,0,test
R08463,0,val
R08464,0,test
R08465,0,train
R08466,0,train
R08467,0,train
R08468,0,train
R08469,0,train
R08470,0,test
R08471,0,train
R08472,0,test
R08473,0,train
R08474,0,train
R08475,0,train
R08476,0,train
R08477,0,test
R08478,0,test
R08479,0,train
R08480,0,train
R08481,0,train
R08482,0,test
R08483,0,train
R08484,0,train
R08485,0,train
R08486,0,test
R08487,0,val
R08488,0,train
R08489,0,train
R08490,0,train
R08491,0,val
R08492,0,train
R08493,0,train
R08494,1,val
R08495,0,train
R08496,0,test
R08497,0,test
R08498,0,val
R08499,0,test
R08500,0,train
R08501,0,train
R08502,0,train
R08503,0,val
R08504,0,train
R08505,0,test
R08506,0,test
R08507,0,train
R08508,0,val
R08509,0,train
R08510,0,train
R08511,0,val
R08512,0,train
R08513,0,train
R08514,0,train
R08515,0,train
R08516,0,train
R08517,0,train
R08518,0,train
R08519,0,train
R08520,0,test
R08521,0,train
R08522,0,train
R08523,0,val
R08524,0,val
R08525,0,test
R08526,0,val
R08527,0,train
R08528,0,train
R08529,0,train
R08530,0,train
R08531,1,train
R08532,0,train
R08533,0,train
R08534,0,train
R08535,0,train
R08536,0,train
R08537,0,train
R08538,0,val
R08539,1,test
R08540,0,train
R08541,0,val
R08542,0,test
R08543,0,train
R08544,0,test
R08545,0,train
R08546,0,val
R08547,0,train
R08548,0,train
R08549,0,val
R08550,0,train
R08551,0,test
R08552,0,train
R08553,0,test
R08554,1,train
R08555,0,train
R08556,0,train
R08557,0,test
R08558,0,val
R08559,1,train
R08560,1,train
R08561,0,train
R08562,0,train
R08563,0,test
R08564,0,train
R08565,0,train
R08566,0,train
R08567,0,train
R08568,0,train
R08569,0,train
R08570,0,train
R08571,1,train
R08572,0,train
R08573,0,train
R08574,0,train
R08575,0,train
R08576,0,train
R08577,0,test
R08578,0,train
R08579,0,train
R08580,0,train
R08581,0,train
R08582,0,test
R08583,0,train
R08584,0,train
R08585,0,train
R08586,0,test
R08587,0,train
R08588,0,train
R08589,1,train
R08590,0,train
R08591,0,train
R08592,1,train
R08593,0,test
R08594,0,train
R08595,0,train
R08596,0,train
R08597,0,val
R08598,0,train
R08599,0,train
R08600,0,train
R08601,0,train
R08602,0,train
R08603,0,train
R08604,1,train
R08605,0,train
R08606,0,train
R08607,0,train
R08608,0,train
R08609,0,val
R08610,0,train
R08611,0,train
R08612,0,test
R08613,0,test
R08614,0,test
R08615,0,val
R08616,0,train
R08617,0,train
R08618,0,train
R08619,1,train
R08620,0,train
R08621,0,train
R08622,0,train
R08623,0,train
R08624,0,train
R08625,0,val
R08626,0,train
R08627,0,test
R08628,0,train
R08629,0,val
R08630,0,val
R08631,0,train
R08632,0,train
R08633,0,train
R08634,0,train
R08635,0,test
R08636,0,test
R08637,0,train
R08638,0,val
R08639,0,train
R08640,0,train
R08641,0,val
R08642,0,test
R08643,0,test
R08644,0,train
R08645,1,train
R08646,0,train
R08647,0,train
R08648,0,train
R08649,0,train
R08650,0,train
R08651,1,train
R08652,0,train
R08653,0,train
R08654,0,train
R08655,0,val
R08656,0,val
R08657,0,train
R08658,0,train
R08659,0,train
R08660,0,train
R08661,0,train
R08662,0,val
R08663,0,val
R08664,0,train
R08665,0,train
R08666,0,train
R08667,0,train
R08668,0,train
R08669,0,train
R08670,0,val
R08671,1,train
R08672,0,train
R08673,0,train
R08674,0,train
R08675,0,val
R08676,0,test
R08677,0,train
R08678,0,train
R08679,0,train
R08680,0,train
R08681,0,train
R08682,0,train
R08683,0,train
R08684,0,test
R08685,1,train
R08686,0,val
R08687,0,train
R08688,0,train
R08689,0,train
R08690,0,train
R08691,0,train
R08692,0,test
R08693,1,test
R08694,0,train
R08695,0,train
R08696,0,train
R08697,0,train
R08698,0,train
R08699,0,train
R08700,0,train
R08701,0,test
R08702,0,train
R08703,0,train
R08704,0,train
R08705,0,train
R08706,0,train
R08707,1,train
R08708,0,train
R08709,0,train
R08710,0,train
R08711,0,train
R08712,0,train
R08713,0,train
R08714,0,train
R08715,0,train
R08716,0,train
R08717,0,train
R08718,0,train
R08719,0,test
R08720,0,train
R08721,0,train
R08722,0,val
R08723,0,train
R08724,0,test
R08725,0,test
R08726,0,train
R08727,0,train
R08728,0,train
R08729,0,train
R08730,0,val
R08731,0,train
R08732,0,val
R08733,0,train
R08734,0,train
R08735,0,train
R08736,0,val
R08737,0,train
R08738,0,train
R08739,0,val
R08740,0,test
R08741,0,val
R08742,0,train
R08743,0,train
R08744,0,train
R08745,1,test
R08746,0,train
R08747,0,train
R08748,0,train
R08749,0,val
R08750,0,test
R08751,1,train
R08752,0,train
R08753,0,train
R08754,0,test
R08755,0,train
R08756,1,val
R08757,0,train
R08758,0,train
R08759,0,train
R08760,0,train
R08761,0,train
R08762,0,val
R08763,0,train
R08764,0,test
R08765,0,train
R08766,0,val
R08767,0,train
R08768,0,train
R08769,0,train
R08770,0,train
R08771,0,train
R08772,0,train
R08773,0,test
R08774,0,train
R08775,0,val
R08776,0,train
R08777,0,test
R08778,0,train
R08779,0,test
R08780,0,train
R08781,0,test
R08782,0,train
R08783,0,train
R08784,0,train
R08785,0,val
R08786,0,train
R08787,0,test
R08788,0,train
R08789,0,train
R08790,0,train
R08791,0,test
R08792,0,train
R08793,0,val
R08794,0,train
R08795,0,val
R08796,0,train
R08797,0,test
R08798,0,train
R08799,0,train
R08800,0,train
R08801,0,train
R08802,0,train
R08803,1,train
R08804,0,val
R08805,0,train
R08806,0,train
R08807,0,train
R08808,0,train
R08809,0,train
R08810,0,test
R08811,0,val
R08812,0,test
R08813,1,train
R08814,0,train
R08815,0,train
R08816,0,train
R08817,0,val
R08818,0,val
R08819,0,train
R08820,0,train
R08821,0,train
R08822,1,train
R08823,0,test
R08824,0,train
R08825,0,train
R08826,0,train
R08827,0,test
R08828,0,train
R08829,0,train
R08830,0,train
R08831,0,train
R08832,0,train
R08833,0,test
R08834,0,train
R08835,0,val
R08836,0,train
R08837,0,train
R08838,0,train
R08839,0,val
R08840,0,val
R08841,0,train
R08842,1,train
R08843,0,train
R08844,0,train
R08845,0,test
R08846,0,train
R08847,0,train
R08848,0,train
R08849,0,train
R08850,0,val
R08851,0,train
R08852,0,train
R08853,0,val
R08854,0,test
R08855,0,train
R08856,0,train
R08857,0,train
R08858,0,test
R08859,0,val
R08860,0,val
R08861,0,test
R08862,0,val
R08863,0,train
R08864,0,val
R08865,0,val
R08866,0,train
R08867,0,train
R08868,0,train
R08869,1,train
R08870,0,train
R08871,0,train
R08872,0,train
R08873,0,train
R08874,0,train
R08875,0,train
R08876,0,train
R08877,0,train
R08878,0,train
R08879,0,test
R08880,0,train
R08881,0,train
R08882,0,train
R08883,0,train
R08884,0,test
R08885,0,val
R08886,0,train
R08887,0,train
R08888,0,train
R08889,0,train
R08890,1,train
R08891,0,test
R08892,0,train
R08893,0,val
R08894,0,train
R08895,1,val
R08896,0,val
R08897,0,train
R08898,1,test
R08899,0,train
R08900,1,test
R08901,0,train
R08902,1,test
R08903,0,train
R08904,0,test
R08905,0,train
R08906,0,train
R08907,0,train
R08908,0,train
R08909,1,train
R08910,0,train
R08911,0,train
R08912,0,test
R08913,0,train
R08914,1,train
R08915,0,test
R08916,0,train
R08917,0,train
R08918,0,train
R08919,0,test
R08920,0,train
R08921,0,train
R08922,1,test
R08923,0,train
R08924,0,test
R08925,0,train
R08926,0,train
R08927,0,train
R08928,0,train
R08929,0,train
R08930,1,test
R08931,0,val
R08932,0,train
R08933,0,train
R08934,0,train
R08935,0,train
R08936,0,train
R08937,0,train
R08938,0,train
R08939,0,train
R08940,0,val
R08941,0,train
R08942,0,train
R08943,0,test
R08944,0,train
R08945,0,train
R08946,0,train
R08947,1,train
R08948,0,train
R08949,0,train
R08950,0,val
R08951,0,val
R08952,0,train
R08953,0,test
R08954,0,train
R08955,0,val
R08956,1,test
R08957,0,train
R08958,0,train
R08959,0,train
R08960,0,train
R08961,0,train
R08962,0,train
R08963,0,train
R08964,0,train
R08965,0,train
R08966,0,train
R08967,0,train
R08968,0,train
R08969,0,train
R08970,0,train
R08971,0,val
R08972,0,train
R08973,0,train
R08974,0,train
R08975,0,train
R08976,0,train
R08977,0,test
R08978,0,train
R08979,0,train
R08980,0,val
R08981,0,val
R08982,0,test
R08983,0,train
R08984,0,train
R08985,0,val
R08986,0,val
R08987,0,train
R08988,0,test
R08989,0,train
R08990,0,val
R08991,0,val
R08992,0,train
R08993,0,test
R08994,0,test
R08995,0,train
R08996,0,train
R08997,0,val
R08998,0,train
R08999,0,test
R09000,0,train
R09001,0,train
R09002,0,train
R09003,0,train
R09004,0,test
R09005,0,train
R09006,0,test
R09007,0,train
R09008,0,train
R09009,0,train
R09010,0,train
R09011,0,train
R09012,0,train
R09013,0,train
R09014,0,train
R09015,0,train
R09016,0,train
R09017,0,train
R09018,0,train
R09019,0,train
R09020,0,train
R09021,0,train
R09022,0,train
R09023,0,train
R09024,0,train
R09025,0,train
R09026,0,train
R09027,0,train
R09028,0,train
R09029,0,train
R09030,0,train
R09031,0,val
R09032,0,train
R09033,0,val
R09034,0,train
R09035,0,train
R09036,0,train
R09037,0,test
R09038,0,test
R09039,0,test
R09040,0,train
R09041,0,val
R09042,1,train
R09043,0,train
R09044,0,train
R09045,0,val
R09046,0,val
R09047,0,train
R09048,0,train
R09049,0,train
R09050,1,train
R09051,0,test
R09052,0,train
R09053,0,train
R09054,0,test
R09055,0,train
R09056,0,test
R09057,0,train
R09058,0,train
R09059,0,test
R09060,0,val
R09061,0,train
R09062,0,test
R09063,0,train
R09064,0,train
R09065,0,test
R09066,0,train
R09067,0,train
R09068,0,test
R09069,0,val
R09070,0,train
R09071,0,train
R09072,0,train
R09073,0,train
R09074,0,train
R09075,1,train
R09076,0,train
R09077,0,train
R09078,0,train
R09079,0,train
R09080,0,train
R09081,1,train
R09082,0,train
R09083,0,train
R09084,0,train
R09085,0,train
R09086,0,train
R09087,1,train
R09088,0,test
R09089,0,train
R09090,0,test
R09091,0,train
R09092,0,train
R09093,0,train
R09094,0,train
R09095,0,train
R09096,0,train
R09097,0,test
R09098,0,train
R09099,0,train
R09100,0,train
R09101,0,train
R09102,0,train
R09103,0,train
R09104,0,val
R09105,0,train
R09106,1,val
R09107,0,train
R09108,0,train
R09109,0,test
R09110,0,test
R09111,0,train
R09112,0,train
R09113,0,test
R09114,0,val
R09115,0,train
R09116,0,val
R09117,0,train
R09118,0,train
R09119,0,train
R09120,1,train
R09121,0,test
R09122,0,train
R09123,0,train
R09124,0,train
R09125,0,train
R09126,0,train
R09127,0,val
R09128,0,train
R09129,0,test
R09130,0,train
R09131,0,train
R09132,0,train
R09133,0,test
R09134,0,train
R09135,0,train
R09136,0,val
R09137,0,train
R09138,0,train
R09139,0,train
R09140,0,val
R09141,0,train
R09142,0,train
R09143,0,test
R09144,0,test
R09145,0,val
R09146,1,train
R09147,0,train
R09148,0,train
R09149,0,train
R09150,0,train
R09151,0,train
R09152,0,test
R09153,0,train
R09154,0,train
R09155,0,train
R09156,0,train
R09157,0,train
R09158,0,train
R09159,0,train
R09160,0,train
R09161,0,train
R09162,0,train
R09163,0,train
R09164,0,train
R09165,0,train
R09166,0,train
R09167,0,train
R09168,0,val
R09169,0,train
R09170,0,train
R09171,0,val
R09172,0,train
R09173,0,train
R09174,0,train
R09175,0,val
R09176,0,train
R09177,0,train
R09178,0,val
R09179,0,train
R09180,0,train
R09181,0,val
R09182,0,train
R09183,0,train
R09184,0,train
R09185,0,val
R09186,0,train
R09187,0,train
R09188,1,test
R09189,0,train
R09190,0,train
R09191,0,train
R09192,0,val
R09193,0,train
R09194,0,train
R09195,0,train
R09196,0,train
R09197,0,val
R09198,0,train
R09199,0,test
R09200,1,train
R09201,0,train
R09202,0,train
R09203,0,train
R09204,0,val
R09205,0,train
R09206,0,train
R09207,0,train
R09208,0,train
R09209,0,train
R09210,0,train
R09211,0,train
R09212,0,test
R09213,0,train
R09214,0,train
R09215,0,train
R09216,0,train
R09217,0,train
R09218,0,train
R09219,0,val
R09220,0,train
R09221,0,val
R09222,0,train
R09223,0,test
R09224,0,train
R09225,0,train
R09226,0,val
R09227,0,test
R09228,0,val
R09229,0,train
R09230,0,test
R09231,0,train
R09232,0,train
R09233,0,train
R09234,0,train
R09235,0,val
R09236,1,train
R09237,0,val
R09238,0,train
R09239,0,train
R09240,0,train
R09241,0,test
R09242,0,test
R09243,0,train
R09244,0,train
R09245,1,train
R09246,0,train
R09247,0,train
R09248,0,train
R09249,0,test
R09250,0,val
R09251,0,train
R09252,0,train
R09253,0,train
R09254,0,val
R09255,0,train
R09256,0,train
R09257,0,train
R09258,0,train
R09259,0,test
R09260,0,train
R09261,0,train
R09262,0,train
R09263,0,train
R09264,0,test
R09265,0,val
R09266,0,test
R09267,0,val
R09268,0,train
R09269,1,val
R09270,0,train
R09271,0,train
R09272,0,train
R09273,0,train
R09274,0,train
R09275,0,val
R09276,0,val
R09277,0,train
R09278,0,train
R09279,0,train
R09280,0,test
R09281,0,train
R09282,0,val
R09283,0,train
R09284,0,train
R09285,1,train
R09286,0,train
R09287,0,train
R09288,1,test
R09289,1,test
R09290,0,train
R09291,0,train
R09292,0,test
R09293,0,train
R09294,0,val
R09295,0,train
R09296,0,train
R09297,1,train
R09298,0,train
R09299,1,val
R09300,0,train
R09301,0,train
R09302,0,train
R09303,0,train
R09304,0,val
R09305,0,train
R09306,0,train
R09307,0,train
R09308,1,test
R09309,0,train
R09310,0,train
R09311,0,train
R09312,0,train
R09313,0,train
R09314,0,train
R09315,0,train
R09316,1,train
R09317,0,train
R09318,0,train
R09319,0,train
R09320,0,test
R09321,1,val
R09322,0,train
R09323,0,train
R09324,0,train
R09325,0,train
R09326,0,val
R09327,0,train
R09328,0,train
R09329,0,train
R09330,0,train
R09331,0,test
R09332,0,train
R09333,0,train
R09334,0,train
R09335,0,train
R09336,0,test
R09337,0,train
R09338,0,train
R09339,0,test
R09340,0,test
R09341,0,train
R09342,0,train
R09343,0,train
R09344,0,train
R09345,0,train
R09346,0,train
R09347,0,train
R09348,0,train
R09349,0,train
R09350,0,train
R09351,0,train
R09352,0,test
R09353,0,train
R09354,0,train
R09355,0,train
R09356,0,test
R09357,0,test
R09358,0,train
R09359,0,train
R09360,0,train
R09361,0,train
R09362,0,train
R09363,0,val
R09364,0,train
R09365,0,train
R09366,1,train
R09367,0,train
R09368,0,train
R09369,0,train
R09370,0,train
R09371,0,test
R09372,0,train
R09373,0,train
R09374,0,train
R09375,0,train
R09376,0,train
R09377,0,val
R09378,0,test
R09379,0,train
R09380,0,train
R09381,0,train
R09382,0,train
R09383,0,train
R09384,0,train
R09385,0,val
R09386,0,test
R09387,0,train
R09388,0,train
R09389,0,val
R09390,1,train
R09391,0,train
R09392,0,test
R09393,0,train
R09394,0,train
R09395,0,val
R09396,0,train
R09397,0,val
R09398,1,train
R09399,0,val
R09400,1,test
R09401,0,train
R09402,0,test
R09403,0,train
R09404,0,val
R09405,0,train
R09406,0,train
R09407,0,train
R09408,0,train
R09409,0,val
R09410,0,val
R09411,0,train
R09412,0,test
R09413,0,train
R09414,0,test
R09415,0,train
R09416,0,test
R09417,0,train
R09418,0,train
R09419,0,train
R09420,0,train
R09421,0,train
R09422,0,train
R09423,0,val
R09424,0,val
R09425,1,train
R09426,0,train
R09427,0,val
R09428,0,val
R09429,0,train
R09430,0,train
R09431,1,test
R09432,0,train
R09433,0,train
R09434,0,train
R09435,0,test
R09436,0,train
R09437,1,train
R09438,0,test
R09439,0,train
R09440,0,train
R09441,0,train
R09442,0,train
R09443,0,train
R09444,0,train
R09445,0,train
R09446,0,train
R09447,0,test
R09448,1,val
R09449,0,val
R09450,0,train
R09451,0,train
R09452,0,train
R09453,0,test
R09454,0,train
R09455,0,val
R09456,0,val
R09457,0,test
R09458,0,train
R09459,0,train
R09460,0,test
R09461,0,train
R09462,0,train
R09463,0,train
R09464,0,val
R09465,0,val
R09466,0,test
R09467,0,train
R09468,0,test
R09469,0,train
R09470,0,train
R09471,1,val
R09472,0,train
R09473,0,train
R09474,0,val
R09475,0,train
R09476,0,train
R09477,0,train
R09478,0,train
R09479,1,train
R09480,0,train
R09481,0,train
R09482,0,train
R09483,0,train
R09484,0,test
R09485,1,train
R09486,0,val
R09487,0,val
R09488,0,train
R09489,0,train
R09490,0,train
R09491,0,train
R09492,0,test
R09493,0,train
R09494,0,train
R09495,0,test
R09496,0,test
R09497,1,train
R09498,0,train
R09499,0,train
R09500,0,train
R09501,0,test
R09502,0,val
R09503,0,train
R09504,0,train
R09505,0,test
R09506,0,train
R09507,0,train
R09508,0,val
R09509,0,train
R09510,0,train
R09511,0,train
R09512,0,train
R09513,0,train
R09514,0,train
R09515,0,test
R09516,0,val
R09517,0,train
R09518,0,val
R09519,0,train
R09520,0,train
R09521,0,test
R09522,0,train
R09523,0,train
R09524,0,train
R09525,0,train
R09526,0,train
R09527,0,train
R09528,0,train
R09529,0,train
R09530,0,train
R09531,0,train
R09532,0,val
R09533,0,train
R09534,0,train
R09535,0,test
R09536,0,train
R09537,0,train
R09538,0,train
R09539,0,train
R09540,0,train
R09541,0,val
R09542,0,train
R09543,0,train
R09544,0,train
R09545,0,test
R09546,0,train
R09547,0,train
R09548,1,train
R09549,0,test
R09550,0,train
R09551,0,test
R09552,0,train
R09553,0,train
R09554,0,train
R09555,0,train
R09556,0,train
R09557,0,test
R09558,0,train
R09559,0,val
R09560,0,train
R09561,0,test
R09562,0,val
R09563,0,test
R09564,0,train
R09565,0,train
R09566,0,val
R09567,0,val
R09568,0,test
R09569,0,train
R09570,0,train
R09571,0,train
R09572,0,train
R09573,0,train
R09574,0,test
R09575,0,train
R09576,0,train
R09577,0,train
R09578,1,test
R09579,0,val
R09580,0,train
R09581,1,val
R09582,0,train
R09583,0,train
R09584,0,val
R09585,0,train
R09586,0,train
R09587,0,train
R09588,0,test
R09589,0,train
R09590,0,train
R09591,0,train
R09592,0,train
R09593,0,val
R09594,0,train
R09595,0,train
R09596,0,train
R09597,1,train
R09598,0,train
R09599,0,test
R09600,0,val
R09601,0,val
R09602,0,test
R09603,0,train
R09604,0,train
R09605,0,train
R09606,0,train
R09607,0,train
R09608,0,train
R09609,0,train
R09610,0,val
R09611,0,val
R09612,0,test
R09613,0,train
R09614,0,train
R09615,0,train
R09616,0,train
R09617,0,train
R09618,0,val
R09619,0,test
R09620,0,train
R09621,0,train
R09622,0,train
R09623,1,train
R09624,0,train
R09625,0,train
R09626,0,train
R09627,0,test
R09628,0,train
R09629,0,train
R09630,0,train
R09631,0,train
R09632,0,train
R09633,0,train
R09634,0,train
R09635,0,train
R09636,0,val
R09637,0,train
R09638,0,train
R09639,0,train
R09640,0,train
R09641,0,val
R09642,0,train
R09643,0,val
R09644,0,train
R09645,0,train
R09646,0,train
R09647,0,train
R09648,0,train
R09649,0,val
R09650,0,val
R09651,0,test
R09652,0,train
R09653,0,train
R09654,0,train
R09655,0,val
R09656,0,train
R09657,0,train
R09658,0,train
R09659,0,train
R09660,0,train
R09661,0,train
R09662,0,train
R09663,0,test
R09664,0,train
R09665,0,train
R09666,0,train
R09667,0,train
R09668,0,train
R09669,0,val
R09670,0,train
R09671,0,train
R09672,0,train
R09673,0,test
R09674,0,val
R09675,0,train
R09676,0,train
R09677,0,train
R09678,0,train
R09679,0,train
R09680,0,val
R09681,0,train
R09682,0,train
R09683,0,val
R09684,0,train
R09685,0,train
R09686,0,test
R09687,0,train
R09688,0,test
R09689,0,train
R09690,0,train
R09691,0,train
R09692,0,train
R09693,0,train
R09694,0,val
R09695,0,train
R09696,0,train
R09697,0,train
R09698,0,test
R09699,0,test
R09700,0,train
R09701,0,val
R09702,0,train
R09703,1,val
R09704,0,train
R09705,0,train
R09706,0,train
R09707,0,train
R09708,0,train
R09709,0,train
R09710,0,train
R09711,0,val
R09712,0,train
R09713,1,train
R09714,0,test
R09715,0,train
R09716,0,train
R09717,0,train
R09718,1,val
R09719,0,train
R09720,0,train
R09721,0,test
R09722,0,train
R09723,0,train
R09724,0,train
R09725,0,train
R09726,0,train
R09727,0,train
R09728,0,train
R09729,0,train
R09730,0,train
R09731,0,train
R09732,0,train
R09733,0,train
R09734,0,train
R09735,0,train
R09736,0,train
R09737,0,test
R09738,0,train
R09739,0,test
R09740,0,train
R09741,0,train
R09742,0,train
R09743,0,train
R09744,0,train
R09745,0,test
R09746,0,train
R09747,0,train
R09748,0,train
R09749,0,test
R09750,0,train
R09751,0,train
R09752,0,train
R09753,0,train
R09754,0,train
R09755,0,val
R09756,1,train
R09757,0,test
R09758,0,train
R09759,0,train
R09760,0,val
R09761,0,train
R09762,0,val
R09763,0,train
R09764,1,train
R09765,0,train
R09766,0,train
R09767,0,train
R09768,0,train
R09769,0,train
R09770,0,val
R09771,0,val
R09772,0,val
R09773,0,val
R09774,0,test
R09775,0,test
R09776,0,train
R09777,0,val
R09778,0,val
R09779,0,train
R09780,0,test
R09781,0,train
R09782,0,train
R09783,0,train
R09784,0,train
R09785,0,test
R09786,0,val
R09787,0,val
R09788,0,val
R09789,0,train
R09790,0,train
R09791,0,train
R09792,0,train
R09793,0,train
R09794,0,train
R09795,0,train
R09796,0,train
R09797,0,test
R09798,0,train
R09799,0,train
R09800,0,test
R09801,0,test
R09802,0,train
R09803,0,train
R09804,0,train
R09805,0,test
R09806,0,val
R09807,0,train
R09808,0,val
R09809,0,train
R09810,1,test
R09811,0,train
R09812,0,train
R09813,0,train
R09814,0,test
R09815,0,train
R09816,0,train
R09817,0,train
R09818,1,train
R09819,0,test
R09820,0,train
R09821,0,val
